{"type":"FeatureCollection","features":[{"type":"Feature","properties":{"departamento": "Loncopué", "provincia": "Neuquén", "hechos": 45, "nivel": "bajo"},"geometry":{"type":"Polygon","coordinates":[[[-70.03681,-37.64985],[-69.91019,-37.66699],[-69.88516,-37.69217],[-69.88585,-37.71470],[-69.86622,-37.72128],[-69.87566,-37.75334],[-69.86277,-37.75309],[-69.87138,-37.76663],[-69.85345,-37.77920],[-69.86130,-37.79760],[-69.85065,-37.80245],[-69.86179,-37.81673],[-69.84376,-37.83075],[-69.87270,-37.82590],[-69.88846,-37.84248],[-69.86457,-37.85117],[-69.85144,-37.87287],[-69.85269,-37.91383],[-69.82866,-37.92863],[-69.83916,-37.94840],[-69.81719,-37.94324],[-69.79473,-37.97067],[-69.82149,-37.99190],[-69.80610,-37.99939],[-69.81409,-38.02108],[-69.80293,-38.03514],[-69.82515,-38.02301],[-69.84034,-38.03470],[-69.82363,-38.04347],[-69.82113,-38.06102],[-69.80133,-38.06361],[-69.81466,-38.08823],[-69.77731,-38.10511],[-69.78597,-38.12168],[-69.76465,-38.12316],[-69.76106,-38.16639],[-69.74281,-38.16348],[-69.73316,-38.18056],[-69.75785,-38.19271],[-69.73774,-38.21001],[-69.73416,-38.24187],[-69.71721,-38.24327],[-69.73244,-38.27598],[-69.72087,-38.29651],[-69.74184,-38.30045],[-69.71611,-38.33061],[-69.69567,-38.32577],[-69.70938,-38.35014],[-69.70527,-38.37070],[-69.75722,-38.32869],[-69.76261,-38.33776],[-69.80491,-38.31737],[-69.88376,-38.30620],[-69.90180,-38.32178],[-70.58935,-38.31213],[-70.61355,-38.26708],[-70.64744,-38.26897],[-70.70931,-38.30925],[-70.76814,-38.32939],[-70.81781,-38.32353],[-70.84435,-38.29585],[-70.92746,-38.26091],[-71.01725,-38.11336],[-70.98298,-38.10535],[-70.98927,-38.08656],[-71.05545,-38.04359],[-71.05078,-38.02862],[-71.06357,-38.01720],[-71.05118,-37.99255],[-71.06765,-37.98946],[-71.06260,-37.97021],[-71.11412,-37.95162],[-71.10396,-37.91748],[-71.02388,-37.95834],[-70.79830,-37.94493],[-70.68229,-37.96072],[-70.60260,-38.00452],[-70.03210,-37.63419],[-70.03681,-37.64985]]]}},{"type":"Feature","properties":{"departamento": "Ñorquín", "provincia": "Neuquén", "hechos": 46, "nivel": "bajo"},"geometry":{"type":"Polygon","coordinates":[[[-71.15473,-37.24640],[-71.16581,-37.30283],[-71.14491,-37.33619],[-71.09378,-37.36684],[-70.97898,-37.36602],[-70.88131,-37.34214],[-70.79521,-37.35043],[-70.72609,-37.33147],[-70.71260,-37.34492],[-70.70110,-37.33546],[-70.64295,-37.34940],[-70.61799,-37.36004],[-70.61173,-37.37964],[-70.59234,-37.36953],[-70.58573,-37.38291],[-70.57873,-37.37258],[-70.56088,-37.37712],[-70.55775,-37.36492],[-70.53558,-37.37972],[-70.52876,-37.36513],[-70.45922,-37.36529],[-70.44863,-37.34428],[-70.41147,-37.38627],[-70.36709,-37.36392],[-70.31077,-37.37130],[-70.27926,-37.39670],[-70.22457,-37.40902],[-70.17191,-37.47658],[-70.09478,-37.50156],[-70.08563,-37.53119],[-70.04556,-37.55840],[-70.03210,-37.63419],[-70.60260,-38.00452],[-70.68229,-37.96072],[-70.79830,-37.94493],[-71.02388,-37.95834],[-71.11181,-37.91904],[-71.09866,-37.90161],[-71.13536,-37.86215],[-71.18322,-37.85719],[-71.12644,-37.82073],[-71.16985,-37.78536],[-71.15637,-37.75689],[-71.21111,-37.69746],[-71.19973,-37.66386],[-71.20631,-37.64768],[-71.17776,-37.61420],[-71.14766,-37.60891],[-71.12799,-37.58756],[-71.13254,-37.55306],[-71.15153,-37.53929],[-71.13307,-37.52945],[-71.11818,-37.46895],[-71.14250,-37.44017],[-71.15357,-37.40067],[-71.19733,-37.38386],[-71.20167,-37.36513],[-71.18568,-37.35477],[-71.20778,-37.33830],[-71.22104,-37.27511],[-71.18799,-37.27591],[-71.18336,-37.25884],[-71.15473,-37.24640]]]}},{"type":"Feature","properties":{"departamento": "Vinchina", "provincia": "La Rioja", "hechos": 6, "nivel": "bajo"},"geometry":{"type":"Polygon","coordinates":[[[-68.53915,-27.78538],[-68.51099,-27.84699],[-68.46345,-27.85597],[-68.44028,-27.87366],[-68.46122,-28.00286],[-68.44242,-28.02428],[-68.39662,-28.00417],[-68.35168,-28.01721],[-68.33582,-28.03760],[-68.28619,-28.02649],[-68.29541,-28.06860],[-68.27471,-28.09506],[-68.24615,-28.07115],[-68.23414,-28.08233],[-68.18310,-28.08602],[-68.16442,-28.11076],[-68.14122,-28.10184],[-68.10731,-28.17346],[-68.07150,-28.16252],[-68.05377,-28.13979],[-68.02462,-28.13932],[-68.02236,-28.12468],[-67.95050,-28.10898],[-67.91437,-28.11370],[-67.92244,-28.17122],[-67.93244,-28.17478],[-67.91362,-28.18310],[-67.89419,-28.25913],[-67.87118,-28.27225],[-67.86102,-28.29535],[-67.87631,-28.36477],[-67.82976,-28.53550],[-67.87713,-28.76106],[-67.82471,-28.88128],[-67.83548,-29.00802],[-68.01266,-28.90265],[-68.21880,-28.86913],[-69.46219,-28.19286],[-69.45201,-28.18418],[-69.39138,-28.22644],[-69.38178,-28.18179],[-69.33627,-28.16407],[-69.30739,-28.12885],[-69.30136,-28.07132],[-69.26312,-28.04673],[-69.26911,-28.01127],[-69.25131,-28.00449],[-69.23706,-27.96653],[-69.17330,-27.97143],[-69.15557,-27.93196],[-69.12302,-27.90146],[-69.13154,-27.87170],[-69.11032,-27.85224],[-69.09516,-27.79659],[-68.79901,-27.75568],[-68.72360,-27.78905],[-68.73153,-27.80587],[-68.71934,-27.81515],[-68.62580,-27.79192],[-68.58270,-27.81986],[-68.54533,-27.70712],[-68.53292,-27.73355],[-68.53915,-27.78538]]]}},{"type":"Feature","properties":{"departamento": "Tinogasta", "provincia": "Catamarca", "hechos": 246, "nivel": "bajo"},"geometry":{"type":"Polygon","coordinates":[[[-67.28171,-26.70312],[-67.22561,-26.73938],[-67.14920,-26.83730],[-67.17824,-26.87935],[-67.20265,-26.88538],[-67.20554,-26.92071],[-67.23060,-26.92050],[-67.25075,-26.94422],[-67.25063,-26.97562],[-67.27548,-26.99844],[-67.27796,-27.04773],[-67.29495,-27.08291],[-67.28288,-27.14040],[-67.26481,-27.16618],[-67.27540,-27.17284],[-67.26720,-27.23003],[-67.28220,-27.23374],[-67.27429,-27.26100],[-67.28748,-27.26702],[-67.29441,-27.30743],[-67.25851,-27.34953],[-67.30989,-27.37593],[-67.28570,-27.39841],[-67.30400,-27.40142],[-67.30265,-27.42728],[-67.30031,-27.44024],[-67.23998,-27.46734],[-67.31859,-27.57706],[-67.32980,-27.63283],[-67.36048,-27.68495],[-67.33947,-27.68606],[-67.29441,-27.73463],[-67.31777,-27.78048],[-67.34801,-27.79325],[-67.36350,-27.82940],[-67.35443,-27.92248],[-67.32823,-27.91430],[-67.34325,-27.94271],[-67.35120,-28.03481],[-67.32739,-28.05748],[-67.30397,-28.04229],[-67.26474,-28.05533],[-67.23110,-28.03139],[-66.84457,-28.03465],[-67.02617,-28.25886],[-67.07466,-28.27019],[-67.15544,-28.38441],[-67.37531,-28.38453],[-67.69146,-28.31183],[-67.76040,-28.32936],[-67.75683,-28.35415],[-67.79995,-28.34555],[-67.81321,-28.37168],[-67.84631,-28.37435],[-67.84157,-28.31653],[-67.87255,-28.28738],[-67.87118,-28.27225],[-67.89353,-28.26041],[-67.90598,-28.22942],[-67.89905,-28.21058],[-67.91210,-28.20851],[-67.91955,-28.17473],[-67.93244,-28.17478],[-67.92244,-28.17122],[-67.91437,-28.11370],[-67.95050,-28.10898],[-68.02236,-28.12468],[-68.02462,-28.13932],[-68.05377,-28.13979],[-68.07150,-28.16252],[-68.10731,-28.17346],[-68.14122,-28.10184],[-68.16442,-28.11076],[-68.18310,-28.08602],[-68.23414,-28.08233],[-68.24615,-28.07115],[-68.27471,-28.09506],[-68.29541,-28.06860],[-68.28619,-28.02649],[-68.33582,-28.03760],[-68.35168,-28.01721],[-68.39662,-28.00417],[-68.44000,-28.02539],[-68.45670,-28.01559],[-68.44028,-27.87366],[-68.51408,-27.84256],[-68.53915,-27.78538],[-68.53292,-27.73355],[-68.54533,-27.70712],[-68.58270,-27.81986],[-68.62580,-27.79192],[-68.71934,-27.81515],[-68.73153,-27.80587],[-68.72360,-27.78905],[-68.79901,-27.75568],[-69.09516,-27.79659],[-69.08982,-27.72180],[-69.04437,-27.69740],[-69.04324,-27.67876],[-69.06012,-27.66318],[-69.05427,-27.61925],[-69.03924,-27.59457],[-68.97524,-27.55970],[-68.98772,-27.52411],[-68.94816,-27.52862],[-68.94153,-27.51890],[-68.96055,-27.47108],[-68.98854,-27.45331],[-68.98091,-27.43213],[-68.93535,-27.44484],[-68.93045,-27.40939],[-68.88752,-27.39831],[-68.89319,-27.35834],[-68.87042,-27.31753],[-68.80877,-27.30134],[-68.86847,-27.26235],[-68.84414,-27.16095],[-68.82426,-27.14733],[-68.80694,-27.15283],[-68.77790,-27.09882],[-68.75143,-27.11219],[-68.67042,-27.09855],[-68.63133,-27.16313],[-68.61527,-27.17114],[-68.60055,-27.15885],[-68.57540,-27.17699],[-68.55394,-27.13440],[-68.55683,-27.11465],[-68.53982,-27.10958],[-68.49408,-27.13625],[-68.48149,-27.12841],[-68.47245,-27.11090],[-68.48393,-27.05768],[-68.47562,-27.08387],[-68.45064,-27.09502],[-68.42877,-27.06407],[-68.40379,-27.06763],[-68.34705,-27.03305],[-68.29441,-27.03831],[-68.31901,-26.98171],[-68.29408,-26.95953],[-68.28995,-26.92473],[-68.26287,-26.91888],[-68.34720,-26.81444],[-68.31394,-26.82347],[-68.25384,-26.79381],[-68.21396,-26.80884],[-68.19754,-26.84649],[-68.16980,-26.82066],[-68.13955,-26.81795],[-68.12346,-26.77969],[-68.08738,-26.76119],[-68.04059,-26.75662],[-67.95803,-26.78799],[-67.91731,-26.78510],[-67.86685,-26.80447],[-67.84948,-26.79601],[-67.85468,-26.76911],[-67.82804,-26.77266],[-67.81698,-26.75994],[-67.79125,-26.77460],[-67.78550,-26.79937],[-67.76947,-26.80906],[-67.71991,-26.77522],[-67.67038,-26.80405],[-67.61385,-26.78708],[-67.59465,-26.81846],[-67.54573,-26.83472],[-67.53272,-26.88792],[-67.54190,-26.92968],[-67.52401,-26.92142],[-67.50721,-26.87635],[-67.48775,-26.86219],[-67.48937,-26.81871],[-67.46439,-26.78362],[-67.40163,-26.74651],[-67.34134,-26.73572],[-67.33271,-26.72037],[-67.28793,-26.71445],[-67.28171,-26.70312]]]}},{"type":"Feature","properties":{"departamento": "O'Higgins", "provincia": "Chaco", "hechos": 169, "nivel": "bajo"},"geometry":{"type":"Polygon","coordinates":[[[-60.51337,-27.00985],[-60.51839,-27.46476],[-60.90928,-27.46003],[-60.90942,-27.39985],[-60.82080,-27.37018],[-60.81988,-27.30990],[-60.90586,-27.25203],[-60.84452,-27.18007],[-60.81797,-27.19818],[-60.81556,-27.05497],[-60.61532,-27.05725],[-60.61483,-26.97410],[-60.51337,-27.00985]]]}},{"type":"Feature","properties":{"departamento": "Tolhuin", "provincia": "Tierra del Fuego", "hechos": 99, "nivel": "bajo"},"geometry":{"type":"Polygon","coordinates":[[[-68.60794,-54.18855],[-66.94906,-54.18855],[-66.89750,-54.21872],[-66.76801,-54.24785],[-66.73480,-54.26059],[-66.74419,-54.26454],[-66.73616,-54.27641],[-66.69287,-54.28226],[-66.70428,-54.28865],[-66.70134,-54.30318],[-66.66340,-54.34195],[-66.55431,-54.40267],[-66.54989,-54.42267],[-66.48006,-54.45085],[-66.49055,-54.46185],[-66.46710,-54.47826],[-66.38502,-54.48684],[-66.36648,-54.50087],[-65.97762,-54.59843],[-67.00258,-54.59843],[-67.00627,-54.74797],[-67.38777,-54.74420],[-67.39245,-54.61981],[-68.36806,-54.61981],[-68.36806,-54.45740],[-68.40247,-54.44531],[-68.44869,-54.45765],[-68.55498,-54.45666],[-68.53110,-54.44029],[-68.54447,-54.42836],[-68.60894,-54.42653],[-68.60794,-54.18855]]]}},{"type":"Feature","properties":{"departamento": "Ushuaia", "provincia": "Tierra del Fuego", "hechos": 594, "nivel": "bajo"},"geometry":{"type":"MultiPolygon","coordinates":[[[[-66.54595,-55.06076],[-66.54668,-55.06143],[-66.54723,-55.06096],[-66.54595,-55.06076]]],[[[-66.30143,-55.01203],[-66.30401,-55.01579],[-66.30624,-55.01097],[-66.30143,-55.01203]]],[[[-65.67086,-54.97918],[-65.67144,-54.97933],[-65.67074,-54.97907],[-65.67086,-54.97918]]],[[[-65.67119,-54.97901],[-65.67155,-54.97888],[-65.67083,-54.97881],[-65.67119,-54.97901]]],[[[-65.66989,-54.97708],[-65.67026,-54.97737],[-65.67095,-54.97737],[-65.66989,-54.97708]]],[[[-65.69430,-54.97704],[-65.69491,-54.97700],[-65.69421,-54.97640],[-65.69430,-54.97704]]],[[[-65.67224,-54.97608],[-65.67199,-54.97718],[-65.67345,-54.97689],[-65.67224,-54.97608]]],[[[-65.67370,-54.97391],[-65.67548,-54.97537],[-65.67610,-54.97479],[-65.67370,-54.97391]]],[[[-65.67371,-54.97371],[-65.67295,-54.97356],[-65.67296,-54.97364],[-65.67371,-54.97371]]],[[[-65.72247,-54.96585],[-65.72127,-54.96641],[-65.72299,-54.96609],[-65.72247,-54.96585]]],[[[-65.72585,-54.96440],[-65.72667,-54.96476],[-65.72587,-54.96397],[-65.72585,-54.96440]]],[[[-67.02219,-54.96279],[-67.02206,-54.96332],[-67.02233,-54.96289],[-67.02219,-54.96279]]],[[[-65.62528,-54.95872],[-65.62543,-54.95920],[-65.62579,-54.95890],[-65.62528,-54.95872]]],[[[-65.61423,-54.95501],[-65.61414,-54.95519],[-65.61482,-54.95499],[-65.61423,-54.95501]]],[[[-67.00626,-54.95451],[-67.00972,-54.95749],[-67.01027,-54.95715],[-67.00626,-54.95451]]],[[[-67.00883,-54.95458],[-67.00904,-54.95508],[-67.00916,-54.95444],[-67.00883,-54.95458]]],[[[-65.58984,-54.94896],[-65.58891,-54.94948],[-65.59022,-54.94948],[-65.58984,-54.94896]]],[[[-67.03386,-54.94899],[-67.02778,-54.95173],[-67.02941,-54.95394],[-67.03386,-54.94899]]],[[[-65.32372,-54.92449],[-65.32520,-54.92459],[-65.32352,-54.92404],[-65.32372,-54.92449]]],[[[-65.32682,-54.92446],[-65.32700,-54.92405],[-65.32640,-54.92391],[-65.32682,-54.92446]]],[[[-65.32722,-54.92312],[-65.32785,-54.92306],[-65.32696,-54.92288],[-65.32722,-54.92312]]],[[[-65.32186,-54.92181],[-65.32245,-54.92178],[-65.32180,-54.92173],[-65.32186,-54.92181]]],[[[-64.61773,-54.92078],[-64.61843,-54.92103],[-64.61768,-54.92062],[-64.61773,-54.92078]]],[[[-64.61426,-54.91835],[-64.61668,-54.91935],[-64.61704,-54.91923],[-64.61426,-54.91835]]],[[[-65.43456,-54.91793],[-65.43582,-54.91827],[-65.43408,-54.91744],[-65.43456,-54.91793]]],[[[-65.80984,-54.91590],[-65.81022,-54.91633],[-65.81066,-54.91618],[-65.80984,-54.91590]]],[[[-64.61445,-54.91557],[-64.61501,-54.91572],[-64.61431,-54.91546],[-64.61445,-54.91557]]],[[[-64.61349,-54.91535],[-64.61361,-54.91554],[-64.61375,-54.91552],[-64.61349,-54.91535]]],[[[-64.60968,-54.91597],[-64.61231,-54.91556],[-64.60988,-54.91502],[-64.60968,-54.91597]]],[[[-64.60391,-54.91405],[-64.60255,-54.91416],[-64.60441,-54.91437],[-64.60391,-54.91405]]],[[[-64.60705,-54.91377],[-64.60611,-54.91419],[-64.60715,-54.91385],[-64.60705,-54.91377]]],[[[-64.60862,-54.91338],[-64.60800,-54.91339],[-64.60867,-54.91349],[-64.60862,-54.91338]]],[[[-64.60722,-54.91334],[-64.60699,-54.91366],[-64.60797,-54.91346],[-64.60722,-54.91334]]],[[[-65.84272,-54.91048],[-65.84253,-54.91055],[-65.84287,-54.91067],[-65.84272,-54.91048]]],[[[-65.84064,-54.91047],[-65.84096,-54.91050],[-65.84068,-54.91037],[-65.84064,-54.91047]]],[[[-65.84385,-54.91037],[-65.84345,-54.91085],[-65.84404,-54.91045],[-65.84385,-54.91037]]],[[[-65.84224,-54.91025],[-65.84245,-54.91040],[-65.84253,-54.91037],[-65.84224,-54.91025]]],[[[-65.84099,-54.91016],[-65.84184,-54.91037],[-65.84103,-54.91002],[-65.84099,-54.91016]]],[[[-64.60737,-54.90987],[-64.60621,-54.90971],[-64.60738,-54.91001],[-64.60737,-54.90987]]],[[[-64.62685,-54.90589],[-64.62871,-54.90638],[-64.62668,-54.90561],[-64.62685,-54.90589]]],[[[-64.62832,-54.90562],[-64.62799,-54.90581],[-64.62843,-54.90570],[-64.62832,-54.90562]]],[[[-67.15466,-54.90460],[-67.15356,-54.90559],[-67.15608,-54.90503],[-67.15466,-54.90460]]],[[[-67.39784,-54.90356],[-67.37468,-54.90427],[-67.37395,-54.90733],[-67.39113,-54.90811],[-67.39784,-54.90356]]],[[[-67.43202,-54.90197],[-67.43256,-54.90179],[-67.43199,-54.90185],[-67.43202,-54.90197]]],[[[-67.43470,-54.90113],[-67.43095,-54.90058],[-67.43473,-54.90165],[-67.43470,-54.90113]]],[[[-67.39824,-54.89349],[-67.39736,-54.89780],[-67.40084,-54.89538],[-67.39824,-54.89349]]],[[[-67.34583,-54.89190],[-67.33550,-54.89931],[-67.34940,-54.89324],[-67.34583,-54.89190]]],[[[-64.67272,-54.89179],[-64.67328,-54.89215],[-64.67357,-54.89196],[-64.67272,-54.89179]]],[[[-67.37688,-54.89153],[-67.37575,-54.89196],[-67.37695,-54.89188],[-67.37688,-54.89153]]],[[[-67.37578,-54.89111],[-67.37424,-54.89087],[-67.37405,-54.89096],[-67.37578,-54.89111]]],[[[-67.38654,-54.89161],[-67.38545,-54.89320],[-67.39299,-54.89272],[-67.38654,-54.89161]]],[[[-64.66503,-54.89053],[-64.67127,-54.89122],[-64.66345,-54.88874],[-64.66503,-54.89053]]],[[[-64.53808,-54.88760],[-64.53932,-54.88762],[-64.53940,-54.88745],[-64.53808,-54.88760]]],[[[-67.43036,-54.88639],[-67.42964,-54.88857],[-67.43179,-54.88834],[-67.43036,-54.88639]]],[[[-67.38945,-54.88624],[-67.39033,-54.88657],[-67.39052,-54.88640],[-67.38945,-54.88624]]],[[[-67.39156,-54.88612],[-67.39153,-54.88641],[-67.39223,-54.88630],[-67.39156,-54.88612]]],[[[-67.43291,-54.88516],[-67.42886,-54.88590],[-67.43429,-54.88604],[-67.43291,-54.88516]]],[[[-67.35433,-54.88382],[-67.35722,-54.88438],[-67.35810,-54.88411],[-67.35433,-54.88382]]],[[[-67.42565,-54.88344],[-67.42188,-54.88493],[-67.42727,-54.88422],[-67.42565,-54.88344]]],[[[-68.53922,-54.88224],[-68.53941,-54.88242],[-68.53950,-54.88235],[-68.53922,-54.88224]]],[[[-67.42868,-54.88275],[-67.43110,-54.88282],[-67.42791,-54.88217],[-67.42868,-54.88275]]],[[[-67.43790,-54.88209],[-67.43494,-54.88258],[-67.43814,-54.88245],[-67.43790,-54.88209]]],[[[-67.46694,-54.88117],[-67.46342,-54.88128],[-67.46868,-54.88162],[-67.46694,-54.88117]]],[[[-68.53785,-54.88095],[-68.53888,-54.88185],[-68.53945,-54.88178],[-68.53785,-54.88095]]],[[[-64.53338,-54.88100],[-64.53275,-54.88093],[-64.53337,-54.88122],[-64.53338,-54.88100]]],[[[-67.46007,-54.88075],[-67.45882,-54.88134],[-67.46077,-54.88092],[-67.46007,-54.88075]]],[[[-64.44513,-54.88084],[-64.44534,-54.88072],[-64.44502,-54.88068],[-64.44513,-54.88084]]],[[[-64.48709,-54.88065],[-64.48725,-54.88078],[-64.48744,-54.88073],[-64.48709,-54.88065]]],[[[-67.45820,-54.88044],[-67.45849,-54.88072],[-67.45895,-54.88049],[-67.45820,-54.88044]]],[[[-67.51176,-54.87831],[-67.51144,-54.87858],[-67.51183,-54.87840],[-67.51176,-54.87831]]],[[[-67.50931,-54.87890],[-67.47233,-54.88490],[-67.44816,-54.87912],[-67.43610,-54.89338],[-67.40796,-54.89999],[-67.41912,-54.90602],[-67.42893,-54.89956],[-67.43762,-54.90134],[-67.41414,-54.91221],[-67.46154,-54.90172],[-67.48903,-54.91804],[-67.53590,-54.90207],[-67.53957,-54.87948],[-67.50141,-54.89008],[-67.50931,-54.87890]]],[[[-68.24336,-54.87750],[-68.23755,-54.87846],[-68.24644,-54.87832],[-68.24336,-54.87750]]],[[[-64.52293,-54.87790],[-64.52020,-54.87845],[-64.52301,-54.87913],[-64.52293,-54.87790]]],[[[-64.17269,-54.87816],[-64.16990,-54.87976],[-64.17387,-54.88029],[-64.17269,-54.87816]]],[[[-64.44400,-54.87718],[-64.44565,-54.87918],[-64.44684,-54.87843],[-64.44400,-54.87718]]],[[[-67.51018,-54.87707],[-67.50995,-54.87769],[-67.51062,-54.87744],[-67.51018,-54.87707]]],[[[-64.47940,-54.87667],[-64.47972,-54.87644],[-64.47922,-54.87647],[-64.47940,-54.87667]]],[[[-64.16651,-54.87634],[-64.16617,-54.87681],[-64.16788,-54.87675],[-64.16651,-54.87634]]],[[[-67.50902,-54.87634],[-67.50944,-54.87653],[-67.50964,-54.87641],[-67.50902,-54.87634]]],[[[-67.50872,-54.87634],[-67.50826,-54.87636],[-67.50824,-54.87641],[-67.50872,-54.87634]]],[[[-64.48436,-54.87670],[-64.47980,-54.87644],[-64.48497,-54.87803],[-64.48436,-54.87670]]],[[[-64.45890,-54.87544],[-64.45792,-54.87578],[-64.45970,-54.87582],[-64.45890,-54.87544]]],[[[-64.44889,-54.87472],[-64.44887,-54.87528],[-64.45003,-54.87527],[-64.44889,-54.87472]]],[[[-68.52757,-54.87471],[-68.52552,-54.87570],[-68.52807,-54.87505],[-68.52757,-54.87471]]],[[[-68.25351,-54.87511],[-68.24015,-54.87552],[-68.23795,-54.87603],[-68.25351,-54.87511]]],[[[-64.17247,-54.87459],[-64.16557,-54.87516],[-64.17470,-54.87653],[-64.17247,-54.87459]]],[[[-68.52461,-54.87375],[-68.52451,-54.87427],[-68.52537,-54.87400],[-68.52461,-54.87375]]],[[[-68.08772,-54.87362],[-68.08740,-54.87395],[-68.08789,-54.87381],[-68.08772,-54.87362]]],[[[-68.25985,-54.87266],[-68.25702,-54.87346],[-68.26128,-54.87319],[-68.25985,-54.87266]]],[[[-68.19489,-54.87307],[-68.19472,-54.87224],[-68.19368,-54.87246],[-68.19489,-54.87307]]],[[[-68.09505,-54.87222],[-68.09561,-54.87256],[-68.09563,-54.87231],[-68.09505,-54.87222]]],[[[-68.08362,-54.87237],[-68.08531,-54.87284],[-68.08615,-54.87233],[-68.08362,-54.87237]]],[[[-68.19980,-54.87186],[-68.19779,-54.87311],[-68.20033,-54.87236],[-68.19980,-54.87186]]],[[[-64.17180,-54.87156],[-64.17051,-54.87175],[-64.17199,-54.87214],[-64.17180,-54.87156]]],[[[-68.10399,-54.87144],[-68.10372,-54.87174],[-68.10425,-54.87157],[-68.10399,-54.87144]]],[[[-68.08357,-54.87125],[-68.08257,-54.87163],[-68.08426,-54.87138],[-68.08357,-54.87125]]],[[[-68.17989,-54.87165],[-68.17465,-54.87141],[-68.16869,-54.87152],[-68.17989,-54.87165]]],[[[-68.17989,-54.87111],[-68.18099,-54.87138],[-68.18145,-54.87101],[-68.17989,-54.87111]]],[[[-67.35770,-54.87261],[-67.34524,-54.87326],[-67.34235,-54.87504],[-67.35770,-54.87261]]],[[[-68.19861,-54.87083],[-68.19849,-54.87125],[-68.19963,-54.87110],[-68.19861,-54.87083]]],[[[-68.20846,-54.87167],[-68.20464,-54.87072],[-68.20358,-54.87110],[-68.20846,-54.87167]]],[[[-68.18083,-54.87047],[-68.18074,-54.87066],[-68.18110,-54.87054],[-68.18083,-54.87047]]],[[[-68.16620,-54.87046],[-68.16683,-54.87072],[-68.16712,-54.87055],[-68.16620,-54.87046]]],[[[-67.46352,-54.87052],[-67.46394,-54.87037],[-67.46344,-54.87044],[-67.46352,-54.87052]]],[[[-67.46002,-54.87026],[-67.46039,-54.87050],[-67.46055,-54.87033],[-67.46002,-54.87026]]],[[[-67.37136,-54.87048],[-67.36805,-54.87066],[-67.36641,-54.87096],[-67.37136,-54.87048]]],[[[-67.46320,-54.86989],[-67.46365,-54.87013],[-67.46383,-54.86995],[-67.46320,-54.86989]]],[[[-67.47206,-54.86991],[-67.45464,-54.87208],[-67.44664,-54.87612],[-67.46849,-54.88040],[-67.47206,-54.86991]]],[[[-67.46771,-54.86867],[-67.46786,-54.86982],[-67.46822,-54.86870],[-67.46771,-54.86867]]],[[[-64.51881,-54.86912],[-64.51509,-54.86859],[-64.51444,-54.86897],[-64.51881,-54.86912]]],[[[-67.50911,-54.87352],[-67.49521,-54.86877],[-67.49054,-54.86968],[-67.50911,-54.87352]]],[[[-68.47806,-54.86757],[-68.47807,-54.86771],[-68.47825,-54.86759],[-68.47806,-54.86757]]],[[[-64.52136,-54.86776],[-64.51592,-54.86800],[-64.52196,-54.86853],[-64.52136,-54.86776]]],[[[-68.47883,-54.86743],[-68.47869,-54.86761],[-68.47908,-54.86760],[-68.47883,-54.86743]]],[[[-68.16059,-54.86698],[-68.16045,-54.86718],[-68.16123,-54.86721],[-68.16059,-54.86698]]],[[[-68.47895,-54.86685],[-68.47859,-54.86725],[-68.47937,-54.86713],[-68.47895,-54.86685]]],[[[-68.47912,-54.86661],[-68.47914,-54.86676],[-68.47949,-54.86671],[-68.47912,-54.86661]]],[[[-68.26478,-54.86666],[-68.26040,-54.86714],[-68.26601,-54.86756],[-68.26478,-54.86666]]],[[[-68.26688,-54.86951],[-68.24611,-54.86913],[-68.23258,-54.86999],[-68.23744,-54.87308],[-68.26688,-54.86951]]],[[[-68.24906,-54.86519],[-68.24470,-54.86485],[-68.24426,-54.86536],[-68.24906,-54.86519]]],[[[-68.47332,-54.86312],[-68.47191,-54.86274],[-68.47177,-54.86295],[-68.47332,-54.86312]]],[[[-68.47408,-54.86231],[-68.47420,-54.86250],[-68.47438,-54.86233],[-68.47408,-54.86231]]],[[[-68.47307,-54.86226],[-68.47319,-54.86243],[-68.47325,-54.86228],[-68.47307,-54.86226]]],[[[-68.48037,-54.86195],[-68.48055,-54.86208],[-68.48062,-54.86199],[-68.48037,-54.86195]]],[[[-68.48103,-54.86174],[-68.48118,-54.86190],[-68.48133,-54.86175],[-68.48103,-54.86174]]],[[[-68.45795,-54.86305],[-68.45017,-54.86279],[-68.45906,-54.86539],[-68.45795,-54.86305]]],[[[-68.24429,-54.86155],[-68.24367,-54.86190],[-68.24471,-54.86177],[-68.24429,-54.86155]]],[[[-68.24317,-54.86073],[-68.24316,-54.86102],[-68.24340,-54.86097],[-68.24317,-54.86073]]],[[[-68.24876,-54.86161],[-68.24551,-54.86160],[-68.25355,-54.86180],[-68.24876,-54.86161]]],[[[-64.50525,-54.86076],[-64.50473,-54.86195],[-64.50622,-54.86112],[-64.50525,-54.86076]]],[[[-64.50271,-54.86046],[-64.50152,-54.86121],[-64.50321,-54.86131],[-64.50271,-54.86046]]],[[[-64.50116,-54.86159],[-64.49751,-54.86042],[-64.50174,-54.86240],[-64.50116,-54.86159]]],[[[-68.48760,-54.85983],[-68.48763,-54.85998],[-68.48778,-54.85995],[-68.48760,-54.85983]]],[[[-68.48468,-54.85988],[-68.47939,-54.86043],[-68.47897,-54.86177],[-68.48209,-54.86148],[-68.48186,-54.86270],[-68.47422,-54.86553],[-68.48649,-54.86654],[-68.48468,-54.85988]]],[[[-68.24573,-54.85964],[-68.24684,-54.85992],[-68.24725,-54.85980],[-68.24573,-54.85964]]],[[[-64.50316,-54.85910],[-64.50213,-54.86017],[-64.50516,-54.85974],[-64.50316,-54.85910]]],[[[-68.51969,-54.85905],[-68.51872,-54.85933],[-68.51974,-54.85914],[-68.51969,-54.85905]]],[[[-68.52086,-54.85892],[-68.52094,-54.85905],[-68.52098,-54.85889],[-68.52086,-54.85892]]],[[[-68.17126,-54.85832],[-68.16800,-54.85993],[-68.17371,-54.85962],[-68.17126,-54.85832]]],[[[-68.52314,-54.85819],[-68.52404,-54.85839],[-68.52425,-54.85807],[-68.52314,-54.85819]]],[[[-68.24153,-54.86124],[-68.23224,-54.85880],[-68.23141,-54.86052],[-68.24153,-54.86124]]],[[[-68.56487,-54.85761],[-68.56475,-54.85798],[-68.56628,-54.85738],[-68.56487,-54.85761]]],[[[-68.16819,-54.85747],[-68.16929,-54.85765],[-68.17031,-54.85746],[-68.16819,-54.85747]]],[[[-68.53094,-54.85548],[-68.53119,-54.85556],[-68.53137,-54.85538],[-68.53094,-54.85548]]],[[[-68.21901,-54.85527],[-68.21678,-54.85524],[-68.21615,-54.85546],[-68.21901,-54.85527]]],[[[-68.53091,-54.85518],[-68.53159,-54.85525],[-68.53184,-54.85499],[-68.53091,-54.85518]]],[[[-68.53124,-54.85482],[-68.53118,-54.85506],[-68.53155,-54.85487],[-68.53124,-54.85482]]],[[[-68.18117,-54.85371],[-68.18089,-54.85410],[-68.18135,-54.85393],[-68.18117,-54.85371]]],[[[-68.18949,-54.85369],[-68.18874,-54.85377],[-68.18964,-54.85368],[-68.18949,-54.85369]]],[[[-68.18580,-54.85438],[-68.18328,-54.85389],[-68.18305,-54.85478],[-68.18580,-54.85438]]],[[[-68.18897,-54.85342],[-68.18877,-54.85364],[-68.18946,-54.85351],[-68.18897,-54.85342]]],[[[-68.17883,-54.85345],[-68.17923,-54.85392],[-68.17944,-54.85335],[-68.17883,-54.85345]]],[[[-68.21590,-54.85337],[-68.21478,-54.85350],[-68.21602,-54.85345],[-68.21590,-54.85337]]],[[[-68.56548,-54.85316],[-68.56500,-54.85321],[-68.56480,-54.85337],[-68.56548,-54.85316]]],[[[-64.39838,-54.85020],[-64.39826,-54.85069],[-64.39872,-54.85063],[-64.39838,-54.85020]]],[[[-68.24734,-54.84989],[-68.24582,-54.84987],[-68.24584,-54.84996],[-68.24734,-54.84989]]],[[[-68.24732,-54.84863],[-68.24713,-54.84870],[-68.24745,-54.84868],[-68.24732,-54.84863]]],[[[-68.25967,-54.84750],[-68.25951,-54.84765],[-68.25993,-54.84761],[-68.25967,-54.84750]]],[[[-64.39166,-54.85235],[-64.38374,-54.84926],[-64.38420,-54.85247],[-64.39166,-54.85235]]],[[[-68.25867,-54.84801],[-68.24965,-54.84664],[-68.24754,-54.84804],[-68.25867,-54.84801]]],[[[-64.15057,-54.84597],[-64.15518,-54.85447],[-64.16323,-54.85586],[-64.16184,-54.85131],[-64.15057,-54.84597]]],[[[-64.33147,-54.84771],[-64.32850,-54.84631],[-64.32890,-54.84826],[-64.33147,-54.84771]]],[[[-64.34984,-54.84408],[-64.34971,-54.84392],[-64.34955,-54.84398],[-64.34984,-54.84408]]],[[[-64.19189,-54.84340],[-64.19139,-54.84351],[-64.19211,-54.84353],[-64.19189,-54.84340]]],[[[-64.22684,-54.84331],[-64.22690,-54.84358],[-64.22765,-54.84356],[-64.22684,-54.84331]]],[[[-64.32977,-54.84482],[-64.32423,-54.84494],[-64.32548,-54.84668],[-64.32977,-54.84482]]],[[[-64.35605,-54.84320],[-64.35355,-54.84327],[-64.35608,-54.84457],[-64.35605,-54.84320]]],[[[-64.19173,-54.84284],[-64.19145,-54.84303],[-64.19209,-54.84302],[-64.19173,-54.84284]]],[[[-64.19064,-54.84222],[-64.19015,-54.84221],[-64.18985,-54.84237],[-64.19064,-54.84222]]],[[[-64.33044,-54.84224],[-64.32790,-54.84343],[-64.33209,-54.84323],[-64.33044,-54.84224]]],[[[-68.25404,-54.84172],[-68.25570,-54.84230],[-68.25592,-54.84223],[-68.25404,-54.84172]]],[[[-64.32680,-54.84172],[-64.32047,-54.84364],[-64.32698,-54.84206],[-64.32680,-54.84172]]],[[[-64.32532,-54.83818],[-64.32574,-54.83826],[-64.32606,-54.83816],[-64.32532,-54.83818]]],[[[-64.17379,-54.83709],[-64.17485,-54.83763],[-64.17499,-54.83741],[-64.17379,-54.83709]]],[[[-64.11187,-54.83693],[-64.11260,-54.83710],[-64.11181,-54.83647],[-64.11187,-54.83693]]],[[[-68.25200,-54.83641],[-68.25316,-54.83696],[-68.25388,-54.83674],[-68.25200,-54.83641]]],[[[-64.11208,-54.83611],[-64.11287,-54.83593],[-64.11211,-54.83576],[-64.11208,-54.83611]]],[[[-64.17523,-54.83528],[-64.17453,-54.83625],[-64.17557,-54.83625],[-64.17523,-54.83528]]],[[[-64.11173,-54.83498],[-64.11252,-54.83546],[-64.11265,-54.83508],[-64.11173,-54.83498]]],[[[-64.36255,-54.83481],[-64.36211,-54.83552],[-64.36316,-54.83520],[-64.36255,-54.83481]]],[[[-68.25871,-54.83565],[-68.25558,-54.83581],[-68.25332,-54.83594],[-68.25871,-54.83565]]],[[[-64.36728,-54.83473],[-64.36754,-54.83517],[-64.36770,-54.83496],[-64.36728,-54.83473]]],[[[-64.34760,-54.83383],[-64.34712,-54.83374],[-64.34711,-54.83392],[-64.34760,-54.83383]]],[[[-64.36116,-54.83201],[-64.36065,-54.83206],[-64.36115,-54.83239],[-64.36116,-54.83201]]],[[[-64.24336,-54.83124],[-64.24336,-54.83258],[-64.24436,-54.83168],[-64.24336,-54.83124]]],[[[-64.36381,-54.83111],[-64.36106,-54.83138],[-64.36461,-54.83232],[-64.36381,-54.83111]]],[[[-64.14894,-54.82992],[-64.14921,-54.83003],[-64.14856,-54.82975],[-64.14894,-54.82992]]],[[[-64.14585,-54.82967],[-64.14582,-54.83048],[-64.14635,-54.83059],[-64.14585,-54.82967]]],[[[-64.14777,-54.82955],[-64.14760,-54.82985],[-64.14822,-54.82987],[-64.14777,-54.82955]]],[[[-64.14998,-54.82931],[-64.15078,-54.83001],[-64.15110,-54.82973],[-64.14998,-54.82931]]],[[[-64.14821,-54.82954],[-64.14903,-54.82961],[-64.14788,-54.82931],[-64.14821,-54.82954]]],[[[-64.13780,-54.82676],[-64.13720,-54.82621],[-64.13721,-54.82637],[-64.13780,-54.82676]]],[[[-64.09958,-54.82454],[-64.09852,-54.82485],[-64.09998,-54.82537],[-64.09958,-54.82454]]],[[[-64.27750,-54.82421],[-64.27822,-54.82499],[-64.27838,-54.82448],[-64.27750,-54.82421]]],[[[-64.27717,-54.82253],[-64.27705,-54.82332],[-64.27755,-54.82293],[-64.27717,-54.82253]]],[[[-68.18442,-54.81928],[-68.18436,-54.81935],[-68.18452,-54.81934],[-68.18442,-54.81928]]],[[[-64.73596,-54.81484],[-64.73679,-54.81526],[-64.73736,-54.81492],[-64.73596,-54.81484]]],[[[-63.95289,-54.81271],[-63.95368,-54.81337],[-63.95394,-54.81302],[-63.95289,-54.81271]]],[[[-63.94964,-54.81187],[-63.94939,-54.81214],[-63.94979,-54.81202],[-63.94964,-54.81187]]],[[[-64.08377,-54.81092],[-64.08370,-54.81173],[-64.08430,-54.81145],[-64.08377,-54.81092]]],[[[-64.08579,-54.81078],[-64.08609,-54.81137],[-64.08631,-54.81118],[-64.08579,-54.81078]]],[[[-64.08871,-54.81076],[-64.08901,-54.81101],[-64.08878,-54.81054],[-64.08871,-54.81076]]],[[[-64.08341,-54.81068],[-64.08388,-54.81079],[-64.08328,-54.81054],[-64.08341,-54.81068]]],[[[-64.02979,-54.80936],[-64.03047,-54.80992],[-64.03066,-54.80981],[-64.02979,-54.80936]]],[[[-63.93736,-54.80858],[-63.93649,-54.80861],[-63.93645,-54.80869],[-63.93736,-54.80858]]],[[[-63.93896,-54.80868],[-63.93822,-54.80863],[-63.93893,-54.80893],[-63.93896,-54.80868]]],[[[-64.57993,-54.80983],[-64.58332,-54.81061],[-64.57969,-54.80826],[-64.57993,-54.80983]]],[[[-64.07427,-54.80754],[-64.07455,-54.80743],[-64.07421,-54.80750],[-64.07427,-54.80754]]],[[[-64.73305,-54.80730],[-64.73492,-54.80757],[-64.73278,-54.80714],[-64.73305,-54.80730]]],[[[-64.73237,-54.80696],[-64.73197,-54.80724],[-64.73273,-54.80725],[-64.73237,-54.80696]]],[[[-64.73346,-54.80656],[-64.73336,-54.80675],[-64.73368,-54.80667],[-64.73346,-54.80656]]],[[[-64.07458,-54.80624],[-64.07481,-54.80640],[-64.07467,-54.80615],[-64.07458,-54.80624]]],[[[-63.93176,-54.80517],[-63.93193,-54.80559],[-63.93237,-54.80547],[-63.93176,-54.80517]]],[[[-63.93066,-54.80423],[-63.92909,-54.80442],[-63.93105,-54.80456],[-63.93066,-54.80423]]],[[[-64.02611,-54.80409],[-64.02500,-54.80398],[-64.02623,-54.80437],[-64.02611,-54.80409]]],[[[-63.95810,-54.80373],[-63.95805,-54.80417],[-63.95851,-54.80406],[-63.95810,-54.80373]]],[[[-63.91992,-54.80287],[-63.92043,-54.80311],[-63.92126,-54.80303],[-63.91992,-54.80287]]],[[[-64.53002,-54.80225],[-64.53004,-54.80251],[-64.53050,-54.80255],[-64.53002,-54.80225]]],[[[-64.25814,-54.80301],[-64.25967,-54.80332],[-64.25854,-54.80212],[-64.25814,-54.80301]]],[[[-64.02871,-54.80158],[-64.02779,-54.80385],[-64.03023,-54.80229],[-64.02871,-54.80158]]],[[[-63.95948,-54.80176],[-63.95980,-54.80140],[-63.95928,-54.80150],[-63.95948,-54.80176]]],[[[-64.05402,-54.80022],[-64.05433,-54.80051],[-64.05449,-54.80026],[-64.05402,-54.80022]]],[[[-63.96585,-54.79552],[-63.96663,-54.79572],[-63.96567,-54.79525],[-63.96585,-54.79552]]],[[[-64.70994,-54.79456],[-64.70864,-54.79452],[-64.71002,-54.79482],[-64.70994,-54.79456]]],[[[-63.95297,-54.79421],[-63.95292,-54.79456],[-63.95362,-54.79460],[-63.95297,-54.79421]]],[[[-64.70950,-54.79292],[-64.70824,-54.79369],[-64.70961,-54.79393],[-64.70950,-54.79292]]],[[[-64.54559,-54.79269],[-64.54888,-54.79311],[-64.54521,-54.79180],[-64.54559,-54.79269]]],[[[-63.85522,-54.79207],[-63.85615,-54.79169],[-63.85483,-54.79102],[-63.85522,-54.79207]]],[[[-63.84824,-54.79092],[-63.84792,-54.79127],[-63.84839,-54.79100],[-63.84824,-54.79092]]],[[[-63.85365,-54.79075],[-63.85397,-54.79063],[-63.85344,-54.79048],[-63.85365,-54.79075]]],[[[-63.85283,-54.79098],[-63.85391,-54.79128],[-63.85313,-54.79040],[-63.85283,-54.79098]]],[[[-64.70976,-54.79064],[-64.70865,-54.79218],[-64.71038,-54.79249],[-64.70976,-54.79064]]],[[[-63.84514,-54.78981],[-63.84543,-54.78994],[-63.84542,-54.78983],[-63.84514,-54.78981]]],[[[-63.85094,-54.78941],[-63.85070,-54.79026],[-63.85216,-54.79017],[-63.85094,-54.78941]]],[[[-63.84405,-54.78937],[-63.84391,-54.79031],[-63.84475,-54.78936],[-63.84405,-54.78937]]],[[[-64.52628,-54.78934],[-64.52685,-54.78913],[-64.52625,-54.78910],[-64.52628,-54.78934]]],[[[-63.84224,-54.78568],[-63.84048,-54.78633],[-63.84110,-54.78676],[-63.84224,-54.78568]]],[[[-64.40685,-54.78036],[-64.40598,-54.78062],[-64.40728,-54.78064],[-64.40685,-54.78036]]],[[[-64.42970,-54.76514],[-64.42796,-54.76678],[-64.43128,-54.76728],[-64.42970,-54.76514]]],[[[-64.15953,-54.76088],[-64.15801,-54.76137],[-64.15945,-54.76154],[-64.15953,-54.76088]]],[[[-64.42689,-54.75943],[-64.42799,-54.75873],[-64.42636,-54.75888],[-64.42689,-54.75943]]],[[[-64.10529,-54.75696],[-64.10554,-54.75662],[-64.10511,-54.75670],[-64.10529,-54.75696]]],[[[-64.42311,-54.75674],[-64.42430,-54.75690],[-64.42292,-54.75648],[-64.42311,-54.75674]]],[[[-64.38512,-54.75200],[-64.38507,-54.75222],[-64.38515,-54.75212],[-64.38512,-54.75200]]],[[[-64.02607,-54.75209],[-64.02441,-54.75157],[-64.02464,-54.75217],[-64.02607,-54.75209]]],[[[-64.10284,-54.74877],[-64.10279,-54.74905],[-64.10339,-54.74909],[-64.10284,-54.74877]]],[[[-64.39617,-54.74808],[-64.39430,-54.74830],[-64.39647,-54.74840],[-64.39617,-54.74808]]],[[[-64.37506,-54.74658],[-64.37557,-54.74664],[-64.37436,-54.74613],[-64.37506,-54.74658]]],[[[-64.10240,-54.74851],[-64.09578,-54.74596],[-64.09476,-54.74651],[-64.10240,-54.74851]]],[[[-64.10084,-54.74484],[-64.09999,-54.74496],[-64.10129,-54.74498],[-64.10084,-54.74484]]],[[[-64.09799,-54.74283],[-64.09884,-54.74271],[-64.09774,-54.74242],[-64.09799,-54.74283]]],[[[-64.16517,-54.74047],[-64.16445,-54.74042],[-64.16460,-54.74086],[-64.16517,-54.74047]]],[[[-64.16867,-54.73981],[-64.16905,-54.74003],[-64.16934,-54.73984],[-64.16867,-54.73981]]],[[[-64.09488,-54.74137],[-64.09292,-54.73979],[-64.09133,-54.74078],[-64.09488,-54.74137]]],[[[-64.11711,-54.73557],[-64.11616,-54.73536],[-64.11560,-54.73550],[-64.11711,-54.73557]]],[[[-64.25902,-54.73052],[-64.25916,-54.73099],[-64.25960,-54.73057],[-64.25902,-54.73052]]],[[[-64.55077,-54.72908],[-64.55093,-54.72943],[-64.55129,-54.72934],[-64.55077,-54.72908]]],[[[-64.55124,-54.72912],[-64.55211,-54.72962],[-64.55132,-54.72898],[-64.55124,-54.72912]]],[[[-64.24759,-54.72707],[-64.24802,-54.72820],[-64.24856,-54.72761],[-64.24759,-54.72707]]],[[[-64.25339,-54.72714],[-64.25248,-54.72780],[-64.25357,-54.72772],[-64.25339,-54.72714]]],[[[-64.24921,-54.72595],[-64.24815,-54.72595],[-64.24856,-54.72671],[-64.24921,-54.72595]]],[[[-64.24839,-54.72543],[-64.24869,-54.72566],[-64.24892,-54.72566],[-64.24839,-54.72543]]],[[[-64.24781,-54.72526],[-64.24822,-54.72539],[-64.24781,-54.72510],[-64.24781,-54.72526]]],[[[-64.24911,-54.72492],[-64.24868,-54.72539],[-64.24922,-54.72538],[-64.24911,-54.72492]]],[[[-64.54752,-54.72405],[-64.54788,-54.72419],[-64.54752,-54.72383],[-64.54752,-54.72405]]],[[[-63.80958,-54.71803],[-63.80789,-54.71760],[-63.80784,-54.71791],[-63.80958,-54.71803]]],[[[-64.33894,-54.72911],[-64.27899,-54.72919],[-64.24129,-54.74523],[-64.21580,-54.73387],[-64.16063,-54.75508],[-64.16539,-54.76317],[-64.13648,-54.77010],[-64.14546,-54.74491],[-64.16424,-54.74083],[-64.15022,-54.73069],[-64.10879,-54.73842],[-64.10599,-54.74993],[-64.12604,-54.75740],[-64.10855,-54.76397],[-64.08413,-54.75195],[-64.07523,-54.72990],[-64.04749,-54.73064],[-64.05387,-54.73755],[-64.03099,-54.75107],[-64.04437,-54.77814],[-63.99036,-54.73588],[-63.95996,-54.74195],[-63.93980,-54.72584],[-63.87616,-54.71675],[-63.87840,-54.73088],[-63.85491,-54.73149],[-63.88881,-54.75167],[-63.87721,-54.75536],[-63.82616,-54.72097],[-63.79572,-54.72656],[-63.80990,-54.73711],[-63.80018,-54.75053],[-63.82526,-54.75808],[-63.84792,-54.78997],[-63.84948,-54.78870],[-63.86040,-54.79052],[-63.86078,-54.78909],[-63.88579,-54.79324],[-63.88299,-54.77992],[-63.88600,-54.78658],[-63.91164,-54.79015],[-63.91327,-54.79898],[-63.93741,-54.80507],[-63.93916,-54.80849],[-63.94594,-54.80828],[-63.95159,-54.81310],[-63.95843,-54.80186],[-63.94570,-54.79590],[-63.95376,-54.79219],[-63.96748,-54.79514],[-63.95513,-54.76710],[-64.02307,-54.79157],[-64.03405,-54.80786],[-64.05827,-54.79478],[-64.05776,-54.77917],[-64.08486,-54.79145],[-64.07128,-54.79466],[-64.07612,-54.80882],[-64.08866,-54.81015],[-64.10107,-54.81679],[-64.10832,-54.83261],[-64.12164,-54.81457],[-64.14757,-54.82921],[-64.17267,-54.82363],[-64.17918,-54.83877],[-64.20038,-54.82840],[-64.22102,-54.85765],[-64.23040,-54.84731],[-64.22301,-54.84157],[-64.23919,-54.84037],[-64.22695,-54.82037],[-64.23528,-54.78266],[-64.26358,-54.80462],[-64.27066,-54.79061],[-64.30541,-54.78792],[-64.29898,-54.80635],[-64.33339,-54.83005],[-64.39334,-54.82685],[-64.41772,-54.86164],[-64.48491,-54.87580],[-64.49424,-54.85826],[-64.47844,-54.85181],[-64.48562,-54.84751],[-64.44425,-54.83949],[-64.47144,-54.83515],[-64.45817,-54.82593],[-64.46653,-54.82376],[-64.51941,-54.85457],[-64.53932,-54.88716],[-64.56562,-54.88564],[-64.60748,-54.90967],[-64.62158,-54.90367],[-64.70401,-54.91586],[-64.64434,-54.88795],[-64.68355,-54.86124],[-64.66644,-54.84765],[-64.68784,-54.84274],[-64.73911,-54.85937],[-64.74904,-54.85653],[-64.73952,-54.84355],[-64.75654,-54.83676],[-64.73878,-54.83153],[-64.74710,-54.82714],[-64.73294,-54.81885],[-64.72442,-54.80195],[-64.67459,-54.79997],[-64.69635,-54.78426],[-64.68754,-54.78024],[-64.64810,-54.77735],[-64.64016,-54.79806],[-64.58787,-54.82024],[-64.55278,-54.79496],[-64.52857,-54.80400],[-64.50736,-54.79690],[-64.52666,-54.78842],[-64.52170,-54.77122],[-64.54181,-54.76836],[-64.54407,-54.72537],[-64.48961,-54.76374],[-64.43217,-54.76109],[-64.43913,-54.76392],[-64.41274,-54.78289],[-64.40886,-54.78288],[-64.40805,-54.78142],[-64.40582,-54.78113],[-64.40466,-54.77950],[-64.41247,-54.77364],[-64.40314,-54.76442],[-64.42176,-54.75562],[-64.39021,-54.74974],[-64.39615,-54.78044],[-64.36697,-54.78413],[-64.36822,-54.81083],[-64.35948,-54.77815],[-64.37637,-54.75233],[-64.34948,-54.74112],[-64.34071,-54.71459],[-64.33894,-54.72911]]],[[[-64.23475,-54.70600],[-64.23322,-54.70536],[-64.23317,-54.70545],[-64.23475,-54.70600]]],[[[-64.33681,-54.70745],[-64.33987,-54.70429],[-64.33785,-54.70358],[-64.33681,-54.70745]]],[[[-64.23789,-54.69491],[-64.23633,-54.70487],[-64.24834,-54.70426],[-64.24787,-54.69964],[-64.23789,-54.69491]]],[[[-64.25669,-54.69232],[-64.25233,-54.69639],[-64.25681,-54.69818],[-64.25669,-54.69232]]],[[[-64.27016,-54.68317],[-64.24733,-54.67594],[-64.25548,-54.68809],[-64.27016,-54.68317]]],[[[-64.26255,-54.66983],[-64.26028,-54.66957],[-64.26162,-54.67021],[-64.26255,-54.66983]]],[[[-64.16199,-54.65187],[-64.10955,-54.65068],[-64.13898,-54.66798],[-64.16199,-54.65187]]],[[[-68.60894,-54.42653],[-68.53110,-54.44029],[-68.55662,-54.45643],[-68.44869,-54.45765],[-68.40247,-54.44531],[-68.36806,-54.45740],[-68.36806,-54.61981],[-67.39245,-54.61981],[-67.38777,-54.74420],[-67.00627,-54.74797],[-67.00258,-54.59843],[-65.97724,-54.59842],[-65.80146,-54.65180],[-65.68491,-54.66374],[-65.55216,-54.64761],[-65.52228,-54.66440],[-65.53021,-54.66812],[-65.52090,-54.67823],[-65.51089,-54.65608],[-65.43183,-54.64191],[-65.44845,-54.65517],[-65.43010,-54.66342],[-65.40522,-54.64104],[-65.23321,-54.61818],[-65.24552,-54.63192],[-65.23359,-54.63726],[-65.24840,-54.64547],[-65.11613,-54.65748],[-65.19378,-54.69622],[-65.19216,-54.72045],[-65.21744,-54.74538],[-65.20041,-54.76301],[-65.21326,-54.77443],[-65.20413,-54.77989],[-65.26324,-54.79550],[-65.22331,-54.81693],[-65.23340,-54.82955],[-65.31359,-54.87393],[-65.30896,-54.90305],[-65.32835,-54.92097],[-65.38270,-54.94204],[-65.41834,-54.93775],[-65.43226,-54.89240],[-65.47032,-54.88884],[-65.49842,-54.90119],[-65.49463,-54.92543],[-65.51175,-54.93546],[-65.55746,-54.94887],[-65.56192,-54.93697],[-65.60391,-54.94361],[-65.62594,-54.95248],[-65.63263,-54.97009],[-65.71825,-54.97199],[-65.71250,-54.93360],[-65.73885,-54.90845],[-65.77698,-54.90127],[-65.82450,-54.91618],[-65.84707,-54.90213],[-65.89014,-54.90015],[-65.91280,-54.91264],[-65.98186,-54.90270],[-65.99323,-54.92037],[-65.95768,-54.94151],[-65.97096,-54.96863],[-66.10814,-54.99442],[-66.31236,-54.99285],[-66.37003,-55.00941],[-66.35948,-55.02836],[-66.37209,-55.03931],[-66.44111,-55.05698],[-66.52308,-55.05646],[-66.71836,-55.00470],[-66.76473,-54.96090],[-66.93465,-54.94149],[-67.15436,-54.89301],[-67.28295,-54.87998],[-67.27487,-54.88797],[-67.28942,-54.87620],[-67.27099,-54.87947],[-67.27905,-54.86679],[-67.29559,-54.87206],[-67.28736,-54.87864],[-67.29661,-54.88735],[-67.32478,-54.87335],[-67.33384,-54.87114],[-67.33583,-54.87208],[-67.32360,-54.88464],[-67.34091,-54.87033],[-67.35354,-54.86566],[-67.36237,-54.86381],[-67.35279,-54.87020],[-67.37871,-54.87040],[-67.34129,-54.88277],[-67.36099,-54.88000],[-67.40887,-54.88923],[-67.41814,-54.87985],[-67.44195,-54.88185],[-67.45057,-54.86562],[-67.49407,-54.86798],[-67.50336,-54.85389],[-67.60414,-54.88113],[-67.68980,-54.88757],[-67.82965,-54.85985],[-68.03330,-54.85012],[-68.10500,-54.82725],[-68.19804,-54.81706],[-68.24896,-54.79455],[-68.31540,-54.81114],[-68.29932,-54.81611],[-68.30471,-54.83244],[-68.25896,-54.83945],[-68.27458,-54.84456],[-68.32307,-54.84655],[-68.31181,-54.83440],[-68.33053,-54.83021],[-68.43049,-54.85821],[-68.46181,-54.85951],[-68.48171,-54.84673],[-68.51096,-54.85913],[-68.54147,-54.84992],[-68.56488,-54.85160],[-68.56820,-54.85735],[-68.55389,-54.86315],[-68.49991,-54.86710],[-68.56245,-54.88341],[-68.56106,-54.89089],[-68.60938,-54.89363],[-68.59641,-54.87298],[-68.59513,-54.79962],[-68.60894,-54.42653]]]]}},{"type":"Feature","properties":{"departamento": "Alberdi", "provincia": "Santiago del Estero", "hechos": 105, "nivel": "bajo"},"geometry":{"type":"Polygon","coordinates":[[[-63.76133,-26.21431],[-61.71223,-26.23449],[-61.71256,-26.80911],[-62.06466,-26.80943],[-62.06482,-26.78988],[-62.50422,-26.78722],[-62.50402,-26.83267],[-62.76512,-26.83198],[-62.76589,-26.82348],[-62.92848,-26.82026],[-62.92930,-26.79374],[-63.23359,-26.79424],[-63.23369,-26.76478],[-63.37840,-26.76409],[-63.37839,-26.88800],[-63.57102,-26.88722],[-63.54850,-26.92553],[-63.65719,-26.92512],[-63.68207,-26.90703],[-63.68912,-26.86526],[-63.67292,-26.83090],[-63.67415,-26.79718],[-63.66180,-26.78898],[-63.66930,-26.77232],[-63.65231,-26.74847],[-63.65456,-26.66587],[-63.67288,-26.63598],[-63.65254,-26.59698],[-63.64671,-26.52810],[-63.69693,-26.47656],[-63.72073,-26.37626],[-63.76159,-26.31838],[-63.77370,-26.26456],[-63.76133,-26.21431]]]}},{"type":"Feature","properties":{"departamento": "Juan Felipe Ibarra", "provincia": "Santiago del Estero", "hechos": 194, "nivel": "bajo"},"geometry":{"type":"Polygon","coordinates":[[[-63.26531,-27.72117],[-62.94857,-27.75146],[-62.94818,-27.77526],[-62.88434,-27.77760],[-62.88430,-27.81976],[-62.67418,-27.82027],[-62.67444,-27.79818],[-62.57026,-27.79925],[-62.57057,-27.81761],[-62.23198,-27.81988],[-62.23142,-27.79047],[-61.71190,-27.79718],[-61.71204,-27.99855],[-61.77203,-28.35709],[-61.87104,-28.35769],[-61.86408,-28.31884],[-63.11070,-28.31655],[-63.09540,-28.27014],[-63.13361,-28.24339],[-63.14493,-28.20693],[-63.20028,-28.16587],[-63.27020,-28.15967],[-63.29376,-28.08673],[-63.31756,-28.08066],[-63.32797,-28.05433],[-63.39805,-28.02855],[-63.40974,-27.97276],[-63.44496,-27.95342],[-63.44247,-27.92279],[-63.46721,-27.90634],[-63.45774,-27.88251],[-63.48034,-27.82524],[-63.49550,-27.82407],[-63.49030,-27.79124],[-63.49934,-27.78137],[-63.34523,-27.77093],[-63.34153,-27.75483],[-63.27525,-27.76611],[-63.26531,-27.72117]]]}},{"type":"Feature","properties":{"departamento": "General Taboada", "provincia": "Santiago del Estero", "hechos": 573, "nivel": "bajo"},"geometry":{"type":"Polygon","coordinates":[[[-63.11070,-28.31655],[-61.86408,-28.31884],[-61.87104,-28.35769],[-61.77203,-28.35709],[-61.85724,-28.86645],[-62.65466,-28.86320],[-62.65516,-28.84707],[-62.66622,-28.84671],[-62.65990,-28.83243],[-62.67595,-28.81985],[-62.65838,-28.81030],[-62.68234,-28.81566],[-62.67236,-28.80971],[-62.69797,-28.79380],[-62.71421,-28.70912],[-62.75337,-28.63244],[-62.88223,-28.56513],[-62.87894,-28.50730],[-62.91435,-28.46049],[-63.04079,-28.40760],[-63.11177,-28.32489],[-63.11070,-28.31655]]]}},{"type":"Feature","properties":{"departamento": "Rivadavia", "provincia": "Santiago del Estero", "hechos": 32, "nivel": "bajo"},"geometry":{"type":"Polygon","coordinates":[[[-61.99167,-29.66160],[-62.13065,-30.48043],[-62.17379,-30.34531],[-62.52008,-30.34190],[-62.53453,-30.31202],[-62.59362,-30.25958],[-62.59680,-30.16574],[-62.56767,-30.12307],[-62.55648,-30.06279],[-62.60851,-30.05646],[-62.43615,-29.94958],[-62.43751,-29.66660],[-61.99167,-29.66160]]]}},{"type":"Feature","properties":{"departamento": "Ojo de Agua", "provincia": "Santiago del Estero", "hechos": 115, "nivel": "bajo"},"geometry":{"type":"Polygon","coordinates":[[[-64.10987,-28.83357],[-64.00572,-28.87749],[-63.95628,-28.87133],[-63.88066,-28.91041],[-63.91944,-28.93766],[-63.85191,-28.93805],[-63.81943,-28.96251],[-63.80754,-28.95304],[-63.79600,-28.96208],[-63.84592,-29.00368],[-63.83122,-29.01679],[-63.83572,-29.03649],[-63.71876,-29.05920],[-63.73007,-29.10879],[-63.77411,-29.10105],[-63.79451,-29.21759],[-63.75041,-29.22551],[-63.73830,-29.17016],[-63.67060,-29.18185],[-63.70505,-29.33488],[-63.64726,-29.30630],[-63.65317,-29.39249],[-63.67822,-29.41270],[-63.64222,-29.43962],[-63.58094,-29.45296],[-63.57488,-29.50026],[-63.53851,-29.51904],[-63.53269,-29.48333],[-63.46087,-29.50007],[-63.46241,-29.51050],[-63.32940,-29.53748],[-63.34458,-29.61426],[-63.27853,-29.63496],[-63.27047,-29.77918],[-63.45962,-29.75693],[-63.45970,-29.72552],[-63.48047,-29.72555],[-63.46535,-29.66448],[-63.62790,-29.65500],[-63.71900,-29.66622],[-63.74841,-29.65328],[-63.75615,-29.62155],[-63.79605,-29.61443],[-63.78377,-29.58417],[-63.84191,-29.58077],[-63.87386,-29.63079],[-63.95780,-29.62350],[-63.98080,-29.55103],[-64.08226,-29.53013],[-64.27548,-29.49867],[-64.58874,-29.54182],[-64.51364,-29.03444],[-64.26609,-29.03732],[-64.19403,-28.75961],[-64.13875,-28.79437],[-64.10987,-28.83357]]]}},{"type":"Feature","properties":{"departamento": "Choya", "provincia": "Santiago del Estero", "hechos": 922, "nivel": "bajo"},"geometry":{"type":"Polygon","coordinates":[[[-64.75739,-28.14179],[-64.48410,-28.18979],[-64.51237,-28.31655],[-64.54939,-28.31033],[-64.55109,-28.31879],[-64.48163,-28.33116],[-64.49194,-28.37602],[-64.44864,-28.38351],[-64.45347,-28.40429],[-64.55761,-28.38582],[-64.57488,-28.42225],[-64.58960,-28.41982],[-64.60049,-28.46764],[-64.54594,-28.47761],[-64.55421,-28.51621],[-64.51253,-28.52429],[-64.52348,-28.57193],[-64.54927,-28.56727],[-64.56679,-28.67279],[-64.53475,-28.67850],[-64.54258,-28.71193],[-64.51330,-28.71708],[-64.52351,-28.76411],[-64.49381,-28.76930],[-64.49793,-28.78755],[-64.52305,-28.78322],[-64.55902,-29.01582],[-64.51183,-29.02410],[-64.58874,-29.54182],[-64.82463,-29.57430],[-64.82594,-29.47365],[-64.78597,-29.40550],[-64.83807,-29.34255],[-64.84229,-29.31275],[-64.82475,-29.27378],[-64.78097,-29.26759],[-64.83760,-29.22857],[-64.85449,-29.19740],[-64.85984,-29.03500],[-64.90660,-28.93245],[-64.91195,-28.88664],[-64.90113,-28.84131],[-64.93860,-28.80574],[-64.97727,-28.78920],[-65.01663,-28.73781],[-65.12684,-28.71622],[-65.13652,-28.64688],[-65.17325,-28.63325],[-65.17061,-28.61839],[-65.18833,-28.61915],[-65.18462,-28.60057],[-65.12589,-28.61147],[-65.11848,-28.57618],[-65.09709,-28.47094],[-65.10956,-28.24081],[-64.94826,-28.27307],[-64.93777,-28.23088],[-64.85445,-28.24729],[-64.83201,-28.15272],[-64.78527,-28.16221],[-64.78328,-28.15175],[-64.76081,-28.15628],[-64.75739,-28.14179]]]}},{"type":"Feature","properties":{"departamento": "Independencia", "provincia": "La Rioja", "hechos": 6, "nivel": "bajo"},"geometry":{"type":"Polygon","coordinates":[[[-67.53680,-29.78613],[-66.84724,-29.82966],[-66.86110,-30.00254],[-66.87799,-30.03718],[-66.85656,-30.11510],[-66.86102,-30.40358],[-66.90022,-30.46692],[-66.91708,-30.53126],[-67.50785,-30.51568],[-67.57801,-30.40418],[-67.59087,-30.29815],[-67.87736,-30.07513],[-67.89830,-30.07430],[-67.93054,-30.03022],[-67.99145,-29.98513],[-67.81704,-29.80133],[-67.61253,-29.65604],[-67.53680,-29.78613]]]}},{"type":"Feature","properties":{"departamento": "General Ortiz de Ocampo", "provincia": "La Rioja", "hechos": 21, "nivel": "bajo"},"geometry":{"type":"Polygon","coordinates":[[[-65.64235,-30.75399],[-65.77146,-31.04416],[-65.77083,-31.36835],[-66.30807,-31.18865],[-66.41927,-31.18753],[-66.42763,-31.13614],[-66.46300,-31.09605],[-66.48067,-31.09575],[-66.48990,-30.98694],[-66.41143,-30.93892],[-66.39016,-30.84883],[-66.32570,-30.79290],[-66.35328,-30.74772],[-65.64235,-30.75399]]]}},{"type":"Feature","properties":{"departamento": "Chamical", "provincia": "La Rioja", "hechos": 232, "nivel": "bajo"},"geometry":{"type":"Polygon","coordinates":[[[-65.70080,-29.82706],[-65.54484,-29.82772],[-65.42299,-30.11960],[-65.49246,-30.37180],[-65.99757,-30.39359],[-66.23236,-30.52663],[-66.37180,-30.50970],[-66.40211,-30.47125],[-66.50101,-30.26815],[-66.43027,-30.02431],[-65.70080,-29.82706]]]}},{"type":"Feature","properties":{"departamento": "Pocito", "provincia": "San Juan", "hechos": 1108, "nivel": "bajo"},"geometry":{"type":"Polygon","coordinates":[[[-68.60152,-31.57089],[-68.51622,-31.59618],[-68.53222,-31.62991],[-68.50503,-31.63813],[-68.52048,-31.67181],[-68.49089,-31.79002],[-68.45413,-31.81767],[-68.43323,-31.88799],[-68.44317,-31.87544],[-68.54148,-31.87276],[-68.68891,-31.90717],[-68.67084,-31.85734],[-68.66381,-31.73664],[-68.67411,-31.70767],[-68.69020,-31.70299],[-68.71109,-31.64477],[-68.69488,-31.62121],[-68.63208,-31.62120],[-68.63183,-31.60389],[-68.60152,-31.57089]]]}},{"type":"Feature","properties":{"departamento": "Zonda", "provincia": "San Juan", "hechos": 100, "nivel": "bajo"},"geometry":{"type":"Polygon","coordinates":[[[-69.19617,-31.24694],[-69.11081,-31.26231],[-69.10843,-31.28129],[-69.05640,-31.29835],[-69.02830,-31.32193],[-69.00555,-31.36504],[-68.99536,-31.52000],[-68.85750,-31.51142],[-68.80548,-31.52029],[-68.67776,-31.49591],[-68.65171,-31.47236],[-68.70776,-31.56375],[-68.68650,-31.56450],[-68.69866,-31.58943],[-68.69488,-31.62121],[-68.71116,-31.64616],[-68.66381,-31.73664],[-68.67084,-31.85734],[-68.68891,-31.90717],[-69.11764,-31.90806],[-69.10231,-31.85026],[-69.13459,-31.78453],[-69.13463,-31.75864],[-69.16207,-31.72549],[-69.15723,-31.58149],[-69.19104,-31.53123],[-69.18843,-31.51521],[-69.20328,-31.50927],[-69.21920,-31.45619],[-69.20514,-31.43141],[-69.21608,-31.40168],[-69.19905,-31.37804],[-69.21864,-31.34040],[-69.20694,-31.32211],[-69.21713,-31.28472],[-69.21193,-31.25572],[-69.19617,-31.24694]]]}},{"type":"Feature","properties":{"departamento": "Arauco", "provincia": "La Rioja", "hechos": 162, "nivel": "bajo"},"geometry":{"type":"Polygon","coordinates":[[[-66.53053,-28.53110],[-66.49627,-28.53134],[-66.49622,-28.62229],[-66.39600,-28.67700],[-66.37866,-28.71335],[-66.35177,-28.72055],[-66.35098,-28.73073],[-66.73471,-28.85231],[-66.83662,-28.62795],[-67.01192,-28.60378],[-66.98771,-28.47977],[-67.02180,-28.35266],[-66.94256,-28.26617],[-66.57081,-28.28863],[-66.51403,-28.46543],[-66.53053,-28.53110]]]}},{"type":"Feature","properties":{"departamento": "El Carmen", "provincia": "Jujuy", "hechos": 2049, "nivel": "bajo"},"geometry":{"type":"Polygon","coordinates":[[[-65.26270,-24.31436],[-64.89982,-24.38328],[-64.95404,-24.44970],[-64.85408,-24.47433],[-64.88548,-24.52084],[-64.89347,-24.56089],[-64.88366,-24.57158],[-64.89694,-24.59199],[-64.92741,-24.59977],[-65.07967,-24.56218],[-65.10516,-24.52304],[-65.19412,-24.45986],[-65.22765,-24.46756],[-65.22927,-24.48622],[-65.31731,-24.50234],[-65.34633,-24.49682],[-65.35935,-24.45894],[-65.35065,-24.42904],[-65.36793,-24.41098],[-65.35719,-24.38304],[-65.26962,-24.36219],[-65.26270,-24.31436]]]}},{"type":"Feature","properties":{"departamento": "Magallanes", "provincia": "Santa Cruz", "hechos": 122, "nivel": "bajo"},"geometry":{"type":"MultiPolygon","coordinates":[[[[-67.55312,-48.11298],[-67.17193,-48.48388],[-66.86927,-48.58604],[-66.89661,-48.60135],[-66.99058,-48.61344],[-67.12541,-48.68219],[-67.14059,-48.69652],[-67.15159,-48.74839],[-67.18628,-48.77271],[-67.19289,-48.81321],[-67.21993,-48.83800],[-67.41309,-48.91271],[-67.55362,-49.01660],[-67.59907,-49.10355],[-67.63562,-49.13824],[-67.63290,-49.15628],[-67.61373,-49.16089],[-67.61389,-49.18518],[-67.66461,-49.20349],[-67.67480,-49.22058],[-67.66760,-49.24591],[-67.68890,-49.26178],[-67.74139,-49.27533],[-67.71570,-49.31781],[-67.76080,-49.31390],[-67.79761,-49.32800],[-67.80469,-49.34277],[-67.79498,-49.36322],[-67.77209,-49.38068],[-67.81940,-49.37659],[-67.83752,-49.38678],[-67.81860,-49.40552],[-67.71381,-49.38593],[-67.68542,-49.35358],[-67.69910,-49.30890],[-67.67273,-49.29852],[-67.66809,-49.25519],[-67.61316,-49.25011],[-67.60360,-49.29567],[-67.66278,-49.39660],[-67.67589,-49.44187],[-68.82262,-49.45485],[-68.82683,-49.31679],[-69.75784,-49.31824],[-69.73441,-48.32208],[-69.35534,-48.43832],[-68.33544,-48.37961],[-68.18558,-48.44458],[-67.61612,-48.09166],[-67.58742,-48.11235],[-67.55312,-48.11298]]],[[[-67.69249,-49.26551],[-67.70476,-49.28486],[-67.73364,-49.27687],[-67.69249,-49.26551]]],[[[-67.68598,-49.28260],[-67.70103,-49.29890],[-67.70638,-49.29493],[-67.68598,-49.28260]]],[[[-67.04303,-48.75100],[-67.04799,-48.75249],[-67.04432,-48.74910],[-67.04303,-48.75100]]],[[[-67.13456,-48.73649],[-67.14062,-48.73610],[-67.13567,-48.73454],[-67.13456,-48.73649]]],[[[-67.05621,-48.74945],[-67.05953,-48.74798],[-67.05592,-48.74797],[-67.05621,-48.74945]]],[[[-67.14325,-48.74331],[-67.14455,-48.74524],[-67.14524,-48.74380],[-67.14325,-48.74331]]]]}},{"type":"Feature","properties":{"departamento": "Corpen Aike", "provincia": "Santa Cruz", "hechos": 146, "nivel": "bajo"},"geometry":{"type":"Polygon","coordinates":[[[-69.75825,-49.20867],[-69.75784,-49.31824],[-68.82683,-49.31679],[-68.82262,-49.45485],[-67.67589,-49.44187],[-67.72049,-49.63596],[-67.71545,-49.69943],[-67.72967,-49.77590],[-67.83640,-49.94461],[-67.91699,-50.00530],[-68.03950,-50.06817],[-68.14350,-50.10437],[-68.32661,-50.12298],[-68.35295,-50.11760],[-68.36938,-50.08728],[-68.41638,-50.05902],[-68.46259,-49.98291],[-68.49921,-49.94580],[-68.53192,-49.93359],[-68.55829,-49.87219],[-68.60718,-49.82562],[-68.62671,-49.78650],[-68.64319,-49.77942],[-68.57141,-49.93683],[-68.65912,-49.96490],[-68.87451,-49.96582],[-68.89612,-49.97150],[-68.93280,-50.00000],[-68.85907,-49.96918],[-68.67291,-49.99329],[-68.58069,-49.96442],[-68.50928,-50.01978],[-68.51312,-50.05310],[-68.49030,-50.08801],[-68.45172,-50.11072],[-68.41150,-50.11548],[-68.39679,-50.13141],[-68.36078,-50.13538],[-68.35819,-50.15892],[-68.40721,-50.18624],[-68.63392,-50.24882],[-68.69165,-50.27627],[-68.77326,-50.28815],[-68.88001,-50.33562],[-68.87931,-50.36085],[-68.90660,-50.36346],[-68.97099,-50.41987],[-69.07922,-50.56515],[-69.09262,-50.62287],[-69.13987,-50.72228],[-69.13854,-50.76562],[-70.64604,-50.73676],[-70.63010,-50.37448],[-70.63871,-50.36814],[-70.63106,-50.21927],[-70.62155,-50.21252],[-70.58076,-49.20388],[-69.75825,-49.20867]]]}},{"type":"Feature","properties":{"departamento": "Conesa", "provincia": "Río Negro", "hechos": 99, "nivel": "bajo"},"geometry":{"type":"Polygon","coordinates":[[[-65.24552,-39.85068],[-63.38241,-39.87192],[-63.38080,-40.40864],[-63.83093,-40.41055],[-63.84804,-40.40581],[-63.84530,-40.39028],[-63.99765,-40.50631],[-64.08301,-40.44217],[-65.19400,-40.43648],[-65.19320,-39.97976],[-65.28342,-39.92531],[-65.21366,-39.87086],[-65.24573,-39.86588],[-65.24552,-39.85068]]]}},{"type":"Feature","properties":{"departamento": "12 de Octubre", "provincia": "Chaco", "hechos": 124, "nivel": "bajo"},"geometry":{"type":"Polygon","coordinates":[[[-61.71268,-26.92820],[-60.99721,-27.41770],[-60.99728,-27.47811],[-61.57117,-27.48019],[-61.56927,-27.71424],[-61.71187,-27.71397],[-61.71268,-26.92820]]]}},{"type":"Feature","properties":{"departamento": "Pilagás", "provincia": "Formosa", "hechos": 104, "nivel": "bajo"},"geometry":{"type":"Polygon","coordinates":[[[-58.89154,-24.71504],[-58.80736,-24.77241],[-58.72699,-24.77433],[-58.70857,-24.81052],[-58.68875,-24.81018],[-58.67350,-24.83151],[-58.57358,-24.82103],[-58.52619,-24.85082],[-58.51090,-24.84351],[-58.47370,-24.86091],[-58.43002,-24.89330],[-58.42863,-24.92344],[-58.40834,-24.92306],[-58.38052,-24.95513],[-58.37835,-25.39297],[-58.60517,-25.39435],[-58.60510,-25.47065],[-59.05363,-25.17402],[-58.89118,-25.05196],[-58.89154,-24.71504]]]}},{"type":"Feature","properties":{"departamento": "Laishi", "provincia": "Formosa", "hechos": 165, "nivel": "bajo"},"geometry":{"type":"Polygon","coordinates":[[[-58.50413,-26.34335],[-58.26735,-26.34418],[-58.21585,-26.38414],[-58.21850,-26.41783],[-58.18090,-26.45740],[-58.23400,-26.47425],[-58.20820,-26.49547],[-58.22493,-26.53607],[-58.19981,-26.56051],[-58.19409,-26.59780],[-58.21020,-26.62213],[-58.19067,-26.64315],[-58.20946,-26.65491],[-58.26022,-26.64509],[-58.24800,-26.75462],[-58.29335,-26.75776],[-58.28398,-26.79539],[-58.33486,-26.80956],[-58.31789,-26.85273],[-58.32527,-26.86967],[-58.37021,-26.86427],[-58.37824,-26.87984],[-58.38250,-26.85892],[-58.39866,-26.86489],[-58.39058,-26.84102],[-58.40104,-26.82993],[-58.40437,-26.84059],[-58.40912,-26.82737],[-58.42814,-26.83377],[-58.42243,-26.82438],[-58.44382,-26.83206],[-58.45048,-26.81713],[-58.47330,-26.82822],[-58.48566,-26.79495],[-58.52083,-26.75613],[-58.53414,-26.75613],[-58.53081,-26.74076],[-58.54460,-26.73863],[-58.54539,-26.75159],[-58.56912,-26.72770],[-58.57218,-26.68752],[-58.61100,-26.68149],[-58.62815,-26.66233],[-58.68155,-26.64249],[-58.68942,-26.59415],[-58.74438,-26.60265],[-58.77060,-26.53866],[-58.79615,-26.53504],[-58.79113,-26.51996],[-58.84561,-26.51922],[-58.86575,-26.47508],[-58.90981,-26.46256],[-58.91485,-26.44514],[-58.94197,-26.43066],[-58.95556,-26.39988],[-58.97486,-26.38846],[-58.97445,-26.18577],[-58.75766,-26.18355],[-58.75666,-26.15730],[-58.56870,-26.15921],[-58.56897,-26.17350],[-58.50539,-26.17364],[-58.50413,-26.34335]]]}},{"type":"Feature","properties":{"departamento": "Pirané", "provincia": "Formosa", "hechos": 825, "nivel": "bajo"},"geometry":{"type":"Polygon","coordinates":[[[-58.92586,-25.77856],[-58.92603,-26.18530],[-58.97445,-26.18577],[-58.97486,-26.38846],[-59.00273,-26.37415],[-59.02408,-26.38122],[-59.04290,-26.36535],[-59.06848,-26.37423],[-59.10600,-26.34485],[-59.12882,-26.34399],[-59.11028,-26.32600],[-59.15387,-26.31686],[-59.15211,-26.30801],[-59.13880,-26.31272],[-59.14023,-26.29944],[-59.18196,-26.30472],[-59.19259,-26.32973],[-59.25473,-26.34049],[-59.25241,-26.34871],[-59.31112,-26.33943],[-59.31299,-26.31895],[-59.35751,-26.33797],[-59.40329,-26.29948],[-59.38694,-26.29473],[-59.38456,-26.27930],[-59.39607,-26.27378],[-59.38069,-26.26493],[-59.39793,-26.25862],[-59.41586,-26.22216],[-59.41030,-26.20710],[-59.42935,-26.19775],[-59.41874,-26.19617],[-59.42066,-26.17830],[-59.40893,-26.18001],[-59.42138,-26.16116],[-59.45416,-26.14761],[-59.45618,-26.16020],[-59.46497,-26.15059],[-59.49580,-26.16238],[-59.53548,-26.14132],[-59.57423,-26.15281],[-59.58477,-26.12183],[-59.59721,-26.13096],[-59.60335,-26.11522],[-59.63664,-26.11993],[-59.63515,-25.60752],[-59.05363,-25.17402],[-58.60510,-25.47065],[-58.60475,-25.77724],[-58.92586,-25.77856]]]}},{"type":"Feature","properties":{"departamento": "General Güemes", "provincia": "Chaco", "hechos": 775, "nivel": "bajo"},"geometry":{"type":"Polygon","coordinates":[[[-62.32434,-24.12318],[-62.30152,-24.11620],[-62.24353,-24.14543],[-62.22832,-24.13540],[-62.21643,-24.15110],[-62.18268,-24.15503],[-62.17175,-24.17771],[-62.18078,-24.19515],[-62.16795,-24.20387],[-62.13610,-24.19602],[-62.13847,-24.21869],[-62.07643,-24.20130],[-62.08286,-24.23046],[-62.05529,-24.21128],[-62.04103,-24.24049],[-62.01773,-24.22698],[-61.98921,-24.25051],[-61.97923,-24.24528],[-61.98465,-24.22710],[-61.94500,-24.23918],[-61.95451,-24.26141],[-61.90784,-24.25943],[-61.90401,-24.27777],[-61.92026,-24.28390],[-61.90852,-24.30676],[-61.88368,-24.26664],[-61.87932,-24.30732],[-61.83995,-24.30150],[-61.83139,-24.31674],[-61.80239,-24.32241],[-61.79859,-24.33635],[-61.76151,-24.30672],[-61.76056,-24.32851],[-61.72063,-24.33983],[-61.72824,-24.35943],[-61.69401,-24.36596],[-61.71398,-24.38338],[-61.69449,-24.41515],[-61.63970,-24.43457],[-61.61035,-24.42168],[-61.60417,-24.45563],[-61.59751,-24.43822],[-61.58284,-24.44159],[-61.59640,-24.47929],[-61.52175,-24.51806],[-61.52396,-24.53926],[-61.47725,-24.57523],[-61.47154,-24.58479],[-61.48390,-24.59001],[-61.47260,-24.60106],[-61.42383,-24.61748],[-61.38273,-24.61276],[-61.38123,-24.63781],[-61.36184,-24.62165],[-61.34611,-24.63866],[-61.28473,-24.62434],[-61.27606,-24.63915],[-61.25573,-24.62174],[-61.24432,-24.65345],[-61.23006,-24.63521],[-61.22721,-24.65519],[-61.21485,-24.64911],[-61.19726,-24.66127],[-61.19916,-24.67430],[-61.21770,-24.66562],[-61.20107,-24.68256],[-61.20807,-24.69803],[-61.18015,-24.72251],[-61.17064,-24.69993],[-61.15686,-24.70384],[-61.17017,-24.70992],[-61.16256,-24.72164],[-61.17159,-24.73423],[-61.15020,-24.74986],[-61.15638,-24.78502],[-61.13309,-24.78675],[-61.14402,-24.80498],[-61.09268,-24.83491],[-61.09126,-24.85270],[-61.06796,-24.85747],[-61.07510,-24.87270],[-61.04277,-24.89736],[-61.02423,-24.88912],[-61.03184,-24.90126],[-61.01615,-24.90950],[-61.02023,-24.92132],[-60.99419,-24.91639],[-60.99571,-24.93378],[-60.96397,-24.94839],[-60.95352,-24.97265],[-60.92155,-24.97928],[-60.94152,-24.99098],[-60.94009,-25.00441],[-60.92726,-24.99271],[-60.92108,-25.01047],[-60.89208,-25.01134],[-60.86974,-25.03126],[-60.82173,-25.03429],[-60.83694,-25.03819],[-60.81412,-25.07456],[-60.80699,-25.06417],[-60.74852,-25.06937],[-60.76754,-25.09058],[-60.73807,-25.09751],[-60.72145,-25.12521],[-60.70004,-25.11958],[-60.67627,-25.13559],[-60.68625,-25.11396],[-60.65345,-25.11958],[-60.67056,-25.14901],[-60.64442,-25.15420],[-60.65155,-25.16545],[-60.63063,-25.17756],[-60.60829,-25.17713],[-60.60544,-25.15939],[-60.58595,-25.17799],[-60.57121,-25.16977],[-60.56836,-25.19876],[-60.54100,-25.16745],[-60.52965,-25.17178],[-60.51021,-25.18830],[-60.50831,-25.21382],[-60.48977,-25.20949],[-60.48502,-25.23587],[-60.44176,-25.26527],[-60.42750,-25.31540],[-60.41371,-25.30762],[-60.38899,-25.33527],[-60.35429,-25.32274],[-60.33861,-25.36551],[-60.34621,-25.38019],[-60.31294,-25.38840],[-60.33385,-25.39142],[-60.32720,-25.40739],[-60.30771,-25.40567],[-60.32292,-25.42423],[-60.29582,-25.40998],[-60.30010,-25.42768],[-60.28251,-25.43330],[-60.27443,-25.46653],[-60.25257,-25.46394],[-60.22452,-25.48508],[-60.24116,-25.50881],[-60.22690,-25.50148],[-60.22024,-25.53426],[-60.24163,-25.54461],[-60.23783,-25.55927],[-60.20503,-25.57393],[-60.22642,-25.58600],[-60.21169,-25.59290],[-60.21549,-25.60195],[-60.18411,-25.61143],[-60.20313,-25.61359],[-60.17508,-25.63040],[-60.19267,-25.63600],[-60.17698,-25.65970],[-60.14228,-25.63729],[-60.13991,-25.65108],[-60.11566,-25.66314],[-60.10140,-25.65754],[-60.09926,-26.12238],[-61.20358,-26.10901],[-61.19357,-25.56350],[-61.39383,-25.56039],[-61.39366,-25.46950],[-62.21856,-25.46668],[-62.21856,-24.83011],[-62.71577,-24.83090],[-62.34235,-24.39211],[-62.34216,-24.11025],[-62.32672,-24.07868],[-62.30960,-24.10530],[-62.32434,-24.12318]]]}},{"type":"Feature","properties":{"departamento": "Valcheta", "provincia": "Río Negro", "hechos": 18, "nivel": "bajo"},"geometry":{"type":"Polygon","coordinates":[[[-65.77425,-39.91866],[-65.79007,-41.18242],[-65.75776,-41.24434],[-65.72811,-42.00000],[-66.87689,-42.00000],[-66.82567,-39.91059],[-65.77425,-39.91866]]]}},{"type":"Feature","properties":{"departamento": "San Antonio", "provincia": "Río Negro", "hechos": 830, "nivel": "bajo"},"geometry":{"type":"MultiPolygon","coordinates":[[[[-65.19400,-40.43648],[-64.60154,-40.43894],[-64.60318,-40.85020],[-64.75708,-40.81763],[-64.87531,-40.82892],[-64.90491,-40.80548],[-64.84521,-40.78247],[-64.85663,-40.80371],[-64.84528,-40.81488],[-64.83600,-40.78583],[-64.74200,-40.81073],[-64.74921,-40.80518],[-64.73419,-40.80261],[-64.75378,-40.79437],[-64.73358,-40.78693],[-64.75861,-40.76788],[-64.79749,-40.78052],[-64.80060,-40.74829],[-64.77350,-40.74280],[-64.80627,-40.72552],[-64.95453,-40.70959],[-64.95178,-40.71979],[-64.97150,-40.71600],[-64.96912,-40.72528],[-64.99609,-40.71771],[-64.96991,-40.72717],[-64.91669,-40.72729],[-64.92218,-40.74048],[-64.95923,-40.74811],[-64.89990,-40.76080],[-65.01801,-40.76440],[-65.09729,-40.81830],[-65.12891,-40.85681],[-65.12518,-40.88129],[-65.14972,-40.90900],[-65.16669,-40.97400],[-65.15430,-41.16278],[-65.07361,-41.41522],[-65.05292,-41.43182],[-65.04388,-41.46252],[-65.00031,-41.48608],[-64.98779,-41.51880],[-65.00671,-41.55731],[-64.98639,-41.57678],[-64.99719,-41.57629],[-65.01648,-41.61029],[-65.03711,-41.59821],[-65.02271,-41.61841],[-65.02100,-41.73322],[-64.99768,-41.76660],[-65.01270,-41.77972],[-65.01587,-41.83221],[-65.03967,-41.83087],[-65.04919,-41.84290],[-65.03711,-41.87299],[-65.05762,-41.88159],[-65.06610,-41.90558],[-65.06925,-42.00000],[-65.72811,-42.00000],[-65.75776,-41.24434],[-65.79007,-41.18242],[-65.77425,-39.91866],[-65.29462,-39.91853],[-65.19320,-39.97976],[-65.19400,-40.43648]]],[[[-64.76547,-40.78351],[-64.75998,-40.77439],[-64.75536,-40.77439],[-64.75413,-40.77755],[-64.76547,-40.78351]]],[[[-64.83659,-40.75222],[-64.84328,-40.75621],[-64.83683,-40.75145],[-64.83659,-40.75222]]],[[[-64.90498,-40.74001],[-64.90687,-40.74136],[-64.90688,-40.73919],[-64.90498,-40.74001]]]]}},{"type":"Feature","properties":{"departamento": "9 de Julio", "provincia": "Río Negro", "hechos": 12, "nivel": "bajo"},"geometry":{"type":"Polygon","coordinates":[[[-66.82567,-39.91059],[-66.87689,-42.00000],[-68.08567,-42.00000],[-68.00852,-40.15816],[-68.23147,-40.07312],[-67.87220,-39.81090],[-66.82567,-39.91059]]]}},{"type":"Feature","properties":{"departamento": "Ñorquinco", "provincia": "Río Negro", "hechos": 14, "nivel": "bajo"},"geometry":{"type":"Polygon","coordinates":[[[-69.75527,-41.50519],[-69.38953,-42.00000],[-71.17485,-42.00000],[-71.24009,-41.95399],[-71.22579,-41.85581],[-71.30641,-41.82094],[-71.22546,-41.66537],[-71.22951,-41.49982],[-71.03040,-41.54188],[-70.92920,-41.42759],[-70.81315,-41.52290],[-70.68895,-41.43803],[-70.61638,-41.41339],[-70.26975,-41.41525],[-69.75527,-41.50519]]]}},{"type":"Feature","properties":{"departamento": "25 de Mayo", "provincia": "Río Negro", "hechos": 40, "nivel": "bajo"},"geometry":{"type":"Polygon","coordinates":[[[-68.08565,-41.99967],[-69.38953,-42.00000],[-69.75527,-41.50519],[-70.26975,-41.41525],[-69.95332,-41.13509],[-70.17950,-41.02634],[-69.88849,-40.84803],[-69.80794,-40.66513],[-69.38667,-40.46882],[-68.78625,-40.42845],[-68.59478,-40.13261],[-68.23147,-40.07312],[-68.00852,-40.15816],[-68.08565,-41.99967]]]}},{"type":"Feature","properties":{"departamento": "Pilcaniyeu", "provincia": "Río Negro", "hechos": 106, "nivel": "bajo"},"geometry":{"type":"Polygon","coordinates":[[[-69.75504,-39.87796],[-69.80794,-40.66513],[-69.88849,-40.84803],[-70.17950,-41.02634],[-69.95332,-41.13509],[-70.26975,-41.41525],[-70.61638,-41.41339],[-70.68895,-41.43803],[-70.81315,-41.52290],[-70.92920,-41.42759],[-71.03040,-41.54188],[-71.22951,-41.49982],[-71.22432,-41.33606],[-71.18087,-41.32864],[-71.21437,-41.31576],[-71.21722,-41.29648],[-71.16805,-41.23942],[-71.15631,-41.18218],[-71.11344,-41.13659],[-71.14331,-41.10859],[-71.14596,-41.08467],[-71.21939,-41.08622],[-71.17488,-41.05620],[-71.13275,-41.04907],[-71.11532,-41.00765],[-71.08858,-40.99721],[-71.10245,-40.99080],[-71.06033,-40.98082],[-71.03205,-40.93336],[-71.03899,-40.88902],[-71.05363,-40.88211],[-71.04684,-40.87122],[-71.09995,-40.84036],[-71.09308,-40.82594],[-71.11933,-40.80406],[-71.12094,-40.75863],[-71.09406,-40.72699],[-71.02972,-40.72443],[-71.01178,-40.67932],[-70.97650,-40.64868],[-70.87909,-40.62042],[-70.85541,-40.59338],[-70.73313,-40.58005],[-70.69403,-40.59436],[-70.64974,-40.58970],[-70.62360,-40.55310],[-70.54968,-40.52100],[-70.54248,-40.50360],[-70.46509,-40.51221],[-70.42493,-40.53632],[-70.17883,-40.48981],[-70.16814,-40.47426],[-70.17494,-40.42761],[-70.10302,-40.40574],[-70.06269,-40.37464],[-70.04957,-40.31778],[-70.05882,-40.24896],[-70.00209,-40.20320],[-69.99203,-40.17997],[-69.95028,-40.17898],[-69.97069,-40.12104],[-69.99479,-40.10313],[-70.00537,-40.04743],[-69.97089,-39.97774],[-69.93123,-39.94326],[-69.88045,-39.93008],[-69.86594,-39.91090],[-69.75504,-39.87796]]]}},{"type":"Feature","properties":{"departamento": "Chimbas", "provincia": "San Juan", "hechos": 2343, "nivel": "bajo"},"geometry":{"type":"Polygon","coordinates":[[[-68.51874,-31.45770],[-68.44564,-31.47518],[-68.43066,-31.50820],[-68.47172,-31.49728],[-68.53801,-31.51122],[-68.62810,-31.51201],[-68.64209,-31.50247],[-68.61182,-31.50062],[-68.51874,-31.45770]]]}},{"type":"Feature","properties":{"departamento": "9 de Julio", "provincia": "San Juan", "hechos": 234, "nivel": "bajo"},"geometry":{"type":"Polygon","coordinates":[[[-68.41272,-31.53145],[-68.35824,-31.57629],[-68.36411,-31.58746],[-68.33666,-31.66003],[-68.34869,-31.71208],[-68.38073,-31.74450],[-68.36305,-31.75517],[-68.37896,-31.77596],[-68.37574,-31.79147],[-68.39176,-31.78592],[-68.38127,-31.76477],[-68.39339,-31.75263],[-68.38384,-31.75108],[-68.41666,-31.72755],[-68.42290,-31.70035],[-68.41308,-31.69967],[-68.40843,-31.67125],[-68.44939,-31.58310],[-68.43154,-31.55118],[-68.41425,-31.55379],[-68.41272,-31.53145]]]}},{"type":"Feature","properties":{"departamento": "Albardón", "provincia": "San Juan", "hechos": 658, "nivel": "bajo"},"geometry":{"type":"Polygon","coordinates":[[[-68.33431,-30.92993],[-68.33431,-31.29419],[-68.41126,-31.35810],[-68.47006,-31.45366],[-68.46075,-31.46312],[-68.51874,-31.45770],[-68.61182,-31.50062],[-68.64209,-31.50247],[-68.60524,-31.45065],[-68.58775,-31.35965],[-68.54788,-31.28596],[-68.53898,-31.17687],[-68.49362,-30.99230],[-68.42553,-30.95336],[-68.42573,-30.92949],[-68.33431,-30.92993]]]}},{"type":"Feature","properties":{"departamento": "Angaco", "provincia": "San Juan", "hechos": 168, "nivel": "bajo"},"geometry":{"type":"Polygon","coordinates":[[[-67.87525,-30.93070],[-67.81371,-31.01225],[-67.86759,-31.05880],[-67.89569,-31.11368],[-67.89420,-31.15067],[-67.91025,-31.16289],[-67.89704,-31.18124],[-67.91116,-31.19268],[-67.90357,-31.27067],[-67.92943,-31.29071],[-67.93561,-31.34674],[-67.96990,-31.37522],[-67.96713,-31.40195],[-67.93831,-31.40233],[-67.95325,-31.42272],[-67.97568,-31.41751],[-68.00436,-31.43323],[-68.02520,-31.45261],[-68.01931,-31.46199],[-68.39540,-31.46469],[-68.47006,-31.45366],[-68.41126,-31.35810],[-68.33431,-31.29419],[-68.33431,-30.92993],[-67.87525,-30.93070]]]}},{"type":"Feature","properties":{"departamento": "San Martín", "provincia": "San Juan", "hechos": 230, "nivel": "bajo"},"geometry":{"type":"Polygon","coordinates":[[[-68.46075,-31.46312],[-68.01931,-31.46199],[-68.04068,-31.53006],[-68.03053,-31.56699],[-67.98393,-31.63050],[-68.37569,-31.56834],[-68.44089,-31.50100],[-68.44426,-31.47706],[-68.46075,-31.46312]]]}},{"type":"Feature","properties":{"departamento": "Caucete", "provincia": "San Juan", "hechos": 1325, "nivel": "bajo"},"geometry":{"type":"Polygon","coordinates":[[[-67.53039,-30.92976],[-67.49745,-30.95551],[-67.49445,-30.97888],[-67.50770,-30.98852],[-67.49443,-31.03855],[-67.45158,-31.06236],[-67.46997,-31.08027],[-67.44498,-31.09752],[-67.43387,-31.13355],[-67.43929,-31.20944],[-67.40249,-31.27550],[-67.40894,-31.28971],[-67.38819,-31.35213],[-67.35416,-31.40930],[-67.28063,-31.44840],[-67.07827,-31.43397],[-66.95197,-31.63330],[-66.86818,-31.63330],[-66.84521,-31.71458],[-66.79199,-31.82538],[-66.66179,-31.92054],[-66.88570,-31.89769],[-67.00593,-31.85536],[-67.05000,-31.85748],[-67.13673,-31.83380],[-67.23988,-31.88006],[-68.34689,-31.69470],[-68.33666,-31.66003],[-68.36485,-31.57122],[-67.98393,-31.63050],[-68.03053,-31.56699],[-68.04209,-31.52096],[-68.02938,-31.50860],[-68.02158,-31.44684],[-67.97568,-31.41751],[-67.95325,-31.42272],[-67.93853,-31.40627],[-67.96713,-31.40195],[-67.96990,-31.37522],[-67.93561,-31.34674],[-67.92943,-31.29071],[-67.90357,-31.27067],[-67.91116,-31.19268],[-67.89704,-31.18124],[-67.91025,-31.16289],[-67.89420,-31.15067],[-67.89569,-31.11368],[-67.86759,-31.05880],[-67.81371,-31.01225],[-67.87525,-30.93070],[-67.53039,-30.92976]]]}},{"type":"Feature","properties":{"departamento": "Jáchal", "provincia": "San Juan", "hechos": 211, "nivel": "bajo"},"geometry":{"type":"Polygon","coordinates":[[[-68.88726,-29.62037],[-68.86187,-29.63518],[-68.79278,-29.62220],[-68.75853,-29.63279],[-68.71532,-29.62468],[-68.68251,-29.64653],[-68.56734,-29.63696],[-68.46771,-29.64429],[-68.25879,-29.74673],[-68.35801,-29.80574],[-68.29827,-29.86257],[-68.26545,-29.92661],[-68.25058,-29.92767],[-68.23827,-29.98993],[-68.22729,-29.99707],[-68.17459,-29.95823],[-68.16213,-29.92032],[-68.13589,-29.90830],[-68.09825,-29.96313],[-68.09268,-29.99525],[-68.06296,-30.01449],[-68.05247,-30.05850],[-68.02978,-30.08696],[-68.00738,-30.19947],[-67.98135,-30.22555],[-67.95163,-30.22623],[-67.94232,-30.24622],[-67.91372,-30.24648],[-67.90508,-30.27757],[-67.86736,-30.29491],[-67.85510,-30.32895],[-67.81082,-30.37854],[-67.80782,-30.42902],[-67.78902,-30.44706],[-67.78906,-30.48213],[-67.76921,-30.49993],[-67.78234,-30.51031],[-67.76381,-30.53720],[-67.77671,-30.57226],[-67.76250,-30.59554],[-67.76222,-30.63624],[-67.74061,-30.66559],[-67.74144,-30.70233],[-67.60614,-30.83194],[-67.53057,-30.92955],[-68.42573,-30.92949],[-68.42553,-30.95336],[-68.48330,-30.98180],[-68.50006,-31.00435],[-68.75576,-31.00411],[-68.77261,-30.90498],[-68.76803,-30.85680],[-68.80037,-30.82926],[-68.79657,-30.80319],[-68.82013,-30.76121],[-68.82941,-30.69099],[-68.80598,-30.67030],[-68.80132,-30.62397],[-68.78173,-30.59763],[-68.91135,-30.56185],[-68.94596,-30.53889],[-69.01365,-30.53894],[-69.05707,-30.49537],[-69.06225,-30.46831],[-69.06302,-30.39389],[-69.04956,-30.34355],[-69.06624,-30.32750],[-69.03916,-30.29490],[-69.07150,-30.07238],[-69.02987,-29.98443],[-69.03990,-29.94962],[-69.01439,-29.88146],[-69.02767,-29.87118],[-69.02012,-29.81484],[-69.03205,-29.76176],[-69.01477,-29.69912],[-69.02743,-29.68019],[-69.01414,-29.65991],[-69.01908,-29.65261],[-69.02058,-29.63630],[-69.01299,-29.65204],[-68.95746,-29.65754],[-68.93735,-29.65088],[-68.93479,-29.62013],[-68.90784,-29.61982],[-68.88435,-29.59258],[-68.88726,-29.62037]]]}},{"type":"Feature","properties":{"departamento": "Valle Fértil", "provincia": "San Juan", "hechos": 103, "nivel": "bajo"},"geometry":{"type":"Polygon","coordinates":[[[-68.25094,-29.78192],[-68.19900,-29.78109],[-68.18520,-29.80298],[-68.18437,-29.84813],[-68.16367,-29.86413],[-68.15879,-29.88543],[-68.10519,-29.88424],[-68.05433,-29.90030],[-67.99009,-29.98810],[-67.93054,-30.03022],[-67.89830,-30.07430],[-67.87736,-30.07513],[-67.59087,-30.29815],[-67.57801,-30.40418],[-67.49480,-30.53633],[-67.41009,-30.62747],[-67.28279,-30.69528],[-67.12884,-30.89563],[-67.08207,-30.91610],[-67.11644,-31.01600],[-67.06677,-31.08317],[-67.10123,-31.38299],[-67.07825,-31.43400],[-67.28063,-31.44840],[-67.35416,-31.40930],[-67.38819,-31.35213],[-67.40894,-31.28971],[-67.40249,-31.27550],[-67.43929,-31.20944],[-67.43387,-31.13355],[-67.44498,-31.09752],[-67.46997,-31.08027],[-67.45158,-31.06236],[-67.49984,-31.02695],[-67.50770,-30.98852],[-67.49445,-30.97888],[-67.49745,-30.95551],[-67.74144,-30.70233],[-67.74061,-30.66559],[-67.76222,-30.63624],[-67.76250,-30.59554],[-67.77671,-30.57226],[-67.76381,-30.53720],[-67.78234,-30.51031],[-67.76921,-30.49993],[-67.78906,-30.48213],[-67.78902,-30.44706],[-67.80782,-30.42902],[-67.81082,-30.37854],[-67.85510,-30.32895],[-67.86736,-30.29491],[-67.90508,-30.27757],[-67.91372,-30.24648],[-67.94232,-30.24622],[-67.95163,-30.22623],[-67.98135,-30.22555],[-68.00738,-30.19947],[-68.02978,-30.08696],[-68.05247,-30.05850],[-68.06296,-30.01449],[-68.09268,-29.99525],[-68.09825,-29.96313],[-68.13589,-29.90830],[-68.16213,-29.92032],[-68.17459,-29.95823],[-68.22729,-29.99707],[-68.23827,-29.98993],[-68.25058,-29.92767],[-68.26545,-29.92661],[-68.29827,-29.86257],[-68.35819,-29.80533],[-68.25879,-29.74673],[-68.26777,-29.75861],[-68.25094,-29.78192]]]}},{"type":"Feature","properties":{"departamento": "Ullum", "provincia": "San Juan", "hechos": 122, "nivel": "bajo"},"geometry":{"type":"Polygon","coordinates":[[[-68.55110,-31.28911],[-68.58775,-31.35965],[-68.60524,-31.45065],[-68.64209,-31.50247],[-68.65431,-31.47229],[-68.67776,-31.49591],[-68.80548,-31.52029],[-68.85750,-31.51142],[-68.98696,-31.52127],[-68.99841,-31.51425],[-69.00555,-31.36504],[-69.03224,-31.31661],[-69.10843,-31.28129],[-69.11081,-31.26231],[-69.19617,-31.24694],[-69.21193,-31.25572],[-69.24537,-31.21569],[-69.25048,-31.18977],[-69.22608,-31.14920],[-69.21585,-31.09578],[-69.17927,-31.05067],[-69.15063,-30.98602],[-69.13933,-30.94385],[-69.14752,-30.91986],[-69.12514,-30.88825],[-69.12107,-30.83223],[-69.09304,-30.76786],[-69.08848,-30.72167],[-69.11372,-30.62958],[-69.05315,-30.62754],[-69.06377,-30.53895],[-68.94596,-30.53889],[-68.91135,-30.56185],[-68.78173,-30.59763],[-68.80132,-30.62397],[-68.80598,-30.67030],[-68.82941,-30.69099],[-68.82013,-30.76121],[-68.79657,-30.80319],[-68.80037,-30.82926],[-68.76803,-30.85680],[-68.77261,-30.90498],[-68.75576,-31.00411],[-68.50006,-31.00435],[-68.55110,-31.28911]]]}},{"type":"Feature","properties":{"departamento": "Gobernador Dupuy", "provincia": "San Luis", "hechos": 78, "nivel": "bajo"},"geometry":{"type":"Polygon","coordinates":[[[-66.64781,-34.74395],[-66.53005,-34.81281],[-66.44624,-34.82417],[-66.10316,-34.77258],[-65.97648,-34.77844],[-65.97524,-34.71253],[-65.66983,-34.71230],[-65.66980,-34.69272],[-65.56816,-34.69477],[-65.56798,-34.66887],[-65.25249,-34.66778],[-65.25198,-34.65296],[-65.10590,-34.65324],[-65.10781,-35.99906],[-66.63785,-36.00059],[-66.61871,-35.96527],[-66.62887,-35.92859],[-66.61811,-35.90303],[-66.62673,-35.89790],[-66.62224,-35.84836],[-66.58945,-35.79442],[-66.58058,-35.70378],[-66.54767,-35.63877],[-66.56473,-35.61908],[-66.57024,-35.58116],[-66.52515,-35.54020],[-66.51707,-35.47072],[-66.52973,-35.44281],[-66.50810,-35.39747],[-66.49556,-35.31054],[-66.51951,-35.27429],[-66.48416,-35.24081],[-66.49683,-35.17286],[-66.47800,-35.14187],[-66.49784,-35.10765],[-66.48810,-35.09539],[-66.50705,-35.09065],[-66.52096,-35.06359],[-66.51454,-35.05206],[-66.52660,-35.04898],[-66.52262,-35.01976],[-66.54092,-35.01487],[-66.53231,-35.00529],[-66.54567,-34.96929],[-66.52492,-34.94360],[-66.53751,-34.91761],[-66.55474,-34.91051],[-66.54452,-34.88212],[-66.56116,-34.83275],[-66.60253,-34.80212],[-66.59516,-34.79104],[-66.60668,-34.77408],[-66.64967,-34.75833],[-66.64781,-34.74395]]]}},{"type":"Feature","properties":{"departamento": "Ayacucho", "provincia": "San Luis", "hechos": 184, "nivel": "bajo"},"geometry":{"type":"Polygon","coordinates":[[[-67.05547,-31.85605],[-67.00593,-31.85536],[-66.88570,-31.89769],[-66.60454,-31.92338],[-66.60477,-31.93435],[-66.56882,-31.94981],[-66.36695,-31.99802],[-66.34944,-31.99840],[-66.33746,-31.94321],[-66.29903,-31.93131],[-66.16019,-31.96279],[-66.16103,-31.94034],[-66.13912,-31.94098],[-66.07925,-31.97193],[-66.06924,-31.93647],[-65.97903,-31.88916],[-65.91491,-31.90992],[-65.82506,-31.89707],[-65.81121,-32.05926],[-65.72427,-32.05161],[-65.68387,-32.06265],[-65.71733,-32.21191],[-65.78029,-32.23987],[-65.75771,-32.24360],[-65.75766,-32.26590],[-65.76646,-32.26233],[-65.78839,-32.30985],[-65.82700,-32.32226],[-65.83657,-32.38235],[-65.93185,-32.40208],[-65.95697,-32.43048],[-66.00407,-32.58269],[-65.99677,-32.61274],[-66.02099,-32.63755],[-66.06928,-32.60975],[-66.10055,-32.63206],[-66.13317,-32.76056],[-66.16758,-32.73804],[-66.14402,-32.67609],[-66.15382,-32.64948],[-66.18549,-32.65107],[-66.18755,-32.58832],[-66.22847,-32.55739],[-66.25588,-32.57127],[-66.20825,-32.50506],[-66.21954,-32.43262],[-66.19737,-32.34439],[-66.43591,-32.33593],[-66.64663,-32.36524],[-66.92448,-32.36274],[-67.01064,-32.38920],[-67.03801,-32.37202],[-67.16046,-32.37162],[-67.26620,-32.33984],[-67.27801,-32.29232],[-67.37039,-32.24628],[-67.38379,-32.12521],[-67.36523,-31.97590],[-67.37924,-31.86812],[-67.24154,-31.88080],[-67.13673,-31.83380],[-67.05547,-31.85605]]]}},{"type":"Feature","properties":{"departamento": "Belgrano", "provincia": "San Luis", "hechos": 53, "nivel": "bajo"},"geometry":{"type":"Polygon","coordinates":[[[-66.54583,-32.34452],[-66.19737,-32.34439],[-66.21954,-32.43262],[-66.20825,-32.50506],[-66.25588,-32.57127],[-66.22847,-32.55739],[-66.20288,-32.57244],[-66.22297,-32.58469],[-66.23617,-32.61441],[-66.24278,-32.68404],[-66.23819,-32.71213],[-66.21129,-32.73108],[-66.22687,-32.83273],[-66.20954,-32.86738],[-66.21697,-32.91258],[-66.19828,-32.91547],[-66.18793,-32.95117],[-66.18661,-32.99081],[-66.20827,-33.02025],[-66.20036,-33.03194],[-66.21517,-33.12930],[-66.25668,-33.13756],[-66.28853,-33.12054],[-66.36107,-33.12869],[-66.36321,-33.10179],[-66.50111,-33.10330],[-66.51538,-33.10854],[-66.52187,-33.13902],[-66.58067,-33.18516],[-66.57949,-33.20658],[-66.66774,-33.16762],[-66.68176,-33.13871],[-66.80006,-33.11503],[-66.80995,-33.17040],[-66.97335,-33.14080],[-66.97241,-33.09073],[-67.00712,-33.08656],[-67.01425,-33.09754],[-67.01958,-33.07916],[-67.18348,-33.08702],[-67.17691,-33.06472],[-67.19799,-33.04417],[-67.18337,-33.03920],[-67.17929,-33.00351],[-67.20138,-32.97331],[-67.21215,-32.91167],[-67.23114,-32.89785],[-67.23199,-32.86504],[-67.17798,-32.82035],[-67.18612,-32.76971],[-67.16633,-32.75872],[-67.18832,-32.69719],[-67.22498,-32.68217],[-67.23768,-32.63443],[-67.25687,-32.62553],[-67.24404,-32.60315],[-67.26870,-32.57010],[-67.26281,-32.55315],[-67.28039,-32.53467],[-67.29734,-32.53613],[-67.28314,-32.51272],[-67.30145,-32.47066],[-67.28926,-32.44307],[-67.31013,-32.42474],[-67.31774,-32.38203],[-67.26380,-32.38186],[-67.26620,-32.33984],[-67.16046,-32.37162],[-67.03801,-32.37202],[-67.01064,-32.38920],[-66.92448,-32.36274],[-66.64663,-32.36524],[-66.54583,-32.34452]]]}},{"type":"Feature","properties":{"departamento": "Juan Martín de Pueyrredón", "provincia": "San Luis", "hechos": 4095, "nivel": "medio"},"geometry":{"type":"Polygon","coordinates":[[[-66.52268,-33.13825],[-66.51538,-33.10854],[-66.50111,-33.10330],[-66.36321,-33.10179],[-66.36107,-33.12869],[-66.28853,-33.12054],[-66.25668,-33.13756],[-66.21517,-33.12930],[-66.22831,-33.16858],[-66.18015,-33.23953],[-66.10542,-33.22191],[-66.10254,-33.27729],[-66.12366,-33.36476],[-66.11010,-33.38347],[-66.13569,-33.38987],[-66.15658,-33.44640],[-66.15613,-33.56509],[-66.18983,-33.65579],[-66.16540,-33.65481],[-66.22001,-33.83707],[-66.19267,-33.82994],[-66.13997,-33.83993],[-66.11938,-33.86082],[-66.14728,-33.95079],[-66.14236,-34.00720],[-66.03783,-34.00694],[-66.03724,-34.04439],[-66.00532,-34.04401],[-65.99559,-34.34595],[-65.99611,-34.40105],[-66.00715,-34.40102],[-66.01297,-34.42145],[-66.00965,-34.71235],[-65.97524,-34.71253],[-65.97648,-34.77844],[-66.10316,-34.77258],[-66.44774,-34.82416],[-66.53005,-34.81281],[-66.64753,-34.74362],[-66.64061,-34.71748],[-66.69011,-34.69073],[-66.71204,-34.62838],[-66.70306,-34.61978],[-66.72660,-34.61024],[-66.72916,-34.58513],[-66.76517,-34.55092],[-66.75459,-34.53031],[-66.76380,-34.49687],[-66.75437,-34.44312],[-66.79531,-34.41137],[-66.77517,-34.41004],[-66.76418,-34.37905],[-66.78687,-34.37768],[-66.81189,-34.34510],[-66.79953,-34.33574],[-66.80280,-34.30572],[-66.77612,-34.29861],[-66.80119,-34.25837],[-66.78717,-34.25185],[-66.78426,-34.23256],[-66.74645,-34.23562],[-66.74800,-34.22245],[-66.71888,-34.21193],[-66.72946,-34.20739],[-66.71853,-34.18848],[-66.73029,-34.18206],[-66.71134,-34.14734],[-66.73374,-34.13696],[-66.71211,-34.10104],[-66.71567,-34.05777],[-66.69933,-34.04655],[-66.70825,-34.02473],[-66.66321,-33.98628],[-66.66659,-33.95737],[-66.67586,-33.94162],[-66.72275,-33.93533],[-66.73588,-33.91151],[-66.76858,-33.90209],[-66.80439,-33.86091],[-66.87326,-33.83295],[-66.88284,-33.76930],[-66.94945,-33.73133],[-66.97369,-33.68927],[-67.00482,-33.66731],[-66.99847,-33.63273],[-67.01820,-33.60986],[-67.03804,-33.60618],[-67.06894,-33.56645],[-67.06591,-33.54998],[-67.09277,-33.53878],[-67.09598,-33.50350],[-67.13240,-33.47044],[-67.13175,-33.44947],[-67.14548,-33.43971],[-67.15243,-33.32555],[-67.17043,-33.30210],[-67.18018,-33.25224],[-67.18222,-33.19940],[-67.16722,-33.16618],[-67.18433,-33.12892],[-67.18348,-33.08702],[-67.01958,-33.07916],[-67.01425,-33.09754],[-67.00712,-33.08656],[-66.97241,-33.09073],[-66.97335,-33.14080],[-66.80995,-33.17040],[-66.80006,-33.11503],[-66.68176,-33.13871],[-66.66774,-33.16762],[-66.57949,-33.20658],[-66.58067,-33.18516],[-66.52268,-33.13825]]]}},{"type":"Feature","properties":{"departamento": "General Pedernera", "provincia": "San Luis", "hechos": 1529, "nivel": "bajo"},"geometry":{"type":"Polygon","coordinates":[[[-66.13470,-33.38992],[-66.04860,-33.37560],[-65.79291,-33.50747],[-65.78664,-33.43846],[-65.78361,-33.44847],[-65.76801,-33.43880],[-65.75662,-33.46133],[-65.73445,-33.45672],[-65.73547,-33.46999],[-65.55700,-33.46982],[-65.56371,-33.41178],[-65.61276,-33.33642],[-65.60779,-33.28560],[-65.62650,-33.23291],[-65.59949,-33.19014],[-65.61663,-33.07556],[-65.60558,-33.07474],[-65.60813,-33.05450],[-65.57077,-33.05676],[-65.55105,-33.01936],[-65.56000,-33.00641],[-65.47904,-32.95984],[-65.43604,-32.95972],[-65.43587,-32.96965],[-65.37978,-32.94361],[-65.35807,-32.90827],[-65.28501,-32.92266],[-65.28323,-32.90656],[-65.17005,-32.92601],[-65.12672,-32.94901],[-65.06443,-32.94212],[-65.07102,-32.96807],[-65.01389,-32.96180],[-65.02148,-32.97709],[-64.99970,-33.00266],[-65.04813,-33.06881],[-65.05485,-33.11557],[-65.14300,-33.19477],[-65.10923,-33.95057],[-65.10590,-34.65324],[-65.25198,-34.65296],[-65.25249,-34.66778],[-65.56798,-34.66887],[-65.56816,-34.69477],[-65.66980,-34.69272],[-65.66983,-34.71230],[-66.00965,-34.71235],[-66.01297,-34.42145],[-66.00715,-34.40102],[-65.99611,-34.40105],[-65.99559,-34.34595],[-66.00532,-34.04401],[-66.03724,-34.04439],[-66.03783,-34.00694],[-66.14236,-34.00720],[-66.14728,-33.95079],[-66.11938,-33.86082],[-66.13997,-33.83993],[-66.19267,-33.82994],[-66.22001,-33.83707],[-66.16540,-33.65481],[-66.18983,-33.65579],[-66.15613,-33.56509],[-66.15658,-33.44640],[-66.13470,-33.38992]]]}},{"type":"Feature","properties":{"departamento": "Junín", "provincia": "San Luis", "hechos": 235, "nivel": "bajo"},"geometry":{"type":"Polygon","coordinates":[[[-65.77547,-31.88910],[-65.62804,-31.89863],[-65.31264,-32.04208],[-65.24583,-32.08901],[-65.23506,-32.11092],[-65.24194,-32.12423],[-65.22490,-32.16780],[-65.23223,-32.20999],[-65.20833,-32.24918],[-65.21918,-32.27949],[-65.21205,-32.32674],[-65.05685,-32.31400],[-64.97718,-32.32135],[-64.94141,-32.29834],[-64.92278,-32.33031],[-64.92984,-32.42325],[-64.91945,-32.47936],[-64.99950,-32.48252],[-65.00728,-32.47320],[-65.01411,-32.48304],[-65.08138,-32.46804],[-65.08493,-32.49889],[-65.14944,-32.48701],[-65.15125,-32.50140],[-65.22258,-32.48462],[-65.23886,-32.49328],[-65.26117,-32.54675],[-65.30029,-32.52751],[-65.32984,-32.53211],[-65.34872,-32.55255],[-65.42527,-32.53583],[-65.43596,-32.52393],[-65.41870,-32.51127],[-65.43027,-32.46683],[-65.40467,-32.44907],[-65.41118,-32.42694],[-65.38493,-32.40408],[-65.37596,-32.36587],[-65.40881,-32.35568],[-65.41762,-32.33963],[-65.40510,-32.26855],[-65.45602,-32.26872],[-65.47071,-32.25690],[-65.47510,-32.27675],[-65.58066,-32.26421],[-65.58451,-32.25006],[-65.69276,-32.22831],[-65.69828,-32.20369],[-65.71733,-32.21191],[-65.68387,-32.06265],[-65.72427,-32.05161],[-65.81121,-32.05926],[-65.82172,-32.01589],[-65.82640,-31.89740],[-65.77547,-31.88910]]]}},{"type":"Feature","properties":{"departamento": "Libertador General San Martín", "provincia": "San Luis", "hechos": 23, "nivel": "bajo"},"geometry":{"type":"Polygon","coordinates":[[[-65.41188,-32.53381],[-65.40642,-32.61779],[-65.42890,-32.62979],[-65.44484,-32.65541],[-65.44497,-32.69078],[-65.46810,-32.70711],[-65.45279,-32.75842],[-65.49044,-32.77448],[-65.49432,-32.84592],[-65.51273,-32.85707],[-65.50804,-32.89031],[-65.61169,-32.87223],[-65.61997,-32.91951],[-65.64800,-32.94304],[-65.71776,-32.92573],[-65.71856,-32.89742],[-65.77266,-32.82793],[-65.83335,-32.81327],[-65.83825,-32.79457],[-65.84689,-32.79357],[-65.86423,-32.85108],[-65.93500,-32.83006],[-65.94308,-32.81211],[-65.96848,-32.82215],[-65.99949,-32.80175],[-66.01191,-32.80771],[-66.02566,-32.79010],[-66.08510,-32.79721],[-66.08573,-32.78221],[-66.13532,-32.75748],[-66.10055,-32.63206],[-66.06928,-32.60975],[-66.02099,-32.63755],[-65.99677,-32.61274],[-66.00407,-32.58269],[-65.95697,-32.43048],[-65.93185,-32.40208],[-65.83657,-32.38235],[-65.82700,-32.32226],[-65.78839,-32.30985],[-65.76646,-32.26233],[-65.75766,-32.26590],[-65.75771,-32.24360],[-65.78029,-32.23987],[-65.69828,-32.20369],[-65.69276,-32.22831],[-65.58451,-32.25006],[-65.58066,-32.26421],[-65.47510,-32.27675],[-65.47071,-32.25690],[-65.45602,-32.26872],[-65.40510,-32.26855],[-65.41762,-32.33963],[-65.40881,-32.35568],[-65.37596,-32.36587],[-65.38493,-32.40408],[-65.41118,-32.42694],[-65.40467,-32.44907],[-65.43027,-32.46683],[-65.41870,-32.51127],[-65.43596,-32.52393],[-65.41188,-32.53381]]]}},{"type":"Feature","properties":{"departamento": "Coronel Pringles", "provincia": "San Luis", "hechos": 170, "nivel": "bajo"},"geometry":{"type":"Polygon","coordinates":[[[-66.12350,-33.36510],[-66.10254,-33.27729],[-66.10542,-33.22191],[-66.18015,-33.23953],[-66.22831,-33.16858],[-66.21525,-33.08433],[-66.20414,-33.07702],[-66.20480,-33.00243],[-66.18661,-32.99081],[-66.19335,-32.92367],[-66.21697,-32.91258],[-66.20954,-32.86738],[-66.22687,-32.83273],[-66.21129,-32.73108],[-66.23819,-32.71213],[-66.24278,-32.68404],[-66.23617,-32.61441],[-66.22297,-32.58469],[-66.20288,-32.57244],[-66.17929,-32.61998],[-66.18549,-32.65107],[-66.15382,-32.64948],[-66.14402,-32.67607],[-66.16668,-32.74028],[-66.08574,-32.78221],[-66.08510,-32.79721],[-66.02566,-32.79010],[-66.01191,-32.80771],[-65.99949,-32.80175],[-65.96848,-32.82215],[-65.94308,-32.81211],[-65.93500,-32.83006],[-65.86423,-32.85108],[-65.84689,-32.79357],[-65.83825,-32.79457],[-65.83335,-32.81327],[-65.77266,-32.82793],[-65.71856,-32.89742],[-65.71776,-32.92573],[-65.66665,-32.94328],[-65.63552,-32.93805],[-65.61997,-32.91951],[-65.61169,-32.87223],[-65.53049,-32.88147],[-65.50886,-32.90111],[-65.56587,-32.94293],[-65.57801,-33.01218],[-65.56000,-33.00641],[-65.55105,-33.01936],[-65.57077,-33.05676],[-65.60813,-33.05450],[-65.60558,-33.07474],[-65.61663,-33.07556],[-65.59947,-33.18966],[-65.62646,-33.23199],[-65.60779,-33.28560],[-65.61325,-33.33436],[-65.56371,-33.41178],[-65.55700,-33.46982],[-65.73547,-33.46999],[-65.73445,-33.45672],[-65.75662,-33.46133],[-65.76801,-33.43880],[-65.78361,-33.44847],[-65.78664,-33.43846],[-65.79291,-33.50747],[-66.04787,-33.37588],[-66.11010,-33.38347],[-66.12350,-33.36510]]]}},{"type":"Feature","properties":{"departamento": "Chacabuco", "provincia": "San Luis", "hechos": 144, "nivel": "bajo"},"geometry":{"type":"Polygon","coordinates":[[[-65.08138,-32.46804],[-65.01411,-32.48304],[-65.00728,-32.47320],[-64.99950,-32.48252],[-64.91945,-32.47936],[-64.88287,-32.52972],[-64.88323,-32.57258],[-64.92147,-32.62362],[-64.90992,-32.64217],[-64.92439,-32.65871],[-64.90946,-32.68540],[-64.94819,-32.72284],[-64.94462,-32.76734],[-64.97067,-32.80505],[-64.96171,-32.85643],[-64.99278,-32.94517],[-65.01389,-32.96180],[-65.07102,-32.96807],[-65.06443,-32.94212],[-65.12672,-32.94901],[-65.17005,-32.92601],[-65.28323,-32.90656],[-65.28501,-32.92266],[-65.35807,-32.90827],[-65.37978,-32.94361],[-65.43587,-32.96965],[-65.43604,-32.95972],[-65.47904,-32.95984],[-65.57801,-33.01218],[-65.56587,-32.94293],[-65.50890,-32.90144],[-65.51273,-32.85707],[-65.49432,-32.84592],[-65.49044,-32.77448],[-65.45279,-32.75842],[-65.46810,-32.70711],[-65.44497,-32.69078],[-65.44484,-32.65541],[-65.42890,-32.62979],[-65.40642,-32.61779],[-65.40602,-32.53307],[-65.34872,-32.55255],[-65.32984,-32.53211],[-65.30029,-32.52751],[-65.26117,-32.54675],[-65.23886,-32.49328],[-65.22258,-32.48462],[-65.15125,-32.50140],[-65.14944,-32.48701],[-65.08493,-32.49889],[-65.08138,-32.46804]]]}},{"type":"Feature","properties":{"departamento": "25 de Mayo", "provincia": "San Juan", "hechos": 412, "nivel": "bajo"},"geometry":{"type":"Polygon","coordinates":[[[-68.30059,-32.13479],[-68.33093,-32.12864],[-68.33201,-32.11008],[-68.27288,-32.05631],[-68.26683,-32.03082],[-68.28277,-32.02069],[-68.29277,-31.99183],[-68.28518,-31.98430],[-68.30785,-31.96499],[-68.30283,-31.95188],[-68.34638,-31.91520],[-68.35776,-31.85930],[-68.39026,-31.85926],[-68.41072,-31.83430],[-68.37983,-31.80946],[-68.38607,-31.79073],[-68.37359,-31.79023],[-68.37896,-31.77596],[-68.36305,-31.75517],[-68.38073,-31.74450],[-68.34869,-31.71208],[-68.34689,-31.69470],[-67.23988,-31.88006],[-67.37924,-31.86812],[-67.36523,-31.97590],[-67.38379,-32.12521],[-67.38019,-32.22376],[-67.37039,-32.24628],[-67.27801,-32.29232],[-67.26380,-32.38186],[-67.31788,-32.38204],[-67.33238,-32.35010],[-67.47291,-32.30669],[-67.48792,-32.26125],[-67.52240,-32.22117],[-67.54651,-32.24030],[-67.59693,-32.24628],[-67.60711,-32.23236],[-67.64772,-32.24000],[-67.67630,-32.22520],[-67.71162,-32.24567],[-67.72938,-32.24086],[-67.73533,-32.22304],[-67.77166,-32.22541],[-67.77289,-32.23552],[-67.79126,-32.22348],[-67.83106,-32.22653],[-67.83826,-32.21509],[-67.84862,-32.22293],[-67.87287,-32.18801],[-67.91652,-32.17517],[-67.92463,-32.14536],[-67.93816,-32.13904],[-67.92957,-32.12115],[-67.94394,-32.11135],[-67.96280,-32.11914],[-67.95736,-32.09251],[-67.98201,-32.08790],[-67.98927,-32.09718],[-68.00579,-32.07973],[-68.03283,-32.08574],[-68.05290,-32.07104],[-68.07325,-32.09897],[-68.08069,-32.08459],[-68.09761,-32.09221],[-68.09312,-32.10091],[-68.12279,-32.09977],[-68.15284,-32.11935],[-68.18817,-32.10918],[-68.20543,-32.12117],[-68.24793,-32.09155],[-68.30059,-32.13479]]]}},{"type":"Feature","properties":{"departamento": "Sarmiento", "provincia": "San Juan", "hechos": 342, "nivel": "bajo"},"geometry":{"type":"Polygon","coordinates":[[[-68.45413,-31.81767],[-68.39806,-31.83723],[-68.39026,-31.85926],[-68.35776,-31.85930],[-68.34638,-31.91520],[-68.30283,-31.95188],[-68.30785,-31.96499],[-68.28518,-31.98430],[-68.29277,-31.99183],[-68.28277,-32.02069],[-68.26683,-32.03082],[-68.27288,-32.05631],[-68.33201,-32.11008],[-68.33093,-32.12864],[-68.29931,-32.13762],[-68.46121,-32.13919],[-68.46121,-32.23805],[-68.66571,-32.33710],[-68.91761,-32.33804],[-68.91762,-32.11465],[-69.01315,-32.11594],[-69.12645,-32.00191],[-69.10950,-31.93619],[-69.11764,-31.90806],[-68.68891,-31.90717],[-68.54148,-31.87276],[-68.44317,-31.87544],[-68.43323,-31.88799],[-68.45413,-31.81767]]]}},{"type":"Feature","properties":{"departamento": "Iruya", "provincia": "Salta", "hechos": 20, "nivel": "bajo"},"geometry":{"type":"Polygon","coordinates":[[[-64.60992,-22.66852],[-64.53762,-22.71130],[-64.53887,-22.72962],[-64.51565,-22.76318],[-64.52153,-22.81402],[-64.51139,-22.82499],[-64.51980,-22.83115],[-64.50346,-22.86585],[-64.48629,-22.86901],[-64.50103,-22.87867],[-64.49785,-22.90798],[-64.52674,-22.91393],[-64.54539,-22.89843],[-64.57377,-22.90728],[-64.52686,-22.93953],[-64.55003,-22.96555],[-64.56236,-23.00555],[-64.56339,-23.07021],[-64.63152,-23.08663],[-64.67940,-23.03412],[-64.73423,-23.06383],[-64.80391,-23.06153],[-64.84199,-23.04601],[-64.89868,-23.05168],[-64.94048,-23.03176],[-64.99389,-23.04796],[-65.02291,-23.01871],[-65.06797,-23.04495],[-65.13376,-23.00188],[-65.18891,-22.99815],[-65.19902,-22.95806],[-65.21824,-22.95895],[-65.25169,-22.92796],[-65.24923,-22.89048],[-65.26279,-22.87400],[-65.27423,-22.79011],[-65.30199,-22.76502],[-65.30606,-22.73040],[-65.27166,-22.64823],[-65.34919,-22.60475],[-65.35025,-22.53991],[-65.34544,-22.52833],[-65.28469,-22.54144],[-65.25892,-22.56778],[-65.15069,-22.60436],[-65.09028,-22.60283],[-65.05763,-22.54436],[-65.00054,-22.58465],[-64.89099,-22.58200],[-64.87522,-22.59934],[-64.84379,-22.59940],[-64.81201,-22.58898],[-64.80641,-22.57581],[-64.84855,-22.51568],[-64.85178,-22.47033],[-64.84218,-22.46803],[-64.79464,-22.51235],[-64.76562,-22.58207],[-64.75331,-22.73322],[-64.79090,-22.77752],[-64.79555,-22.80126],[-64.77803,-22.80799],[-64.67562,-22.75699],[-64.60992,-22.66852]]]}},{"type":"Feature","properties":{"departamento": "Orán", "provincia": "Salta", "hechos": 4614, "nivel": "medio"},"geometry":{"type":"Polygon","coordinates":[[[-64.48169,-22.48109],[-64.44491,-22.50640],[-64.44831,-22.52156],[-64.42891,-22.52170],[-64.41208,-22.53838],[-64.40958,-22.56295],[-64.43020,-22.58173],[-64.43389,-22.63135],[-64.42399,-22.63436],[-64.44135,-22.63879],[-64.41367,-22.65664],[-64.41592,-22.67857],[-64.39473,-22.68568],[-64.39073,-22.71210],[-64.40321,-22.71870],[-64.36254,-22.72371],[-64.33935,-22.75429],[-64.34254,-22.80581],[-64.33010,-22.81219],[-64.32673,-22.83767],[-64.32821,-22.86203],[-64.34086,-22.86158],[-64.33643,-22.87374],[-64.31277,-22.87217],[-64.32509,-22.91629],[-64.34244,-22.93025],[-64.32722,-22.95336],[-64.33072,-23.01345],[-64.28159,-23.02895],[-64.27034,-23.04134],[-64.27612,-23.06652],[-64.24763,-23.06879],[-64.23880,-23.09633],[-64.21856,-23.09927],[-64.21229,-23.08796],[-64.20341,-23.12280],[-64.21185,-23.13721],[-64.19087,-23.12821],[-64.20923,-23.15597],[-64.18284,-23.15357],[-64.20368,-23.18207],[-64.16821,-23.20131],[-64.21408,-23.18213],[-64.22696,-23.20657],[-64.21396,-23.22575],[-64.17763,-23.23453],[-64.18843,-23.26768],[-64.16240,-23.27314],[-64.14094,-23.24835],[-64.10833,-23.26293],[-64.09339,-23.25447],[-64.07297,-23.30587],[-64.03921,-23.30792],[-64.00705,-23.33244],[-63.95632,-23.31477],[-63.94424,-23.32799],[-63.91002,-23.29973],[-63.84435,-23.32344],[-63.72620,-23.32244],[-63.69981,-23.33831],[-63.66246,-23.39095],[-63.63799,-23.39761],[-63.61747,-23.38803],[-63.58953,-23.43064],[-63.49957,-23.45114],[-63.40600,-23.51527],[-63.43702,-23.71030],[-63.45781,-23.70636],[-63.53043,-24.12788],[-63.62255,-24.11263],[-63.64441,-24.22347],[-64.00841,-24.16357],[-64.15797,-24.15480],[-64.15706,-23.51804],[-64.35433,-23.51800],[-64.35154,-23.53164],[-64.36877,-23.53761],[-64.40216,-23.59655],[-64.39319,-23.61007],[-64.41904,-23.63569],[-64.44833,-23.63942],[-64.45849,-23.61522],[-64.47882,-23.60821],[-64.49587,-23.56714],[-64.53483,-23.53840],[-64.53256,-23.52136],[-64.65769,-23.48317],[-64.68253,-23.45243],[-64.73843,-23.46762],[-64.73943,-23.47894],[-64.76115,-23.47566],[-64.78748,-23.49616],[-64.84087,-23.48440],[-64.84504,-23.49725],[-64.86422,-23.48496],[-64.87336,-23.47874],[-64.86844,-23.44742],[-64.90666,-23.42379],[-64.91053,-23.40082],[-64.89242,-23.35945],[-64.90467,-23.35426],[-64.91018,-23.31081],[-64.94728,-23.26915],[-64.96464,-23.28611],[-65.01011,-23.28511],[-65.03591,-23.25244],[-65.03865,-23.22690],[-65.07331,-23.21810],[-65.04502,-23.15574],[-65.07169,-23.13765],[-65.06221,-23.11878],[-65.06797,-23.04495],[-65.02509,-23.01898],[-64.99090,-23.04832],[-64.94048,-23.03176],[-64.89868,-23.05168],[-64.84199,-23.04601],[-64.80391,-23.06153],[-64.73423,-23.06383],[-64.67940,-23.03412],[-64.63152,-23.08663],[-64.56339,-23.07021],[-64.56236,-23.00555],[-64.55003,-22.96555],[-64.52686,-22.93953],[-64.57377,-22.90728],[-64.54539,-22.89843],[-64.52674,-22.91393],[-64.49785,-22.90798],[-64.50103,-22.87867],[-64.48629,-22.86901],[-64.50346,-22.86585],[-64.51980,-22.83115],[-64.51139,-22.82499],[-64.52153,-22.81402],[-64.51565,-22.76318],[-64.53887,-22.72962],[-64.53762,-22.71130],[-64.58572,-22.67924],[-64.54704,-22.66169],[-64.50331,-22.60677],[-64.49393,-22.53911],[-64.50347,-22.52198],[-64.48169,-22.48109]]]}},{"type":"Feature","properties":{"departamento": "La Candelaria", "provincia": "Salta", "hechos": 46, "nivel": "bajo"},"geometry":{"type":"Polygon","coordinates":[[[-64.94164,-26.30223],[-64.96093,-26.30398],[-64.97252,-26.27438],[-65.03951,-26.29033],[-65.04073,-26.22993],[-65.27534,-26.17124],[-65.29791,-26.08174],[-65.31542,-26.08256],[-65.32800,-26.06755],[-65.36299,-26.05865],[-65.43703,-26.10991],[-65.46540,-26.09128],[-65.56301,-26.08935],[-65.55095,-26.03881],[-65.53054,-26.04525],[-65.53063,-26.02070],[-65.46781,-26.01316],[-65.43882,-25.95626],[-65.38437,-25.94429],[-65.35099,-25.87576],[-65.28593,-25.86403],[-65.25005,-25.89896],[-65.24679,-25.97210],[-65.19463,-26.02517],[-65.10266,-26.05465],[-65.11320,-26.03781],[-65.10801,-26.00792],[-64.96235,-26.03398],[-64.91836,-26.03080],[-64.88433,-26.04482],[-64.89440,-26.09095],[-64.87530,-26.10484],[-64.87292,-26.12532],[-64.89169,-26.17966],[-64.91734,-26.19951],[-64.94164,-26.30223]]]}},{"type":"Feature","properties":{"departamento": "Cafayate", "provincia": "Salta", "hechos": 458, "nivel": "bajo"},"geometry":{"type":"Polygon","coordinates":[[[-66.18144,-26.13523],[-66.16631,-26.11546],[-66.15984,-26.04365],[-66.13953,-26.04979],[-66.12316,-26.03335],[-66.04749,-26.01631],[-65.85502,-26.02590],[-65.86586,-25.98226],[-65.84102,-25.97870],[-65.79427,-25.93630],[-65.80685,-25.91331],[-65.79737,-25.88201],[-65.74954,-25.86686],[-65.72622,-25.87079],[-65.71511,-25.90692],[-65.72307,-25.93505],[-65.75486,-25.95561],[-65.61981,-25.97105],[-65.61733,-26.00211],[-65.66183,-26.05773],[-65.69777,-26.14461],[-65.69495,-26.18485],[-65.71190,-26.20836],[-65.70283,-26.24164],[-65.72275,-26.27980],[-65.70728,-26.29591],[-65.72303,-26.31271],[-65.71145,-26.32870],[-65.71776,-26.35247],[-66.07138,-26.23873],[-66.09976,-26.22049],[-66.15598,-26.14459],[-66.18144,-26.13523]]]}},{"type":"Feature","properties":{"departamento": "Santa Victoria", "provincia": "Salta", "hechos": 19, "nivel": "bajo"},"geometry":{"type":"Polygon","coordinates":[[[-64.99142,-22.08760],[-64.92372,-22.12113],[-64.86168,-22.12200],[-64.73685,-22.19390],[-64.68180,-22.18650],[-64.61710,-22.20516],[-64.59303,-22.24664],[-64.53710,-22.28555],[-64.54773,-22.31735],[-64.56419,-22.32347],[-64.56575,-22.37205],[-64.51285,-22.41254],[-64.52386,-22.44237],[-64.49264,-22.43566],[-64.47453,-22.46838],[-64.50347,-22.52198],[-64.49393,-22.53911],[-64.50331,-22.60677],[-64.53384,-22.64726],[-64.57913,-22.67484],[-64.60992,-22.66852],[-64.67240,-22.75428],[-64.75907,-22.80308],[-64.79555,-22.80126],[-64.78093,-22.76138],[-64.75331,-22.73322],[-64.76562,-22.58207],[-64.79464,-22.51235],[-64.84218,-22.46803],[-64.85178,-22.47033],[-64.84855,-22.51568],[-64.80641,-22.57581],[-64.81201,-22.58898],[-64.84379,-22.59940],[-64.87522,-22.59934],[-64.89099,-22.58200],[-65.00054,-22.58465],[-65.05763,-22.54436],[-65.09028,-22.60283],[-65.15069,-22.60436],[-65.20088,-22.59427],[-65.25968,-22.56740],[-65.28469,-22.54144],[-65.31043,-22.54406],[-65.34730,-22.52600],[-65.30569,-22.46662],[-65.29470,-22.41949],[-65.28172,-22.41343],[-65.28460,-22.39032],[-65.26273,-22.33826],[-65.22678,-22.32067],[-65.24030,-22.27925],[-65.22048,-22.16959],[-65.21379,-22.15001],[-65.19406,-22.14473],[-65.18657,-22.08535],[-64.99142,-22.08760]]]}},{"type":"Feature","properties":{"departamento": "General José de San Martín", "provincia": "Salta", "hechos": 4854, "nivel": "medio"},"geometry":{"type":"Polygon","coordinates":[[[-63.70900,-21.99936],[-63.70561,-22.01399],[-63.68858,-22.01153],[-63.68378,-22.05477],[-63.66527,-21.99934],[-63.13219,-21.99933],[-63.12308,-22.94428],[-63.20369,-22.94309],[-63.26608,-23.45968],[-63.28157,-23.45806],[-63.29573,-23.53485],[-63.26880,-23.55936],[-63.27724,-23.64930],[-63.29621,-23.65087],[-63.33124,-23.62564],[-63.32326,-23.60494],[-63.36798,-23.58682],[-63.36187,-23.56320],[-63.39542,-23.54947],[-63.41252,-23.50957],[-63.49957,-23.45114],[-63.58953,-23.43064],[-63.61747,-23.38803],[-63.63799,-23.39761],[-63.66246,-23.39095],[-63.69981,-23.33831],[-63.72573,-23.32261],[-63.84435,-23.32344],[-63.91002,-23.29973],[-63.94424,-23.32799],[-63.95632,-23.31477],[-64.00705,-23.33244],[-64.03921,-23.30792],[-64.07297,-23.30587],[-64.09339,-23.25447],[-64.10833,-23.26293],[-64.14094,-23.24835],[-64.16240,-23.27314],[-64.18721,-23.26872],[-64.17763,-23.23453],[-64.21396,-23.22575],[-64.22696,-23.20657],[-64.21408,-23.18213],[-64.16802,-23.20070],[-64.20368,-23.18207],[-64.18280,-23.15269],[-64.20912,-23.15626],[-64.19075,-23.12908],[-64.21351,-23.13509],[-64.20341,-23.12280],[-64.21160,-23.08878],[-64.21856,-23.09927],[-64.23880,-23.09633],[-64.24763,-23.06879],[-64.27612,-23.06652],[-64.27034,-23.04134],[-64.28159,-23.02895],[-64.33272,-23.00890],[-64.32722,-22.95336],[-64.34234,-22.92953],[-64.32509,-22.91629],[-64.30925,-22.86347],[-64.29759,-22.86182],[-64.30668,-22.83975],[-64.28672,-22.83489],[-64.28743,-22.79882],[-64.26534,-22.76666],[-64.28361,-22.75128],[-64.26397,-22.74124],[-64.27177,-22.70975],[-64.26057,-22.67457],[-64.24229,-22.66605],[-64.26459,-22.65016],[-64.25729,-22.62855],[-64.23919,-22.62297],[-64.24169,-22.55773],[-64.21629,-22.54335],[-64.19963,-22.49124],[-64.18755,-22.49065],[-64.17522,-22.46681],[-64.16307,-22.46893],[-64.13804,-22.42947],[-64.13819,-22.40704],[-64.11552,-22.40561],[-64.11689,-22.36323],[-64.09974,-22.34697],[-64.09509,-22.30877],[-64.08264,-22.30108],[-64.06241,-22.23838],[-64.03352,-22.24278],[-64.03310,-22.19683],[-64.01703,-22.18717],[-64.02340,-22.17460],[-64.00103,-22.15840],[-63.99265,-22.13314],[-63.98963,-22.11475],[-64.00004,-22.10768],[-63.98604,-22.10903],[-63.97961,-22.08100],[-63.96647,-22.09316],[-63.95807,-22.08577],[-63.94418,-22.00929],[-63.93146,-21.99938],[-63.70900,-21.99936]]]}},{"type":"Feature","properties":{"departamento": "Rivadavia", "provincia": "Salta", "hechos": 252, "nivel": "bajo"},"geometry":{"type":"Polygon","coordinates":[[[-62.81118,-21.99877],[-62.81424,-22.04216],[-62.79696,-22.06676],[-62.81394,-22.10501],[-62.78885,-22.16495],[-62.76513,-22.15231],[-62.72063,-22.20205],[-62.68492,-22.21234],[-62.66023,-22.25068],[-62.63551,-22.23924],[-62.63664,-22.30528],[-62.60377,-22.30669],[-62.59690,-22.32167],[-62.56919,-22.30977],[-62.57076,-22.33341],[-62.54034,-22.32857],[-62.53458,-22.36799],[-62.51860,-22.37824],[-62.46389,-22.37207],[-62.46547,-22.40260],[-62.44796,-22.40229],[-62.44568,-22.42334],[-62.43445,-22.41921],[-62.40484,-22.45135],[-62.38517,-22.45374],[-62.38061,-22.47358],[-62.37122,-22.46050],[-62.34234,-22.45698],[-62.34235,-24.39211],[-63.07134,-25.24455],[-63.07462,-24.85560],[-63.23352,-24.85657],[-63.23412,-24.71877],[-62.93694,-24.71600],[-62.93682,-24.25800],[-63.00965,-24.21934],[-63.03643,-24.37511],[-63.16369,-24.29490],[-63.15008,-24.21550],[-63.19353,-24.21082],[-63.21052,-24.31564],[-63.29378,-24.32051],[-63.28742,-24.27764],[-63.37477,-24.31336],[-63.34479,-24.15675],[-63.43471,-24.18433],[-63.42700,-24.14493],[-63.53043,-24.12788],[-63.45781,-23.70636],[-63.43702,-23.71030],[-63.40212,-23.53527],[-63.39376,-23.55090],[-63.36187,-23.56320],[-63.36759,-23.58721],[-63.32375,-23.60431],[-63.33124,-23.62564],[-63.29621,-23.65087],[-63.27724,-23.64930],[-63.26880,-23.55936],[-63.29573,-23.53485],[-63.28157,-23.45806],[-63.26608,-23.45968],[-63.20369,-22.94309],[-63.12308,-22.94428],[-63.13219,-21.99933],[-62.81118,-21.99877]]]}},{"type":"Feature","properties":{"departamento": "Picún Leufú", "provincia": "Neuquén", "hechos": 92, "nivel": "bajo"},"geometry":{"type":"Polygon","coordinates":[[[-69.28597,-38.99989],[-68.82396,-39.37493],[-68.91250,-39.41787],[-68.93073,-39.46100],[-68.99988,-39.51520],[-69.04749,-39.52667],[-69.11279,-39.51471],[-69.17712,-39.56061],[-69.27710,-39.59637],[-69.27228,-39.62903],[-69.28997,-39.65299],[-69.31396,-39.65391],[-69.34300,-39.68038],[-69.34896,-39.71210],[-69.39025,-39.73163],[-69.42192,-39.76806],[-69.49362,-39.79625],[-69.50820,-39.81583],[-69.52810,-39.81445],[-70.02810,-39.41543],[-69.71335,-39.17885],[-69.62083,-39.25303],[-69.28597,-38.99989]]]}},{"type":"Feature","properties":{"departamento": "Zapala", "provincia": "Neuquén", "hechos": 451, "nivel": "bajo"},"geometry":{"type":"Polygon","coordinates":[[[-69.55721,-38.47249],[-69.53881,-38.49185],[-69.48440,-38.49026],[-69.48628,-38.50857],[-69.46915,-38.48635],[-69.42827,-38.50352],[-69.40320,-38.52786],[-69.41043,-38.54009],[-69.39496,-38.54836],[-69.39633,-38.56110],[-69.34817,-38.59955],[-69.32385,-38.60081],[-69.31769,-38.61462],[-69.54751,-38.79324],[-69.28597,-38.99989],[-69.62083,-39.25303],[-69.71335,-39.17885],[-69.90617,-39.31691],[-69.94427,-39.28332],[-69.97932,-39.27984],[-70.05153,-39.24540],[-70.06567,-39.21044],[-70.15003,-39.19077],[-70.25102,-39.19245],[-70.31727,-39.13123],[-70.36472,-39.11922],[-70.37813,-39.12789],[-70.48655,-39.03868],[-70.14006,-38.78284],[-70.06052,-38.77575],[-70.00063,-38.71001],[-69.94519,-38.68527],[-69.90226,-38.64073],[-69.77805,-38.60462],[-69.74889,-38.52435],[-69.66141,-38.50910],[-69.61883,-38.47848],[-69.55721,-38.47249]]]}},{"type":"Feature","properties":{"departamento": "Capital", "provincia": "Salta", "hechos": 21797, "nivel": "alto"},"geometry":{"type":"Polygon","coordinates":[[[-65.09539,-24.94789],[-65.06390,-24.96090],[-65.07639,-25.09533],[-65.14757,-25.11481],[-65.15694,-25.15620],[-65.19405,-25.18764],[-65.21425,-25.23940],[-65.25264,-25.27839],[-65.29860,-25.29883],[-65.27842,-25.25807],[-65.28795,-25.24508],[-65.27118,-25.22177],[-65.27540,-25.18368],[-65.26560,-25.16357],[-65.22630,-25.15038],[-65.28038,-25.07333],[-65.30570,-25.06016],[-65.30372,-25.03246],[-65.32356,-25.00043],[-65.31702,-24.95120],[-65.35052,-24.90704],[-65.34277,-24.86234],[-65.39336,-24.85038],[-65.51716,-24.87601],[-65.51499,-24.85755],[-65.53608,-24.84450],[-65.54510,-24.81491],[-65.56080,-24.82134],[-65.59944,-24.80646],[-65.58136,-24.64455],[-65.44519,-24.71342],[-65.34260,-24.72162],[-65.14920,-24.70492],[-65.09420,-24.71551],[-65.08102,-24.74771],[-65.01677,-24.81000],[-65.03664,-24.81403],[-65.05329,-24.86562],[-65.08361,-24.88616],[-65.09539,-24.94789]]]}},{"type":"Feature","properties":{"departamento": "Cerrillos", "provincia": "Salta", "hechos": 1165, "nivel": "bajo"},"geometry":{"type":"Polygon","coordinates":[[[-65.39175,-24.85131],[-65.34277,-24.86234],[-65.35052,-24.90704],[-65.31702,-24.95120],[-65.32356,-25.00043],[-65.30372,-25.03246],[-65.30570,-25.06016],[-65.28038,-25.07333],[-65.26641,-25.10685],[-65.24456,-25.11539],[-65.22873,-25.15547],[-65.28728,-25.15486],[-65.35696,-25.09831],[-65.36937,-25.07448],[-65.38710,-25.07874],[-65.39372,-25.09921],[-65.48323,-25.04232],[-65.53166,-25.02691],[-65.51492,-24.98824],[-65.54151,-24.97214],[-65.52043,-24.93499],[-65.53183,-24.91342],[-65.54716,-24.91107],[-65.54187,-24.87923],[-65.39175,-24.85131]]]}},{"type":"Feature","properties":{"departamento": "Chicoana", "provincia": "Salta", "hechos": 376, "nivel": "bajo"},"geometry":{"type":"Polygon","coordinates":[[[-65.61051,-25.01962],[-65.48323,-25.04232],[-65.39372,-25.09921],[-65.38710,-25.07874],[-65.36937,-25.07448],[-65.35696,-25.09831],[-65.28728,-25.15486],[-65.25806,-25.16157],[-65.27882,-25.19158],[-65.27118,-25.22177],[-65.37055,-25.21632],[-65.42155,-25.15835],[-65.42804,-25.18853],[-65.54951,-25.21076],[-65.56977,-25.20171],[-65.57466,-25.16943],[-65.60385,-25.20347],[-65.60757,-25.23444],[-65.64688,-25.24299],[-65.67146,-25.26920],[-65.72323,-25.25320],[-65.74821,-25.31784],[-65.81720,-25.30119],[-65.82939,-25.28354],[-65.82272,-25.26150],[-65.83803,-25.19739],[-65.88920,-25.15936],[-65.85666,-25.13043],[-65.83407,-25.12651],[-65.85395,-25.07104],[-65.82196,-25.07995],[-65.77807,-25.07105],[-65.74005,-25.10207],[-65.71327,-25.09127],[-65.69167,-25.05477],[-65.66705,-25.05472],[-65.61051,-25.01962]]]}},{"type":"Feature","properties":{"departamento": "Rosario de Lerma", "provincia": "Salta", "hechos": 958, "nivel": "bajo"},"geometry":{"type":"Polygon","coordinates":[[[-65.94164,-23.97950],[-65.94755,-24.00716],[-65.86737,-24.00333],[-65.80452,-24.03302],[-65.78663,-24.05538],[-65.75362,-24.05753],[-65.72086,-24.10934],[-65.73077,-24.14421],[-65.71543,-24.16694],[-65.72502,-24.18600],[-65.67247,-24.24870],[-65.68269,-24.30772],[-65.65545,-24.35706],[-65.66077,-24.52891],[-65.63400,-24.53470],[-65.62714,-24.55835],[-65.58234,-24.57375],[-65.57919,-24.67960],[-65.59479,-24.70818],[-65.59944,-24.80646],[-65.56080,-24.82134],[-65.54510,-24.81491],[-65.53608,-24.84450],[-65.51499,-24.85755],[-65.51389,-24.87955],[-65.54187,-24.87923],[-65.54716,-24.91107],[-65.53183,-24.91342],[-65.52043,-24.93499],[-65.54151,-24.97214],[-65.51492,-24.98824],[-65.52321,-25.01909],[-65.61344,-25.02035],[-65.66705,-25.05472],[-65.69167,-25.05477],[-65.71327,-25.09127],[-65.74005,-25.10207],[-65.77807,-25.07105],[-65.82196,-25.07995],[-65.85175,-25.07215],[-65.88454,-25.03933],[-65.88736,-24.93920],[-65.93608,-24.94025],[-65.95540,-24.91849],[-66.00457,-24.76554],[-66.11589,-24.74152],[-66.12824,-24.67523],[-66.12164,-24.59735],[-66.13732,-24.52746],[-66.12799,-24.49561],[-66.15087,-24.43082],[-66.19356,-24.43323],[-66.14992,-24.35401],[-66.15554,-24.30915],[-66.14158,-24.27123],[-66.09983,-24.23066],[-66.10594,-24.14771],[-66.03303,-24.07755],[-66.02308,-24.04214],[-66.03575,-23.99557],[-66.00782,-24.00216],[-65.94164,-23.97950]]]}},{"type":"Feature","properties":{"departamento": "La Caldera", "provincia": "Salta", "hechos": 392, "nivel": "bajo"},"geometry":{"type":"Polygon","coordinates":[[[-65.65344,-24.38031],[-65.62245,-24.38108],[-65.60015,-24.41704],[-65.57127,-24.42225],[-65.54042,-24.45152],[-65.50633,-24.45542],[-65.48804,-24.42756],[-65.46429,-24.43058],[-65.43466,-24.46218],[-65.42529,-24.45045],[-65.35884,-24.46132],[-65.34337,-24.49773],[-65.22927,-24.48622],[-65.22982,-24.46925],[-65.20058,-24.45986],[-65.15999,-24.47946],[-65.15481,-24.48814],[-65.21018,-24.54364],[-65.19974,-24.58537],[-65.26145,-24.59828],[-65.27905,-24.63727],[-65.27470,-24.67743],[-65.22013,-24.71598],[-65.45049,-24.71248],[-65.58136,-24.64455],[-65.58234,-24.57375],[-65.62714,-24.55835],[-65.63400,-24.53470],[-65.66077,-24.52891],[-65.65855,-24.36870],[-65.65344,-24.38031]]]}},{"type":"Feature","properties":{"departamento": "Cachi", "provincia": "Salta", "hechos": 55, "nivel": "bajo"},"geometry":{"type":"Polygon","coordinates":[[[-66.10102,-24.73909],[-66.00457,-24.76554],[-65.97046,-24.89240],[-65.93912,-24.93882],[-65.88736,-24.93920],[-65.89234,-25.02002],[-65.83286,-25.11976],[-65.88860,-25.15418],[-65.85741,-25.18361],[-65.86715,-25.24195],[-65.94600,-25.24367],[-65.95393,-25.28314],[-66.00156,-25.31137],[-66.01983,-25.29168],[-66.23046,-25.25476],[-66.24701,-25.22969],[-66.24401,-25.21109],[-66.28086,-25.18107],[-66.30875,-25.17563],[-66.32822,-25.14645],[-66.35651,-25.14849],[-66.35083,-25.18502],[-66.37964,-25.18635],[-66.40663,-25.15634],[-66.39990,-25.12775],[-66.42180,-25.13469],[-66.46047,-25.11882],[-66.50842,-25.12786],[-66.57842,-25.10136],[-66.62570,-25.10600],[-66.60901,-25.06320],[-66.62363,-25.05022],[-66.61498,-25.01935],[-66.59333,-24.99694],[-66.59635,-24.93681],[-66.53692,-24.85054],[-66.41176,-24.81258],[-66.38481,-24.84670],[-66.32653,-24.86310],[-66.26071,-24.85701],[-66.18911,-24.93728],[-66.13128,-24.93035],[-66.09415,-24.89765],[-66.10762,-24.86322],[-66.09717,-24.79378],[-66.11902,-24.75064],[-66.10102,-24.73909]]]}},{"type":"Feature","properties":{"departamento": "La Viña", "provincia": "Salta", "hechos": 93, "nivel": "bajo"},"geometry":{"type":"Polygon","coordinates":[[[-65.42155,-25.15835],[-65.38633,-25.20631],[-65.36223,-25.21955],[-65.27118,-25.22177],[-65.28769,-25.24025],[-65.27842,-25.25807],[-65.29860,-25.29883],[-65.25264,-25.27839],[-65.17652,-25.30042],[-65.15925,-25.37528],[-65.18086,-25.38870],[-65.18657,-25.40955],[-65.33564,-25.42693],[-65.34674,-25.41542],[-65.34012,-25.29746],[-65.39507,-25.28475],[-65.42626,-25.31482],[-65.45222,-25.37798],[-65.47503,-25.39810],[-65.49174,-25.47556],[-65.51420,-25.49115],[-65.57626,-25.59253],[-65.61914,-25.63006],[-65.64907,-25.63157],[-65.69967,-25.70597],[-65.68328,-25.76427],[-65.70427,-25.82747],[-65.70066,-25.86938],[-65.71498,-25.87749],[-65.74954,-25.86686],[-65.79737,-25.88201],[-65.79597,-25.78275],[-65.87090,-25.77702],[-65.84407,-25.74928],[-65.85236,-25.69804],[-65.84132,-25.67012],[-65.80493,-25.63687],[-65.76993,-25.64862],[-65.76326,-25.60839],[-65.77680,-25.57361],[-65.75031,-25.55489],[-65.74990,-25.50142],[-65.78153,-25.46174],[-65.77893,-25.39009],[-65.79613,-25.35543],[-65.79335,-25.30722],[-65.74821,-25.31784],[-65.72142,-25.25206],[-65.67146,-25.26920],[-65.64688,-25.24299],[-65.60757,-25.23444],[-65.60385,-25.20347],[-65.57466,-25.16943],[-65.56977,-25.20171],[-65.55018,-25.21070],[-65.42804,-25.18853],[-65.42155,-25.15835]]]}},{"type":"Feature","properties":{"departamento": "San Carlos", "provincia": "Salta", "hechos": 68, "nivel": "bajo"},"geometry":{"type":"Polygon","coordinates":[[[-65.85457,-25.18653],[-65.83803,-25.19739],[-65.82272,-25.26150],[-65.82810,-25.28612],[-65.81720,-25.30119],[-65.79190,-25.30533],[-65.79741,-25.34349],[-65.77893,-25.39009],[-65.78153,-25.46174],[-65.75578,-25.48428],[-65.74702,-25.51309],[-65.75031,-25.55489],[-65.77680,-25.57361],[-65.76326,-25.60839],[-65.76993,-25.64862],[-65.80493,-25.63687],[-65.84132,-25.67012],[-65.85236,-25.69804],[-65.84407,-25.74928],[-65.87090,-25.77702],[-65.79597,-25.78275],[-65.80458,-25.85856],[-65.79684,-25.89856],[-65.80685,-25.91331],[-65.79427,-25.93630],[-65.84102,-25.97870],[-65.86586,-25.98226],[-65.85721,-26.02725],[-66.04749,-26.01631],[-66.12316,-26.03335],[-66.13953,-26.04979],[-66.15984,-26.04365],[-66.16631,-26.11546],[-66.18144,-26.13523],[-66.20535,-26.13257],[-66.23039,-26.14968],[-66.29296,-26.22931],[-66.30196,-26.27070],[-66.32264,-26.28933],[-66.38202,-26.41680],[-66.46102,-26.36409],[-66.53988,-26.35316],[-66.58276,-26.16167],[-66.65935,-26.10721],[-66.65257,-26.09290],[-66.66220,-26.07573],[-66.72222,-26.07949],[-66.75727,-26.05013],[-66.78039,-26.04691],[-66.80138,-26.01649],[-66.59540,-25.90443],[-66.37165,-25.98806],[-66.38237,-25.93526],[-66.36214,-25.88348],[-66.33244,-25.86661],[-66.34803,-25.78583],[-66.32837,-25.75747],[-66.31990,-25.65937],[-66.34120,-25.63461],[-66.34900,-25.56810],[-66.30839,-25.55871],[-66.29637,-25.53604],[-66.30378,-25.51086],[-66.27706,-25.49571],[-66.19088,-25.48213],[-66.14039,-25.45441],[-66.02644,-25.45215],[-66.00156,-25.31137],[-65.95393,-25.28314],[-65.94600,-25.24367],[-65.86715,-25.24195],[-65.85457,-25.18653]]]}},{"type":"Feature","properties":{"departamento": "Anta", "provincia": "Salta", "hechos": 2163, "nivel": "bajo"},"geometry":{"type":"Polygon","coordinates":[[[-63.62254,-24.11263],[-63.42700,-24.14493],[-63.43471,-24.18433],[-63.34479,-24.15675],[-63.37477,-24.31336],[-63.28742,-24.27764],[-63.29378,-24.32051],[-63.21052,-24.31564],[-63.19353,-24.21082],[-63.15008,-24.21550],[-63.16369,-24.29490],[-63.03643,-24.37511],[-63.00965,-24.21934],[-62.93682,-24.25800],[-62.93694,-24.71600],[-63.23412,-24.71877],[-63.23352,-24.85657],[-63.07462,-24.85560],[-63.07134,-25.24455],[-63.47552,-25.70995],[-63.56633,-25.70995],[-63.66046,-25.68537],[-63.90870,-25.68305],[-63.95014,-25.66951],[-63.95923,-25.65635],[-63.94127,-25.55110],[-63.95274,-25.53154],[-63.98793,-25.51665],[-64.00582,-25.47269],[-64.02944,-25.46816],[-64.01443,-25.44342],[-64.02368,-25.44487],[-64.01857,-25.42931],[-64.04994,-25.39837],[-64.03670,-25.39007],[-64.06298,-25.36117],[-64.04445,-25.33476],[-64.05563,-25.32272],[-64.04625,-25.31340],[-64.07237,-25.29064],[-64.07298,-25.27957],[-64.05781,-25.27669],[-64.06314,-25.25206],[-64.08535,-25.19482],[-64.09665,-25.19347],[-64.09643,-25.17201],[-64.15053,-25.14752],[-64.15981,-25.10889],[-64.23062,-25.12670],[-64.24676,-25.11494],[-64.27704,-25.14665],[-64.30450,-25.14608],[-64.30701,-25.17049],[-64.33579,-25.19333],[-64.36221,-25.24236],[-64.39743,-25.25186],[-64.43119,-25.22691],[-64.46429,-25.22258],[-64.54542,-25.25630],[-64.57089,-25.31489],[-64.62416,-25.36508],[-64.70475,-25.37971],[-64.77649,-25.36901],[-64.82337,-25.34884],[-64.84149,-25.32040],[-64.88329,-25.29853],[-64.91464,-25.20973],[-64.93674,-25.17505],[-64.97661,-25.14879],[-64.90087,-25.11391],[-64.90594,-25.03922],[-64.89149,-25.00309],[-64.85646,-25.02222],[-64.81801,-24.97528],[-64.82642,-24.94024],[-64.79587,-24.89806],[-64.79795,-24.83962],[-64.81263,-24.82758],[-64.79557,-24.80160],[-64.79902,-24.77165],[-64.72799,-24.70496],[-64.70364,-24.63860],[-64.56013,-24.57723],[-64.53576,-24.50762],[-64.50000,-24.50637],[-64.48188,-24.46512],[-64.45537,-24.46304],[-64.43630,-24.44266],[-64.42165,-24.40221],[-64.31834,-24.42716],[-64.28878,-24.40712],[-64.25198,-24.36417],[-64.25239,-24.34442],[-64.22313,-24.32937],[-64.18002,-24.26365],[-64.16184,-24.22106],[-64.17501,-24.21257],[-64.15797,-24.15480],[-64.00841,-24.16357],[-63.64441,-24.22347],[-63.62254,-24.11263]]]}},{"type":"Feature","properties":{"departamento": "Guachipas", "provincia": "Salta", "hechos": 19, "nivel": "bajo"},"geometry":{"type":"Polygon","coordinates":[[[-65.68694,-26.11281],[-65.61660,-25.99800],[-65.62928,-25.96718],[-65.75486,-25.95561],[-65.72307,-25.93505],[-65.71512,-25.90522],[-65.72622,-25.87283],[-65.70046,-25.86902],[-65.70427,-25.82747],[-65.68328,-25.76427],[-65.69967,-25.70597],[-65.64907,-25.63157],[-65.61914,-25.63006],[-65.60200,-25.60451],[-65.57777,-25.59430],[-65.51420,-25.49115],[-65.49174,-25.47556],[-65.47503,-25.39810],[-65.45222,-25.37798],[-65.42040,-25.30749],[-65.39507,-25.28475],[-65.34012,-25.29746],[-65.34395,-25.42056],[-65.31724,-25.42768],[-65.18657,-25.40955],[-65.17981,-25.43498],[-65.16366,-25.44331],[-65.16632,-25.48120],[-65.15375,-25.49884],[-65.16339,-25.51773],[-65.14933,-25.53780],[-65.16564,-25.58064],[-65.13407,-25.62095],[-65.16398,-25.61948],[-65.19664,-25.69034],[-65.23948,-25.71200],[-65.25896,-25.77609],[-65.29029,-25.77476],[-65.27837,-25.80764],[-65.29132,-25.85192],[-65.36032,-25.88445],[-65.35662,-25.90239],[-65.38437,-25.94429],[-65.43882,-25.95626],[-65.47033,-26.01497],[-65.53102,-26.02102],[-65.52732,-26.04122],[-65.54922,-26.03715],[-65.56307,-26.07526],[-65.56338,-26.08890],[-65.55213,-26.08917],[-65.58730,-26.11449],[-65.61637,-26.12377],[-65.64006,-26.11104],[-65.68694,-26.11281]]]}},{"type":"Feature","properties":{"departamento": "Constitución", "provincia": "Santa Fe", "hechos": 1403, "nivel": "bajo"},"geometry":{"type":"Polygon","coordinates":[[[-60.34287,-33.17790],[-60.31092,-33.18042],[-60.28831,-33.19755],[-60.29783,-33.24228],[-60.25239,-33.27542],[-60.26711,-33.26594],[-60.27271,-33.26386],[-60.26461,-33.28132],[-60.32396,-33.35075],[-60.33529,-33.41210],[-60.41022,-33.46789],[-60.42384,-33.52843],[-60.41383,-33.54501],[-60.45738,-33.58236],[-60.46253,-33.63396],[-60.55695,-33.64660],[-60.61992,-33.62834],[-60.68458,-33.58516],[-60.78195,-33.57897],[-60.81825,-33.54029],[-60.86134,-33.54633],[-60.91811,-33.58837],[-60.93403,-33.65473],[-61.12507,-33.83390],[-61.16509,-33.79483],[-61.15335,-33.78997],[-61.41634,-33.45077],[-61.34707,-33.41314],[-61.38305,-33.36672],[-61.31378,-33.32910],[-61.18883,-33.49164],[-61.07498,-33.41906],[-61.06681,-33.42935],[-60.98747,-33.39334],[-60.93374,-33.35689],[-60.89459,-33.29372],[-60.81505,-33.26590],[-60.76121,-33.31019],[-60.71127,-33.30743],[-60.68259,-33.33539],[-60.57974,-33.36192],[-60.49148,-33.31508],[-60.45912,-33.25736],[-60.40257,-33.20274],[-60.33328,-33.21457],[-60.34287,-33.17790]]]}},{"type":"Feature","properties":{"departamento": "Rosario", "provincia": "Santa Fe", "hechos": 23992, "nivel": "alto"},"geometry":{"type":"Polygon","coordinates":[[[-60.84263,-32.82031],[-60.78153,-32.83869],[-60.65892,-32.83392],[-60.68140,-32.87156],[-60.67621,-32.89960],[-60.62025,-32.94794],[-60.60549,-32.99982],[-60.51318,-33.11292],[-60.39800,-33.18684],[-60.34287,-33.17789],[-60.33328,-33.21457],[-60.40257,-33.20274],[-60.45912,-33.25736],[-60.49148,-33.31508],[-60.57974,-33.36192],[-60.68259,-33.33539],[-60.71127,-33.30743],[-60.76121,-33.31019],[-60.80432,-33.26600],[-60.88898,-33.29007],[-60.92413,-33.33970],[-61.00161,-33.24740],[-60.98205,-33.24502],[-60.99577,-33.23240],[-60.98165,-33.19218],[-60.94590,-33.20105],[-60.94251,-33.15551],[-60.88026,-33.12383],[-60.91225,-33.09460],[-60.91682,-33.07527],[-60.90158,-33.06682],[-60.91409,-33.04929],[-60.96065,-33.07404],[-60.99126,-33.03329],[-60.97332,-33.01746],[-60.93833,-33.01782],[-60.95828,-32.99125],[-60.96817,-32.99526],[-61.00858,-32.92987],[-60.87793,-32.95326],[-60.86107,-32.88554],[-60.84561,-32.87704],[-60.87395,-32.84018],[-60.84263,-32.82031]]]}},{"type":"Feature","properties":{"departamento": "Iriondo", "provincia": "Santa Fe", "hechos": 691, "nivel": "bajo"},"geometry":{"type":"Polygon","coordinates":[[[-61.20000,-32.43754],[-60.89669,-32.46746],[-60.86764,-32.45161],[-60.82781,-32.45825],[-60.85566,-32.47448],[-60.86020,-32.50208],[-60.84694,-32.52314],[-60.84239,-32.59069],[-60.81241,-32.63757],[-60.87443,-32.68032],[-60.88864,-32.66890],[-60.99512,-32.69419],[-61.05468,-32.77004],[-61.06254,-32.80255],[-61.17799,-32.85725],[-61.24623,-32.94320],[-61.23629,-32.95121],[-61.29676,-32.98693],[-61.54306,-33.04131],[-61.56523,-33.06373],[-61.63565,-33.06667],[-61.64939,-33.08891],[-61.71278,-33.09067],[-61.64242,-32.88326],[-61.51828,-32.84910],[-61.53283,-32.84663],[-61.47129,-32.57957],[-61.48478,-32.57709],[-61.43769,-32.39380],[-61.20000,-32.43754]]]}},{"type":"Feature","properties":{"departamento": "Las Colonias", "provincia": "Santa Fe", "hechos": 1273, "nivel": "bajo"},"geometry":{"type":"Polygon","coordinates":[[[-60.92526,-30.70840],[-60.90347,-30.70856],[-60.88536,-30.76299],[-60.81988,-30.79698],[-60.83411,-30.82332],[-60.80418,-30.83509],[-60.81094,-30.84449],[-60.77620,-30.88765],[-60.84875,-30.89568],[-60.84016,-30.91818],[-60.82189,-30.91827],[-60.83601,-30.93473],[-60.82594,-30.98035],[-60.85986,-30.99836],[-60.80435,-31.02709],[-60.82472,-31.04149],[-60.82838,-31.03260],[-60.84170,-31.04259],[-60.83721,-31.05853],[-60.84644,-31.05501],[-60.81979,-31.08200],[-60.82822,-31.09510],[-60.81981,-31.08768],[-60.80652,-31.10184],[-60.80286,-31.09038],[-60.78437,-31.09176],[-60.77616,-31.10866],[-60.79187,-31.11803],[-60.78144,-31.11845],[-60.78230,-31.13201],[-60.81208,-31.13221],[-60.80880,-31.14433],[-60.83334,-31.15502],[-60.82976,-31.17654],[-60.84875,-31.18243],[-60.83595,-31.20956],[-60.85724,-31.24229],[-60.89322,-31.24332],[-60.88512,-31.25195],[-60.91795,-31.27382],[-60.90292,-31.30713],[-60.93969,-31.35301],[-60.89487,-31.36964],[-60.89409,-31.38449],[-60.87781,-31.36742],[-60.86421,-31.37939],[-60.83632,-31.36681],[-60.82972,-31.35005],[-60.78902,-31.35409],[-60.78267,-31.36980],[-60.79426,-31.37690],[-60.78561,-31.37812],[-60.80812,-31.38365],[-60.79882,-31.40229],[-60.81206,-31.40624],[-60.80521,-31.42817],[-60.79158,-31.42383],[-60.78365,-31.45145],[-60.77300,-31.45019],[-60.77976,-31.45671],[-60.76838,-31.46706],[-60.78088,-31.47064],[-60.76861,-31.47365],[-60.78324,-31.48525],[-60.77596,-31.49673],[-60.79689,-31.50385],[-60.78681,-31.51291],[-60.80210,-31.51872],[-60.79181,-31.52175],[-60.79354,-31.53700],[-60.76770,-31.54688],[-60.77803,-31.56904],[-60.76109,-31.56552],[-60.76688,-31.59234],[-60.75333,-31.60475],[-60.82885,-31.58974],[-60.81276,-31.65455],[-60.90461,-31.69722],[-60.91448,-31.73761],[-60.94997,-31.72978],[-60.99310,-31.86432],[-61.17020,-31.83135],[-61.18336,-31.88240],[-61.19594,-31.85182],[-61.30078,-31.83188],[-61.29830,-31.84015],[-61.35472,-31.82982],[-61.39001,-31.84666],[-61.39758,-31.87837],[-61.55883,-31.85015],[-61.49935,-31.58834],[-61.44999,-31.59696],[-61.42925,-31.53287],[-61.39159,-31.53929],[-61.17851,-30.60970],[-60.89246,-30.66932],[-60.92526,-30.70840]]]}},{"type":"Feature","properties":{"departamento": "San Justo", "provincia": "Santa Fe", "hechos": 822, "nivel": "bajo"},"geometry":{"type":"Polygon","coordinates":[[[-60.72035,-29.91018],[-60.27962,-29.97889],[-60.28967,-30.02995],[-60.21212,-30.06767],[-60.19830,-30.12205],[-60.15664,-30.12416],[-60.18506,-30.14653],[-60.18204,-30.16220],[-60.15407,-30.16344],[-60.13644,-30.12736],[-60.11872,-30.13376],[-60.13007,-30.17210],[-60.15001,-30.18550],[-60.15122,-30.20879],[-60.16766,-30.21850],[-60.15895,-30.22921],[-60.17501,-30.24097],[-60.16044,-30.25394],[-60.16657,-30.26759],[-60.18035,-30.27237],[-60.19054,-30.30044],[-60.20664,-30.29443],[-60.21597,-30.30703],[-60.20599,-30.30983],[-60.21377,-30.31960],[-60.19464,-30.31869],[-60.21403,-30.34491],[-60.19845,-30.36738],[-60.22541,-30.37402],[-60.24531,-30.39096],[-60.24248,-30.41053],[-60.25526,-30.42299],[-60.27614,-30.42127],[-60.27432,-30.43220],[-60.33234,-30.47457],[-60.33775,-30.48348],[-60.32581,-30.48285],[-60.32456,-30.49653],[-60.35082,-30.51001],[-60.33976,-30.56876],[-60.38173,-30.60357],[-60.34532,-30.63229],[-60.33308,-30.65516],[-60.33888,-30.66925],[-60.21215,-30.68858],[-60.23953,-30.72083],[-60.24168,-30.76253],[-60.25597,-30.76888],[-60.24755,-30.85644],[-60.25858,-30.86414],[-60.27659,-30.84968],[-60.28459,-30.85810],[-60.28567,-30.91432],[-60.30361,-30.92833],[-60.29992,-30.97619],[-60.31879,-30.98592],[-60.31307,-30.99502],[-60.33230,-31.01644],[-60.32061,-31.04199],[-60.35974,-31.09157],[-60.36914,-31.11544],[-60.35692,-31.12444],[-60.37337,-31.14198],[-60.39120,-31.13993],[-60.44110,-31.16743],[-60.44952,-31.21306],[-60.57385,-31.18803],[-60.54929,-31.13233],[-60.67025,-31.11195],[-60.65790,-31.04211],[-60.83410,-31.01391],[-60.85986,-30.99836],[-60.82594,-30.98035],[-60.83601,-30.93473],[-60.82189,-30.91827],[-60.84016,-30.91818],[-60.84875,-30.89568],[-60.77620,-30.88765],[-60.81094,-30.84449],[-60.80418,-30.83509],[-60.83360,-30.82437],[-60.82361,-30.81818],[-60.83009,-30.80513],[-60.79430,-30.78292],[-60.76024,-30.80789],[-60.72808,-30.78057],[-60.71771,-30.78621],[-60.72322,-30.77659],[-60.71076,-30.77254],[-60.72504,-30.76860],[-60.71310,-30.75097],[-60.69089,-30.74705],[-60.68797,-30.75827],[-60.67901,-30.74467],[-60.65576,-30.74139],[-60.64654,-30.75517],[-60.62322,-30.74712],[-60.62570,-30.73124],[-60.59875,-30.71424],[-60.60811,-30.70305],[-60.59301,-30.68968],[-60.60179,-30.68809],[-60.59111,-30.66609],[-60.61442,-30.66113],[-60.60187,-30.65192],[-60.62239,-30.64068],[-60.60802,-30.63459],[-60.62444,-30.63174],[-60.61961,-30.59448],[-60.62744,-30.60341],[-60.64167,-30.59395],[-60.63937,-30.57898],[-60.66411,-30.57129],[-60.65357,-30.56503],[-60.66945,-30.55512],[-60.66131,-30.55044],[-60.68972,-30.54285],[-60.67505,-30.51970],[-60.68536,-30.50642],[-60.67382,-30.51507],[-60.66642,-30.50196],[-60.65592,-30.51224],[-60.65091,-30.47617],[-60.63792,-30.47952],[-60.65897,-30.43078],[-60.64645,-30.42767],[-60.66390,-30.42348],[-60.65366,-30.41746],[-60.66614,-30.39980],[-60.65289,-30.39775],[-60.67979,-30.39036],[-60.66982,-30.37909],[-60.67828,-30.38202],[-60.68775,-30.37857],[-60.67182,-30.37218],[-60.66911,-30.35925],[-60.68140,-30.35436],[-60.67262,-30.34218],[-60.65005,-30.34256],[-60.65695,-30.30422],[-60.64121,-30.30101],[-60.64157,-30.28928],[-60.65740,-30.25884],[-60.68067,-30.26425],[-60.70293,-30.23640],[-60.71898,-30.23540],[-60.71150,-30.22138],[-60.73403,-30.19564],[-60.71983,-30.19020],[-60.70126,-30.14244],[-60.75207,-30.07971],[-60.73862,-30.02294],[-60.72933,-30.02896],[-60.71807,-30.00903],[-60.72632,-29.98141],[-60.69308,-29.96096],[-60.70477,-29.95636],[-60.69763,-29.94532],[-60.72035,-29.91018]]]}},{"type":"Feature","properties":{"departamento": "Antofagasta de la Sierra", "provincia": "Catamarca", "hechos": 8, "nivel": "bajo"},"geometry":{"type":"Polygon","coordinates":[[[-68.54182,-25.54996],[-68.53837,-25.50903],[-68.57304,-25.49388],[-68.59003,-25.41419],[-68.57060,-25.41751],[-68.54147,-25.38239],[-68.52378,-25.37883],[-68.51817,-25.34006],[-68.54624,-25.31154],[-68.52903,-25.29028],[-68.54793,-25.26241],[-68.53479,-25.23693],[-68.50911,-25.23227],[-68.50703,-25.16833],[-67.86460,-25.23840],[-66.87927,-25.24173],[-66.55819,-25.30065],[-66.58041,-25.31883],[-66.59980,-25.36225],[-66.58707,-25.37284],[-66.53710,-25.37248],[-66.51855,-25.44033],[-66.53525,-25.46226],[-66.54281,-25.52239],[-66.53456,-25.53651],[-66.57277,-25.58672],[-66.56390,-25.62176],[-66.60646,-25.62867],[-66.63041,-25.65437],[-66.64810,-25.71167],[-66.81288,-25.70013],[-66.84333,-25.71263],[-66.86316,-25.74286],[-66.87357,-25.76619],[-66.84976,-25.78429],[-66.83926,-25.88066],[-66.85235,-25.91862],[-66.91945,-25.94460],[-66.90502,-25.99319],[-66.87663,-25.99934],[-66.82411,-26.07568],[-66.84299,-26.09565],[-66.83982,-26.11099],[-66.90768,-26.11852],[-66.92232,-26.10131],[-66.96373,-26.13813],[-66.96590,-26.16726],[-67.00181,-26.23299],[-66.99571,-26.25404],[-67.01096,-26.31055],[-67.03674,-26.33345],[-67.03398,-26.39747],[-67.06136,-26.39686],[-67.04601,-26.42072],[-67.04870,-26.50991],[-67.09048,-26.61366],[-67.11827,-26.60828],[-67.13944,-26.62891],[-67.15352,-26.62022],[-67.18257,-26.66794],[-67.28100,-26.69530],[-67.28793,-26.71445],[-67.40163,-26.74651],[-67.46439,-26.78362],[-67.48937,-26.81871],[-67.48775,-26.86219],[-67.50721,-26.87635],[-67.52401,-26.92142],[-67.54190,-26.92968],[-67.53272,-26.88792],[-67.54573,-26.83472],[-67.59465,-26.81846],[-67.61385,-26.78708],[-67.67038,-26.80405],[-67.71991,-26.77522],[-67.76947,-26.80906],[-67.80621,-26.76043],[-67.82804,-26.77266],[-67.85468,-26.76911],[-67.84948,-26.79601],[-67.86685,-26.80447],[-67.91731,-26.78510],[-67.95803,-26.78799],[-68.01879,-26.75952],[-68.08738,-26.76119],[-68.12874,-26.78486],[-68.13955,-26.81795],[-68.16980,-26.82066],[-68.19754,-26.84649],[-68.21396,-26.80884],[-68.25384,-26.79381],[-68.33026,-26.82200],[-68.36376,-26.80047],[-68.49916,-26.61672],[-68.58769,-26.49204],[-68.55728,-26.28668],[-68.38105,-26.17800],[-68.47727,-25.70118],[-68.54623,-25.62941],[-68.54092,-25.59676],[-68.51468,-25.57437],[-68.54182,-25.54996]]]}},{"type":"Feature","properties":{"departamento": "Caleu Caleu", "provincia": "La Pampa", "hechos": 26, "nivel": "bajo"},"geometry":{"type":"Polygon","coordinates":[[[-64.52823,-38.24640],[-63.38531,-38.25292],[-63.38327,-39.32849],[-63.45300,-39.32039],[-63.45740,-39.32884],[-63.48560,-39.30826],[-63.51201,-39.31266],[-63.54122,-39.29666],[-63.53882,-39.27911],[-63.55803,-39.26145],[-63.59297,-39.24592],[-63.61438,-39.25183],[-63.61763,-39.23590],[-63.63171,-39.24780],[-63.63338,-39.22739],[-63.67426,-39.22226],[-63.67170,-39.20363],[-63.74299,-39.18885],[-63.74477,-39.16379],[-63.76367,-39.15467],[-63.75708,-39.12921],[-63.77716,-39.12843],[-63.78821,-39.10919],[-63.79736,-39.12393],[-63.83495,-39.13631],[-63.84180,-39.10919],[-63.85827,-39.11037],[-63.87030,-39.09595],[-63.87958,-39.10040],[-63.87170,-39.10779],[-63.89789,-39.10695],[-63.91150,-39.08710],[-63.93280,-39.09351],[-63.93346,-39.06159],[-63.99861,-39.03557],[-63.99160,-39.01091],[-64.02357,-39.01750],[-64.01370,-39.00090],[-64.04740,-38.99905],[-64.06249,-39.01003],[-64.06397,-38.99172],[-64.27960,-38.91400],[-64.29395,-38.89765],[-64.32536,-38.90645],[-64.34859,-38.88345],[-64.37801,-38.89200],[-64.39789,-38.88593],[-64.39740,-38.87323],[-64.41336,-38.88378],[-64.42066,-38.87183],[-64.43190,-38.87904],[-64.47638,-38.85999],[-64.51520,-38.86841],[-64.53672,-38.85809],[-64.52823,-38.24640]]]}},{"type":"Feature","properties":{"departamento": "Chical Co", "provincia": "La Pampa", "hechos": 3, "nivel": "bajo"},"geometry":{"type":"Polygon","coordinates":[[[-67.13256,-35.99910],[-67.12686,-36.79948],[-68.24676,-36.80276],[-68.25018,-36.17249],[-68.29613,-36.17255],[-68.29641,-35.99762],[-67.13256,-35.99910]]]}},{"type":"Feature","properties":{"departamento": "Chapaleufú", "provincia": "La Pampa", "hechos": 95, "nivel": "bajo"},"geometry":{"type":"Polygon","coordinates":[[[-63.38561,-35.45411],[-63.93741,-35.45242],[-63.93493,-35.00763],[-63.38573,-35.00222],[-63.38561,-35.45411]]]}},{"type":"Feature","properties":{"departamento": "Rancul", "provincia": "La Pampa", "hechos": 57, "nivel": "bajo"},"geometry":{"type":"Polygon","coordinates":[[[-65.10758,-35.80121],[-65.10676,-35.01533],[-64.48018,-35.01151],[-64.49320,-35.81067],[-65.10758,-35.80121]]]}},{"type":"Feature","properties":{"departamento": "Lihuel Calel", "provincia": "La Pampa", "hechos": 2, "nivel": "bajo"},"geometry":{"type":"Polygon","coordinates":[[[-64.52023,-37.70392],[-64.53808,-38.86564],[-64.59637,-38.85919],[-64.60475,-38.84740],[-64.62945,-38.85284],[-64.67089,-38.83369],[-64.73796,-38.84066],[-64.80733,-38.81601],[-64.84718,-38.82662],[-64.87709,-38.81452],[-64.92427,-38.83316],[-65.11345,-38.79971],[-65.14003,-38.81839],[-65.16714,-38.80229],[-65.19159,-38.80982],[-65.19182,-38.83637],[-65.28052,-38.82141],[-65.37453,-38.85588],[-65.39081,-38.83074],[-65.50250,-38.79810],[-65.52319,-38.77917],[-65.56955,-38.78480],[-65.58494,-38.77453],[-65.62433,-38.78750],[-65.60847,-38.79838],[-65.61708,-38.80871],[-65.63218,-38.80243],[-65.63105,-38.81833],[-65.64638,-38.80945],[-65.65250,-38.82739],[-65.68492,-38.83167],[-65.65528,-37.68980],[-64.52023,-37.70392]]]}},{"type":"Feature","properties":{"departamento": "Hucal", "provincia": "La Pampa", "hechos": 28, "nivel": "bajo"},"geometry":{"type":"Polygon","coordinates":[[[-64.52823,-38.24640],[-64.52023,-37.70392],[-63.38549,-37.70989],[-63.38531,-38.25292],[-64.52823,-38.24640]]]}},{"type":"Feature","properties":{"departamento": "Limay Mahuida", "provincia": "La Pampa", "hechos": 0, "nivel": "bajo"},"geometry":{"type":"Polygon","coordinates":[[[-65.97772,-37.68322],[-67.11169,-37.70019],[-67.12686,-36.79948],[-66.00543,-36.78142],[-65.97772,-37.68322]]]}},{"type":"Feature","properties":{"departamento": "Guatraché", "provincia": "La Pampa", "hechos": 15, "nivel": "bajo"},"geometry":{"type":"Polygon","coordinates":[[[-63.38536,-37.25893],[-63.38549,-37.70989],[-64.18020,-37.70663],[-64.17424,-37.25687],[-63.38536,-37.25893]]]}},{"type":"Feature","properties":{"departamento": "Maracó", "provincia": "La Pampa", "hechos": 642, "nivel": "bajo"},"geometry":{"type":"Polygon","coordinates":[[[-63.38562,-35.45549],[-63.38545,-35.90560],[-63.94051,-35.90471],[-63.93741,-35.45242],[-63.38562,-35.45549]]]}},{"type":"Feature","properties":{"departamento": "San Martín", "provincia": "Santiago del Estero", "hechos": 51, "nivel": "bajo"},"geometry":{"type":"Polygon","coordinates":[[[-63.73457,-28.00307],[-63.73702,-28.01449],[-63.64167,-28.09028],[-63.65386,-28.14753],[-63.60641,-28.14972],[-63.62852,-28.25181],[-63.61154,-28.25462],[-63.63577,-28.35124],[-63.70989,-28.34840],[-63.71110,-28.37161],[-63.69406,-28.37950],[-63.79588,-28.43554],[-63.81789,-28.41303],[-63.81904,-28.39456],[-63.83889,-28.40506],[-63.87588,-28.37654],[-63.88020,-28.38963],[-63.88944,-28.37872],[-63.90220,-28.39289],[-63.92706,-28.36746],[-63.94185,-28.38339],[-63.97111,-28.35905],[-63.96895,-28.34336],[-63.98619,-28.34729],[-64.00835,-28.32883],[-64.02838,-28.33742],[-64.01711,-28.30771],[-64.05190,-28.32850],[-64.08346,-28.26413],[-64.06254,-28.19603],[-64.06010,-28.09434],[-64.10977,-27.97260],[-64.04098,-27.96124],[-64.04636,-27.98538],[-63.95650,-28.00090],[-63.96338,-28.02977],[-63.93048,-28.03620],[-63.92381,-27.96697],[-63.73457,-28.00307]]]}},{"type":"Feature","properties":{"departamento": "Yavi", "provincia": "Jujuy", "hechos": 268, "nivel": "bajo"},"geometry":{"type":"Polygon","coordinates":[[[-65.80486,-22.07522],[-65.74826,-22.10914],[-65.71491,-22.09735],[-65.67530,-22.11160],[-65.58612,-22.09771],[-65.57464,-22.07620],[-65.48381,-22.09577],[-65.18657,-22.08535],[-65.19406,-22.14473],[-65.21379,-22.15001],[-65.22048,-22.16959],[-65.24030,-22.27925],[-65.22678,-22.32067],[-65.26307,-22.33885],[-65.28460,-22.39032],[-65.28172,-22.41343],[-65.34712,-22.52010],[-65.34864,-22.55118],[-65.44637,-22.55496],[-65.50771,-22.52587],[-65.54758,-22.47944],[-65.69971,-22.46218],[-65.98611,-22.40335],[-65.97012,-22.29610],[-65.94710,-22.24594],[-65.95912,-22.19397],[-65.94879,-22.18407],[-65.92442,-22.20352],[-65.90373,-22.19544],[-65.85866,-22.20699],[-65.82529,-22.18773],[-65.80486,-22.07522]]]}},{"type":"Feature","properties":{"departamento": "Santa Catalina", "provincia": "Jujuy", "hechos": 14, "nivel": "bajo"},"geometry":{"type":"Polygon","coordinates":[[[-66.22098,-21.78086],[-66.07631,-21.83498],[-66.04328,-21.87194],[-66.04817,-21.91902],[-65.92478,-21.93355],[-65.80901,-22.07033],[-65.82529,-22.18773],[-65.85866,-22.20699],[-65.90373,-22.19544],[-65.92442,-22.20352],[-65.94879,-22.18407],[-65.95912,-22.19397],[-65.94710,-22.24594],[-65.97012,-22.29610],[-65.98611,-22.40335],[-66.02287,-22.28015],[-66.05948,-22.25844],[-66.31933,-22.32558],[-66.34981,-22.28234],[-66.40908,-22.27093],[-66.41403,-22.24645],[-66.46400,-22.31195],[-66.49133,-22.37500],[-66.56586,-22.41958],[-66.68159,-22.37781],[-66.73404,-22.38045],[-66.76260,-22.36384],[-66.73928,-22.23846],[-66.68625,-22.20954],[-66.63825,-22.22549],[-66.62317,-22.19738],[-66.34775,-22.12803],[-66.33164,-22.11826],[-66.32554,-22.08832],[-66.28860,-22.08695],[-66.29239,-22.03461],[-66.27764,-22.02370],[-66.27464,-21.94442],[-66.26083,-21.93622],[-66.26031,-21.90614],[-66.23593,-21.85232],[-66.24279,-21.79329],[-66.22098,-21.78086]]]}},{"type":"Feature","properties":{"departamento": "San Pedro", "provincia": "Jujuy", "hechos": 1448, "nivel": "bajo"},"geometry":{"type":"Polygon","coordinates":[[[-64.94509,-24.01192],[-64.88111,-24.02554],[-64.85198,-24.05089],[-64.85121,-24.07399],[-64.80585,-24.09047],[-64.78341,-24.09453],[-64.73495,-24.06166],[-64.70584,-24.06286],[-64.72168,-24.09705],[-64.69289,-24.16548],[-64.69278,-24.20937],[-64.73807,-24.31738],[-64.69172,-24.33517],[-64.61405,-24.33423],[-64.57896,-24.32059],[-64.53034,-24.32539],[-64.49588,-24.30150],[-64.52417,-24.33400],[-64.54727,-24.42142],[-64.52265,-24.46233],[-64.56013,-24.57723],[-64.64404,-24.61282],[-64.67417,-24.60387],[-64.68405,-24.57115],[-64.77356,-24.50251],[-64.84270,-24.46708],[-64.95404,-24.44970],[-64.89982,-24.38328],[-64.99699,-24.36014],[-65.02065,-24.36499],[-65.03481,-24.31878],[-65.06364,-24.29258],[-65.05393,-24.25260],[-65.07524,-24.19927],[-65.07429,-24.17084],[-65.04897,-24.18041],[-65.05388,-24.01442],[-65.00127,-24.02221],[-64.94509,-24.01192]]]}},{"type":"Feature","properties":{"departamento": "Valle Grande", "provincia": "Jujuy", "hechos": 1, "nivel": "bajo"},"geometry":{"type":"Polygon","coordinates":[[[-65.06969,-23.19949],[-65.07197,-23.22032],[-65.03865,-23.22690],[-65.03591,-23.25244],[-65.01011,-23.28511],[-64.96464,-23.28611],[-64.94728,-23.26915],[-64.91018,-23.31081],[-64.90467,-23.35426],[-64.89242,-23.35945],[-64.91053,-23.40082],[-64.90666,-23.42379],[-64.86844,-23.44742],[-64.87336,-23.47874],[-64.84217,-23.49518],[-64.85956,-23.58333],[-64.89417,-23.59853],[-64.89930,-23.67171],[-64.92015,-23.70641],[-64.91190,-23.72159],[-64.92031,-23.73328],[-65.01789,-23.69995],[-65.08480,-23.60182],[-65.12660,-23.57723],[-65.13134,-23.53070],[-65.16190,-23.48883],[-65.16189,-23.45392],[-65.13744,-23.41732],[-65.14485,-23.38124],[-65.16654,-23.37141],[-65.17890,-23.31971],[-65.12177,-23.26177],[-65.08449,-23.19708],[-65.06969,-23.19949]]]}},{"type":"Feature","properties":{"departamento": "Patiño", "provincia": "Formosa", "hechos": 845, "nivel": "bajo"},"geometry":{"type":"Polygon","coordinates":[[[-60.04740,-24.01374],[-59.47141,-24.33532],[-59.45660,-24.37351],[-59.42128,-24.40888],[-59.37410,-24.42187],[-59.34192,-24.48918],[-59.28693,-24.51799],[-59.25761,-24.51968],[-59.24128,-24.54606],[-59.18554,-24.56364],[-59.12781,-24.61795],[-59.07983,-24.62128],[-59.02388,-24.66010],[-58.97297,-24.66206],[-58.89174,-24.71502],[-58.89118,-25.05196],[-59.63515,-25.60752],[-59.63974,-26.12639],[-59.62625,-26.13434],[-59.65859,-26.14356],[-59.64927,-26.11945],[-59.67830,-26.11500],[-59.68251,-26.08949],[-59.66361,-26.06246],[-59.67864,-26.05413],[-59.66818,-26.02492],[-59.68543,-26.00940],[-59.67117,-26.00330],[-59.70228,-26.00047],[-59.70779,-26.00978],[-59.70806,-25.99632],[-59.72509,-25.99976],[-59.72787,-25.97015],[-59.74080,-25.97555],[-59.75143,-25.96324],[-59.74357,-25.94952],[-59.75452,-25.95563],[-59.75346,-25.92072],[-59.76864,-25.92568],[-59.76457,-25.91600],[-59.78828,-25.90971],[-59.78118,-25.89668],[-59.82680,-25.88994],[-59.81572,-25.88443],[-59.82716,-25.86964],[-59.83613,-25.87598],[-59.84368,-25.85605],[-59.87134,-25.84580],[-59.85921,-25.83803],[-59.87721,-25.84509],[-59.87751,-25.80221],[-59.92647,-25.79189],[-59.92790,-25.76994],[-59.94311,-25.77338],[-59.94263,-25.75961],[-59.95499,-25.76994],[-59.98684,-25.74325],[-59.97971,-25.72301],[-60.01156,-25.72947],[-60.02154,-25.72301],[-60.01821,-25.70406],[-60.06337,-25.67391],[-60.10283,-25.67004],[-60.10140,-25.65754],[-60.11566,-25.66314],[-60.13991,-25.65108],[-60.14228,-25.63729],[-60.17698,-25.65970],[-60.19267,-25.63600],[-60.17508,-25.63040],[-60.20313,-25.61359],[-60.18411,-25.61143],[-60.21549,-25.60195],[-60.21169,-25.59290],[-60.22642,-25.58600],[-60.20503,-25.57393],[-60.23783,-25.55927],[-60.24163,-25.54461],[-60.22024,-25.53426],[-60.22690,-25.50148],[-60.24116,-25.50881],[-60.22452,-25.48508],[-60.25257,-25.46394],[-60.27443,-25.46653],[-60.28251,-25.43330],[-60.30010,-25.42768],[-60.29582,-25.40998],[-60.32292,-25.42423],[-60.30771,-25.40567],[-60.32720,-25.40739],[-60.33385,-25.39142],[-60.31294,-25.38840],[-60.34621,-25.38019],[-60.33861,-25.36551],[-60.35429,-25.32274],[-60.38899,-25.33527],[-60.41371,-25.30762],[-60.42750,-25.31540],[-60.44176,-25.26527],[-60.48502,-25.23587],[-60.48977,-25.20949],[-60.50831,-25.21382],[-60.51021,-25.18830],[-60.52965,-25.17178],[-60.54100,-25.16745],[-60.56836,-25.19876],[-60.57121,-25.16977],[-60.58595,-25.17799],[-60.60544,-25.15939],[-60.60829,-25.17713],[-60.63063,-25.17756],[-60.65155,-25.16545],[-60.64442,-25.15420],[-60.67056,-25.14901],[-60.65345,-25.11958],[-60.68625,-25.11396],[-60.67627,-25.13559],[-60.70004,-25.11958],[-60.72145,-25.12521],[-60.73807,-25.09751],[-60.76754,-25.09058],[-60.74852,-25.06937],[-60.80699,-25.06417],[-60.81412,-25.07456],[-60.83694,-25.03819],[-60.82173,-25.03429],[-60.86974,-25.03126],[-60.89208,-25.01134],[-60.92108,-25.01047],[-60.92726,-24.99271],[-60.94009,-25.00441],[-60.94152,-24.99098],[-60.92155,-24.97928],[-60.95352,-24.97265],[-60.96397,-24.94839],[-60.99571,-24.93378],[-60.99419,-24.91639],[-61.02023,-24.92132],[-61.01615,-24.90950],[-61.03184,-24.90126],[-61.02423,-24.88912],[-61.04277,-24.89736],[-61.07510,-24.87270],[-61.06796,-24.85747],[-61.09126,-24.85270],[-61.09268,-24.83491],[-61.13073,-24.82015],[-61.14687,-24.79890],[-60.36501,-24.02023],[-60.28454,-24.04314],[-60.19240,-24.04480],[-60.04740,-24.01374]]]}},{"type":"Feature","properties":{"departamento": "Bermejo", "provincia": "Formosa", "hechos": 130, "nivel": "bajo"},"geometry":{"type":"Polygon","coordinates":[[[-61.85177,-23.09446],[-61.81826,-23.12710],[-61.80879,-23.15539],[-61.79102,-23.15576],[-61.79343,-23.16523],[-61.75442,-23.17109],[-61.73467,-23.19946],[-61.73490,-23.23575],[-61.66308,-23.27665],[-61.67159,-23.28397],[-61.63666,-23.27543],[-61.60747,-23.28347],[-61.59005,-23.30465],[-61.57295,-23.30403],[-61.56656,-23.33938],[-61.51603,-23.35111],[-61.52221,-23.37727],[-61.49412,-23.42444],[-61.44949,-23.41905],[-61.41965,-23.44720],[-61.38466,-23.45901],[-61.38466,-23.44725],[-61.37642,-23.45757],[-61.35207,-23.44995],[-61.29267,-23.49543],[-61.28086,-23.48867],[-61.29210,-23.50929],[-61.27295,-23.50678],[-61.27761,-23.51699],[-61.26320,-23.51630],[-61.24690,-23.54080],[-61.21510,-23.55180],[-61.18974,-23.54067],[-61.19537,-23.54997],[-61.17657,-23.54754],[-61.14660,-23.58020],[-61.13020,-23.57850],[-61.13192,-23.59801],[-61.12189,-23.58490],[-61.08952,-23.61386],[-61.10120,-23.62700],[-61.09050,-23.63905],[-61.09518,-23.66666],[-61.08115,-23.67090],[-61.08670,-23.67990],[-61.04000,-23.74300],[-61.01514,-23.75825],[-61.02040,-23.77262],[-60.98681,-23.81287],[-60.96495,-23.80863],[-60.95895,-23.82057],[-60.93393,-23.80033],[-60.86652,-23.85362],[-60.85776,-23.84920],[-60.84734,-23.87155],[-60.74270,-23.87270],[-60.69314,-23.90189],[-60.68124,-23.89413],[-60.64370,-23.90900],[-60.61237,-23.90358],[-60.58660,-23.91810],[-60.59075,-23.94278],[-60.57828,-23.95264],[-60.58884,-23.95885],[-60.55951,-23.95443],[-60.55370,-23.96570],[-60.50874,-23.97082],[-60.47780,-23.95100],[-60.38917,-23.99374],[-60.38050,-24.01910],[-60.36501,-24.02023],[-61.13291,-24.78690],[-61.15638,-24.78502],[-61.15020,-24.74986],[-61.17159,-24.73423],[-61.16256,-24.72164],[-61.17017,-24.70992],[-61.15686,-24.70384],[-61.17064,-24.69993],[-61.18015,-24.72251],[-61.20807,-24.69803],[-61.20107,-24.68256],[-61.21770,-24.66562],[-61.19916,-24.67430],[-61.19726,-24.66127],[-61.21485,-24.64911],[-61.22721,-24.65519],[-61.23006,-24.63521],[-61.24432,-24.65345],[-61.25573,-24.62174],[-61.27606,-24.63915],[-61.28473,-24.62434],[-61.34611,-24.63866],[-61.36184,-24.62165],[-61.38123,-24.63781],[-61.38273,-24.61276],[-61.45396,-24.61217],[-61.48105,-24.59522],[-61.47725,-24.57523],[-61.51876,-24.54701],[-61.52175,-24.51806],[-61.59640,-24.47929],[-61.58448,-24.43999],[-61.59751,-24.43822],[-61.60417,-24.45563],[-61.61035,-24.42168],[-61.63970,-24.43457],[-61.69449,-24.41515],[-61.71398,-24.38338],[-61.69401,-24.36596],[-61.72824,-24.35943],[-61.72063,-24.33983],[-61.76056,-24.32851],[-61.76151,-24.30672],[-61.79859,-24.33635],[-61.80239,-24.32241],[-61.83475,-24.31423],[-61.85177,-23.09446]]]}},{"type":"Feature","properties":{"departamento": "Susques", "provincia": "Jujuy", "hechos": 10, "nivel": "bajo"},"geometry":{"type":"Polygon","coordinates":[[[-66.99122,-22.99931],[-66.28176,-22.99931],[-66.10614,-23.17325],[-66.10588,-23.22333],[-66.19833,-23.39170],[-66.18227,-23.43720],[-66.21933,-23.48526],[-66.23962,-23.49246],[-66.26491,-23.56625],[-66.28364,-23.57470],[-66.31113,-23.56138],[-66.31749,-23.60754],[-66.33549,-23.62851],[-66.33034,-23.65661],[-66.36758,-23.69462],[-66.37686,-23.75022],[-66.35330,-23.82526],[-66.37202,-23.82190],[-66.38005,-23.83904],[-66.35329,-23.89034],[-66.36814,-23.97191],[-66.36288,-23.98346],[-66.33945,-23.98435],[-66.37018,-24.05009],[-66.36229,-24.08736],[-66.38178,-24.12778],[-66.41425,-24.12868],[-66.42249,-24.16395],[-66.47876,-24.18346],[-66.46901,-24.19845],[-66.48336,-24.21300],[-66.50349,-24.19781],[-66.54363,-24.20764],[-66.55871,-24.18727],[-66.64628,-24.17251],[-66.67864,-24.14206],[-66.72646,-24.12231],[-66.74574,-24.08923],[-66.79737,-24.09637],[-66.83737,-24.07074],[-66.88064,-23.97439],[-66.91515,-23.97024],[-66.94112,-23.98404],[-66.99284,-23.88991],[-67.21305,-23.69492],[-66.99122,-22.99931]]]}},{"type":"Feature","properties":{"departamento": "Realicó", "provincia": "La Pampa", "hechos": 74, "nivel": "bajo"},"geometry":{"type":"Polygon","coordinates":[[[-64.48019,-35.01213],[-63.93493,-35.00763],[-63.93741,-35.45242],[-64.48783,-35.44991],[-64.48019,-35.01213]]]}},{"type":"Feature","properties":{"departamento": "Matacos", "provincia": "Formosa", "hechos": 419, "nivel": "bajo"},"geometry":{"type":"Polygon","coordinates":[[[-61.83475,-24.31423],[-61.83995,-24.30150],[-61.87932,-24.30732],[-61.88368,-24.26664],[-61.90852,-24.30676],[-61.92026,-24.28390],[-61.90401,-24.27777],[-61.90784,-24.25943],[-61.95451,-24.26141],[-61.95213,-24.23657],[-61.98465,-24.22710],[-61.97923,-24.24528],[-61.98921,-24.25051],[-62.01155,-24.22741],[-62.04103,-24.24049],[-62.05529,-24.21128],[-62.08286,-24.23046],[-62.07643,-24.20130],[-62.13847,-24.21869],[-62.13610,-24.19602],[-62.17508,-24.20125],[-62.18268,-24.15503],[-62.21643,-24.15110],[-62.22832,-24.13540],[-62.24353,-24.14543],[-62.30152,-24.11620],[-62.32434,-24.12318],[-62.30960,-24.10530],[-62.32672,-24.07868],[-62.34216,-24.11025],[-62.34197,-23.49542],[-61.84389,-23.49292],[-61.83475,-24.31423]]]}},{"type":"Feature","properties":{"departamento": "Tilcara", "provincia": "Jujuy", "hechos": 262, "nivel": "bajo"},"geometry":{"type":"Polygon","coordinates":[[[-65.53164,-23.31247],[-65.43605,-23.33213],[-65.39567,-23.36752],[-65.36116,-23.37155],[-65.33872,-23.39106],[-65.17890,-23.31971],[-65.16654,-23.37141],[-65.14281,-23.38998],[-65.13744,-23.41732],[-65.16017,-23.44904],[-65.16237,-23.48714],[-65.13134,-23.53070],[-65.12660,-23.57723],[-65.08480,-23.60182],[-65.07055,-23.63608],[-65.01752,-23.69409],[-65.08790,-23.73797],[-65.10243,-23.78623],[-65.09675,-23.85664],[-65.20713,-23.78630],[-65.23274,-23.79047],[-65.27080,-23.82799],[-65.29178,-23.82251],[-65.37521,-23.78431],[-65.35194,-23.71197],[-65.38081,-23.70517],[-65.39326,-23.72272],[-65.40560,-23.72104],[-65.41534,-23.70677],[-65.48814,-23.68427],[-65.51153,-23.64756],[-65.50504,-23.59268],[-65.55988,-23.52013],[-65.57959,-23.43429],[-65.63494,-23.38307],[-65.68989,-23.37579],[-65.53164,-23.31247]]]}},{"type":"Feature","properties":{"departamento": "Palpalá", "provincia": "Jujuy", "hechos": 1402, "nivel": "bajo"},"geometry":{"type":"Polygon","coordinates":[[[-65.05384,-24.01548],[-65.04897,-24.18041],[-65.07429,-24.17084],[-65.07524,-24.19927],[-65.05393,-24.25260],[-65.06364,-24.29258],[-65.03481,-24.31878],[-65.02065,-24.36499],[-65.13852,-24.33494],[-65.17869,-24.27835],[-65.20384,-24.28647],[-65.23496,-24.27673],[-65.22805,-24.25458],[-65.25712,-24.22978],[-65.23488,-24.21707],[-65.20427,-24.23021],[-65.21838,-24.20814],[-65.21341,-24.13886],[-65.24076,-24.12938],[-65.20914,-24.10816],[-65.20104,-24.08259],[-65.15835,-24.09536],[-65.13142,-24.08673],[-65.12050,-24.04186],[-65.10265,-24.02339],[-65.05384,-24.01548]]]}},{"type":"Feature","properties":{"departamento": "Quebrachos", "provincia": "Santiago del Estero", "hechos": 135, "nivel": "bajo"},"geometry":{"type":"Polygon","coordinates":[[[-63.81841,-28.91258],[-63.73937,-28.93095],[-63.73177,-28.94352],[-63.68279,-28.94603],[-63.64993,-28.92970],[-63.62620,-28.94952],[-63.59577,-28.94837],[-63.57889,-28.97820],[-63.56593,-28.96798],[-63.55092,-28.98346],[-63.54232,-28.96915],[-63.53893,-29.01905],[-63.47587,-29.02700],[-63.44698,-29.04894],[-63.44897,-29.05921],[-63.41466,-29.06960],[-63.39546,-29.08464],[-63.38151,-29.13671],[-63.36198,-29.12841],[-63.32007,-29.14115],[-63.30755,-29.19535],[-63.28055,-29.22582],[-63.25125,-29.22245],[-63.21419,-29.23900],[-63.18522,-29.28743],[-63.15812,-29.29132],[-63.15937,-29.31080],[-63.13346,-29.31783],[-63.11846,-29.36228],[-63.12804,-29.40535],[-63.09769,-29.41508],[-63.05495,-29.48030],[-63.03144,-29.48166],[-63.03966,-29.50378],[-63.01238,-29.51950],[-62.99218,-29.55812],[-62.96533,-29.56258],[-62.96532,-29.58334],[-62.93511,-29.62194],[-62.88379,-29.63646],[-62.84487,-29.66844],[-62.84898,-29.74877],[-62.80578,-29.78189],[-62.80587,-29.83352],[-63.27047,-29.77918],[-63.27853,-29.63496],[-63.34458,-29.61426],[-63.32940,-29.53748],[-63.46241,-29.51050],[-63.46087,-29.50007],[-63.53269,-29.48333],[-63.53851,-29.51904],[-63.57488,-29.50026],[-63.58094,-29.45296],[-63.64222,-29.43962],[-63.67822,-29.41270],[-63.65317,-29.39249],[-63.64726,-29.30630],[-63.70505,-29.33488],[-63.67060,-29.18185],[-63.73830,-29.17016],[-63.75041,-29.22551],[-63.79451,-29.21759],[-63.77411,-29.10105],[-63.73007,-29.10879],[-63.71876,-29.05920],[-63.83572,-29.03649],[-63.83122,-29.01679],[-63.84592,-29.00368],[-63.79600,-28.96208],[-63.80754,-28.95304],[-63.81943,-28.96251],[-63.85191,-28.93805],[-63.91944,-28.93766],[-63.83862,-28.89429],[-63.81841,-28.91258]]]}},{"type":"Feature","properties":{"departamento": "Tapenagá", "provincia": "Chaco", "hechos": 18, "nivel": "bajo"},"geometry":{"type":"Polygon","coordinates":[[[-59.59649,-27.28418],[-59.58098,-27.29847],[-59.58223,-27.46811],[-59.40378,-27.46758],[-59.40120,-28.00006],[-60.21560,-28.00070],[-60.21295,-27.28507],[-59.59649,-27.28418]]]}},{"type":"Feature","properties":{"departamento": "Utracán", "provincia": "La Pampa", "hechos": 67, "nivel": "bajo"},"geometry":{"type":"Polygon","coordinates":[[[-64.17210,-36.98676],[-64.18020,-37.70663],[-65.65528,-37.68980],[-65.65489,-37.67596],[-65.97772,-37.68322],[-65.99975,-36.96139],[-65.63437,-36.95157],[-65.63478,-36.96581],[-64.17210,-36.98676]]]}},{"type":"Feature","properties":{"departamento": "Toay", "provincia": "La Pampa", "hechos": 155, "nivel": "bajo"},"geometry":{"type":"Polygon","coordinates":[[[-65.05893,-36.25340],[-64.49982,-36.26234],[-64.50538,-36.62233],[-64.35697,-36.62495],[-64.28286,-36.68664],[-64.28305,-36.71519],[-64.17039,-36.71636],[-64.17210,-36.98676],[-65.07134,-36.97722],[-65.05893,-36.25340]]]}},{"type":"Feature","properties":{"departamento": "Capital", "provincia": "La Pampa", "hechos": 2346, "nivel": "bajo"},"geometry":{"type":"Polygon","coordinates":[[[-63.94292,-36.26561],[-63.94580,-36.80621],[-64.16990,-36.80555],[-64.17039,-36.71636],[-64.28305,-36.71519],[-64.28286,-36.68664],[-64.35697,-36.62495],[-64.50538,-36.62233],[-64.49982,-36.26234],[-63.94292,-36.26561]]]}},{"type":"Feature","properties":{"departamento": "Quitilipi", "provincia": "Chaco", "hechos": 197, "nivel": "bajo"},"geometry":{"type":"Polygon","coordinates":[[[-60.20148,-26.30186],[-60.00152,-26.30359],[-60.00575,-26.70296],[-60.08859,-26.67378],[-60.27249,-27.09494],[-60.41300,-27.04544],[-60.22871,-26.62428],[-60.20550,-26.63250],[-60.20148,-26.30186]]]}},{"type":"Feature","properties":{"departamento": "Presidencia de la Plaza", "provincia": "Chaco", "hechos": 123, "nivel": "bajo"},"geometry":{"type":"Polygon","coordinates":[[[-59.70396,-26.71144],[-59.70458,-26.80176],[-59.60452,-26.80190],[-59.60424,-26.98284],[-59.55370,-26.98315],[-59.55435,-27.23988],[-59.59649,-27.28418],[-60.01130,-27.28640],[-60.01112,-27.19627],[-59.98301,-27.19650],[-60.03718,-27.17763],[-59.85408,-26.75530],[-59.85389,-26.71083],[-59.70396,-26.71144]]]}},{"type":"Feature","properties":{"departamento": "Sargento Cabral", "provincia": "Chaco", "hechos": 110, "nivel": "bajo"},"geometry":{"type":"Polygon","coordinates":[[[-59.50355,-26.62208],[-59.50324,-26.71248],[-59.45283,-26.71214],[-59.45223,-26.80276],[-59.20134,-26.80149],[-59.20122,-26.81876],[-59.15506,-26.81849],[-59.15459,-26.86984],[-59.17001,-26.86992],[-59.17003,-26.89970],[-59.30175,-27.01587],[-59.30107,-26.98209],[-59.35151,-26.98226],[-59.35113,-27.02734],[-59.40266,-27.02810],[-59.40291,-27.01244],[-59.55378,-27.01286],[-59.55370,-26.98315],[-59.60424,-26.98284],[-59.60452,-26.80190],[-59.70458,-26.80176],[-59.70371,-26.71144],[-59.85389,-26.71083],[-59.85245,-26.53018],[-59.70323,-26.53170],[-59.70300,-26.62187],[-59.50355,-26.62208]]]}},{"type":"Feature","properties":{"departamento": "Independencia", "provincia": "Chaco", "hechos": 170, "nivel": "bajo"},"geometry":{"type":"Polygon","coordinates":[[[-60.50836,-26.52525],[-60.69446,-26.94605],[-60.61483,-26.97410],[-60.61532,-27.05725],[-60.81556,-27.05497],[-60.81624,-26.90229],[-60.85142,-26.88991],[-60.88306,-26.92705],[-61.00818,-26.84183],[-60.99273,-26.84196],[-60.98999,-26.66133],[-60.93005,-26.66177],[-60.90018,-26.67685],[-60.78882,-26.42550],[-60.50836,-26.52525]]]}},{"type":"Feature","properties":{"departamento": "Trenel", "provincia": "La Pampa", "hechos": 13, "nivel": "bajo"},"geometry":{"type":"Polygon","coordinates":[[[-63.93918,-35.81394],[-64.49320,-35.81067],[-64.48783,-35.44991],[-63.93741,-35.45242],[-63.93918,-35.81394]]]}},{"type":"Feature","properties":{"departamento": "Mayor Luis J. Fontana", "provincia": "Chaco", "hechos": 713, "nivel": "bajo"},"geometry":{"type":"Polygon","coordinates":[[[-60.90928,-27.46003],[-60.46781,-27.46521],[-60.46917,-27.64592],[-60.52330,-27.64563],[-60.52190,-27.73723],[-60.21536,-27.73810],[-60.21560,-28.00070],[-60.90911,-27.99834],[-60.90866,-27.79386],[-61.01366,-27.79409],[-61.02235,-27.47822],[-60.99728,-27.47811],[-60.99717,-27.40012],[-60.90942,-27.39985],[-60.90928,-27.46003]]]}},{"type":"Feature","properties":{"departamento": "Fray Justo Santa María de Oro", "provincia": "Chaco", "hechos": 56, "nivel": "bajo"},"geometry":{"type":"Polygon","coordinates":[[[-61.01352,-27.63492],[-61.01366,-27.79409],[-60.90866,-27.79386],[-60.90911,-27.99834],[-61.71204,-27.99855],[-61.71187,-27.71397],[-61.56927,-27.71424],[-61.56833,-27.79483],[-61.24015,-27.79418],[-61.24053,-27.70556],[-61.12948,-27.70547],[-61.12984,-27.63533],[-61.01352,-27.63492]]]}},{"type":"Feature","properties":{"departamento": "General Belgrano", "provincia": "La Rioja", "hechos": 41, "nivel": "bajo"},"geometry":{"type":"Polygon","coordinates":[[[-65.49246,-30.37180],[-65.52524,-30.49082],[-65.64235,-30.75399],[-66.35328,-30.74772],[-66.36639,-30.70205],[-66.41866,-30.63502],[-66.41956,-30.60955],[-66.37157,-30.53065],[-66.37180,-30.50970],[-66.23236,-30.52663],[-65.99757,-30.39359],[-65.49246,-30.37180]]]}},{"type":"Feature","properties":{"departamento": "Copo", "provincia": "Santiago del Estero", "hechos": 424, "nivel": "bajo"},"geometry":{"type":"Polygon","coordinates":[[[-63.42241,-25.64922],[-61.71182,-25.65474],[-61.71223,-26.23449],[-63.76133,-26.21431],[-63.76257,-26.19427],[-63.70510,-26.10987],[-63.69352,-26.06840],[-63.70542,-26.06381],[-63.69019,-26.03414],[-63.69949,-26.01709],[-63.71332,-26.02283],[-63.71170,-26.01363],[-63.73159,-26.00957],[-63.72757,-25.96837],[-63.74527,-25.96672],[-63.73486,-25.95558],[-63.74799,-25.95126],[-63.74464,-25.94080],[-63.74603,-25.93767],[-63.75345,-25.94713],[-63.76468,-25.91520],[-63.78364,-25.91538],[-63.79157,-25.92992],[-63.78810,-25.90317],[-63.77869,-25.90195],[-63.78560,-25.88024],[-63.83031,-25.84684],[-63.84624,-25.82054],[-63.83867,-25.78970],[-63.87767,-25.77375],[-63.89677,-25.73368],[-63.89262,-25.71511],[-63.91841,-25.68214],[-63.66046,-25.68537],[-63.56633,-25.70995],[-63.47552,-25.70995],[-63.42241,-25.64922]]]}},{"type":"Feature","properties":{"departamento": "Río Hondo", "provincia": "Santiago del Estero", "hechos": 1438, "nivel": "bajo"},"geometry":{"type":"Polygon","coordinates":[[[-64.81122,-27.14932],[-64.76436,-27.18553],[-64.74869,-27.23185],[-64.68098,-27.23368],[-64.57041,-27.33851],[-64.61657,-27.44414],[-64.55881,-27.49536],[-64.51301,-27.49520],[-64.46392,-27.54963],[-64.46639,-27.58520],[-64.43815,-27.60427],[-64.52293,-27.70586],[-64.53333,-27.66620],[-64.62326,-27.64986],[-64.62655,-27.66645],[-64.76037,-27.64745],[-64.77096,-27.70354],[-64.81975,-27.69488],[-64.81173,-27.65570],[-64.89014,-27.70857],[-64.90799,-27.70904],[-64.91844,-27.69493],[-64.99097,-27.72414],[-65.02712,-27.58715],[-65.01095,-27.56176],[-64.99168,-27.57128],[-64.96622,-27.55129],[-64.96812,-27.50537],[-65.00887,-27.48371],[-64.97437,-27.35092],[-64.93709,-27.35809],[-64.93399,-27.34495],[-64.85426,-27.31830],[-64.81122,-27.14932]]]}},{"type":"Feature","properties":{"departamento": "Capital", "provincia": "La Rioja", "hechos": 3498, "nivel": "medio"},"geometry":{"type":"Polygon","coordinates":[[[-66.41116,-28.81630],[-66.39403,-28.86727],[-66.32823,-28.87624],[-66.09972,-28.94442],[-65.81737,-29.17886],[-65.81619,-29.26985],[-65.74834,-29.26969],[-65.71726,-29.32861],[-65.71925,-29.40994],[-65.54484,-29.82772],[-65.70080,-29.82706],[-66.43027,-30.02431],[-66.48224,-30.18642],[-66.52559,-30.14715],[-66.63225,-30.11019],[-66.60916,-29.84908],[-66.97627,-29.81896],[-67.01895,-29.77231],[-67.06055,-29.63856],[-67.03185,-29.53644],[-67.05164,-29.49765],[-67.08846,-29.47039],[-67.10141,-29.43002],[-67.09004,-29.40551],[-67.06725,-29.43071],[-67.02968,-29.42735],[-66.94820,-29.36106],[-66.93108,-29.29047],[-66.89809,-29.25440],[-66.87810,-29.18890],[-66.83217,-29.15159],[-66.79973,-29.07145],[-66.77542,-29.04904],[-66.73471,-28.85231],[-66.35261,-28.73284],[-66.38880,-28.80169],[-66.41116,-28.81630]]]}},{"type":"Feature","properties":{"departamento": "Avellaneda", "provincia": "Río Negro", "hechos": 661, "nivel": "bajo"},"geometry":{"type":"Polygon","coordinates":[[[-66.63190,-38.55681],[-66.60988,-38.55798],[-66.60058,-38.59828],[-66.57819,-38.62280],[-66.59827,-38.65053],[-66.59540,-38.67468],[-66.60714,-38.67909],[-66.57521,-38.70139],[-66.55444,-38.69789],[-66.53862,-38.72085],[-66.49672,-38.71853],[-66.44436,-38.74533],[-66.41649,-38.74370],[-66.40984,-38.73025],[-66.40442,-38.74408],[-66.35755,-38.74491],[-66.34183,-38.75773],[-66.32332,-38.74798],[-66.31506,-38.76129],[-66.30841,-38.74286],[-66.28826,-38.75566],[-66.20739,-38.73132],[-66.18024,-38.73128],[-66.17691,-38.74524],[-66.15505,-38.72885],[-66.12053,-38.73402],[-66.11981,-38.74328],[-66.10698,-38.72769],[-66.08464,-38.72527],[-66.06467,-38.75114],[-66.03199,-38.73890],[-66.03068,-38.75128],[-66.01898,-38.74086],[-65.95101,-38.74726],[-65.94666,-38.76794],[-65.92555,-38.76416],[-65.92759,-38.77519],[-65.91250,-38.76487],[-65.91119,-38.78292],[-65.87708,-38.77789],[-65.88243,-38.79045],[-65.86579,-38.78896],[-65.86431,-38.79980],[-65.84108,-38.78664],[-65.82440,-38.79885],[-65.82018,-38.78871],[-65.80467,-38.79392],[-65.80497,-38.80629],[-65.78726,-38.79462],[-65.77823,-38.81159],[-65.71259,-38.82501],[-65.70176,-38.81628],[-65.69112,-38.83478],[-65.65250,-38.82739],[-65.64638,-38.80945],[-65.63105,-38.81833],[-65.63218,-38.80243],[-65.61708,-38.80871],[-65.60847,-38.79838],[-65.62433,-38.78750],[-65.58494,-38.77453],[-65.56955,-38.78480],[-65.52319,-38.77917],[-65.50250,-38.79810],[-65.39081,-38.83074],[-65.37715,-38.85555],[-65.28052,-38.82141],[-65.21863,-38.83508],[-65.24573,-39.86588],[-65.21366,-39.87086],[-65.28342,-39.92531],[-66.82567,-39.91059],[-67.87220,-39.81090],[-67.36283,-39.46694],[-66.57158,-39.28289],[-66.56548,-39.09197],[-66.63907,-39.10162],[-66.64479,-38.53763],[-66.63190,-38.55681]]]}},{"type":"Feature","properties":{"departamento": "General Roca", "provincia": "Río Negro", "hechos": 6866, "nivel": "alto"},"geometry":{"type":"Polygon","coordinates":[[[-68.23829,-37.58522],[-68.15254,-37.58032],[-68.10676,-37.59624],[-68.08412,-37.58910],[-67.98307,-37.60786],[-67.94416,-37.60322],[-67.91730,-37.61841],[-67.87059,-37.61288],[-67.78558,-37.65228],[-67.77035,-37.67053],[-67.76042,-37.74338],[-67.74034,-37.76541],[-67.74004,-37.78857],[-67.72376,-37.79352],[-67.73048,-37.85192],[-67.78165,-37.89547],[-67.81796,-37.90286],[-67.87280,-37.93988],[-67.87060,-37.95062],[-67.90328,-37.98209],[-67.88843,-38.00038],[-67.89585,-38.01726],[-67.88313,-38.01879],[-67.86145,-38.05354],[-67.84968,-38.05175],[-67.84930,-38.06626],[-67.83524,-38.05589],[-67.80930,-38.07236],[-67.78191,-38.05188],[-67.76251,-38.06873],[-67.75065,-38.05613],[-67.74756,-38.07398],[-67.73033,-38.07576],[-67.73407,-38.09869],[-67.71863,-38.13037],[-67.70751,-38.12338],[-67.68903,-38.13342],[-67.65649,-38.20178],[-67.59320,-38.24060],[-67.52869,-38.25769],[-67.36407,-38.25378],[-67.31708,-38.24762],[-67.26111,-38.21710],[-67.18761,-38.21450],[-67.19659,-38.25378],[-67.17048,-38.26090],[-67.17238,-38.27922],[-67.15311,-38.29134],[-67.15605,-38.35332],[-67.11861,-38.35680],[-67.09184,-38.39963],[-67.00904,-38.42324],[-66.99579,-38.44568],[-66.89697,-38.44373],[-66.89209,-38.46198],[-66.85437,-38.47559],[-66.78607,-38.48053],[-66.71223,-38.53175],[-66.64479,-38.53763],[-66.63907,-39.10162],[-66.67957,-39.10435],[-66.73128,-39.13927],[-66.83997,-39.13454],[-66.86158,-39.15713],[-66.93086,-39.15277],[-67.02238,-39.17815],[-67.13111,-39.15666],[-67.16527,-39.13569],[-67.16210,-39.12234],[-67.18929,-39.12307],[-67.20949,-39.10135],[-67.25436,-39.11263],[-67.27811,-39.09571],[-67.32856,-39.10322],[-67.43357,-39.07613],[-67.48067,-39.08449],[-67.52865,-39.07328],[-67.60599,-39.10849],[-67.64909,-39.10901],[-67.79463,-39.03979],[-68.00947,-38.98255],[-68.00025,-38.97342],[-68.00730,-38.95950],[-68.03941,-38.94189],[-68.05036,-38.91207],[-68.06923,-38.90294],[-68.07151,-38.87151],[-68.09405,-38.85865],[-68.08118,-38.84829],[-68.11826,-38.79326],[-68.12061,-38.74728],[-68.16312,-38.73789],[-68.25628,-38.67955],[-68.25425,-37.57193],[-68.23829,-37.58522]]]}},{"type":"Feature","properties":{"departamento": "Confluencia", "provincia": "Neuquén", "hechos": 11494, "nivel": "alto"},"geometry":{"type":"Polygon","coordinates":[[[-68.86086,-38.37410],[-68.75913,-38.37146],[-68.72516,-38.40491],[-68.68570,-38.40337],[-68.67737,-38.41680],[-68.62236,-38.43409],[-68.60688,-38.46879],[-68.54389,-38.48910],[-68.50644,-38.53576],[-68.41310,-38.56746],[-68.39083,-38.59712],[-68.33385,-38.61970],[-68.31317,-38.64862],[-68.28499,-38.64820],[-68.28249,-38.67001],[-68.25143,-38.68044],[-68.24236,-38.69680],[-68.18041,-38.71823],[-68.14606,-38.74547],[-68.12110,-38.74679],[-68.12606,-38.76801],[-68.11098,-38.81177],[-68.09291,-38.81941],[-68.08118,-38.84829],[-68.09405,-38.85865],[-68.07151,-38.87151],[-68.06923,-38.90294],[-68.05036,-38.91207],[-68.03941,-38.94189],[-68.00738,-38.95938],[-68.00028,-38.97365],[-68.01194,-38.97925],[-67.99809,-38.99576],[-68.02398,-38.97643],[-68.07805,-38.99510],[-68.16535,-38.97981],[-68.17671,-38.96729],[-68.20761,-38.97124],[-68.23102,-38.99133],[-68.30159,-38.97543],[-68.30745,-38.99047],[-68.46923,-39.04575],[-68.50481,-39.07148],[-68.56174,-39.07648],[-68.59471,-39.12017],[-68.66080,-39.17234],[-68.65325,-39.19918],[-68.66550,-39.21730],[-68.81011,-39.29346],[-68.81933,-39.32567],[-68.80806,-39.34736],[-68.81976,-39.36885],[-69.54751,-38.79324],[-69.31769,-38.61462],[-69.26566,-38.59982],[-69.23779,-38.60631],[-69.24447,-38.62017],[-69.22421,-38.62874],[-69.17557,-38.60497],[-69.14113,-38.61369],[-69.11069,-38.60123],[-69.10733,-38.58044],[-69.05108,-38.57050],[-69.04100,-38.55582],[-69.04760,-38.53870],[-69.02874,-38.53640],[-68.99437,-38.49190],[-68.95997,-38.48486],[-68.91967,-38.42098],[-68.90260,-38.41761],[-68.86086,-38.37410]]]}},{"type":"Feature","properties":{"departamento": "Añelo", "provincia": "Neuquén", "hechos": 660, "nivel": "bajo"},"geometry":{"type":"Polygon","coordinates":[[[-68.26109,-37.70452],[-68.25660,-38.67963],[-68.28249,-38.67001],[-68.28540,-38.64791],[-68.31285,-38.64879],[-68.33435,-38.61934],[-68.39083,-38.59712],[-68.41310,-38.56746],[-68.49075,-38.54448],[-68.54482,-38.50018],[-68.54389,-38.48910],[-68.60688,-38.46879],[-68.62174,-38.43445],[-68.67737,-38.41680],[-68.68570,-38.40337],[-68.72516,-38.40491],[-68.75954,-38.37139],[-68.86116,-38.37426],[-68.93737,-38.43923],[-68.95997,-38.48486],[-68.99437,-38.49190],[-69.02874,-38.53640],[-69.04760,-38.53870],[-69.04096,-38.55546],[-69.05070,-38.57025],[-69.10733,-38.58044],[-69.11069,-38.60123],[-69.14113,-38.61369],[-69.17557,-38.60497],[-69.22837,-38.62929],[-69.24468,-38.61982],[-69.24105,-38.60490],[-69.27139,-38.59942],[-69.31573,-38.61496],[-69.33094,-38.59435],[-69.34817,-38.59955],[-69.39633,-38.56110],[-69.39496,-38.54836],[-69.41043,-38.54009],[-69.40320,-38.52786],[-69.42827,-38.50352],[-69.46321,-38.48628],[-69.48194,-38.50880],[-69.49462,-38.48619],[-69.53881,-38.49185],[-69.57431,-38.43671],[-69.61141,-38.42102],[-69.63586,-38.42559],[-69.67173,-38.39462],[-69.66952,-38.37797],[-69.70479,-38.37233],[-69.69972,-38.35898],[-69.70978,-38.35199],[-69.69567,-38.32577],[-69.71611,-38.33061],[-69.74184,-38.30045],[-69.72087,-38.29651],[-69.73244,-38.27598],[-69.71721,-38.24327],[-69.73416,-38.24187],[-69.73774,-38.21001],[-69.75785,-38.19271],[-69.73316,-38.18056],[-69.74281,-38.16348],[-69.76106,-38.16639],[-69.76465,-38.12316],[-69.78597,-38.12168],[-69.77731,-38.10511],[-69.81466,-38.08823],[-69.80133,-38.06361],[-69.82113,-38.06102],[-69.82363,-38.04347],[-69.84034,-38.03470],[-69.82515,-38.02301],[-69.80293,-38.03514],[-69.81409,-38.02108],[-69.80610,-37.99939],[-69.82149,-37.99190],[-69.79473,-37.97067],[-69.81719,-37.94324],[-69.83916,-37.94840],[-69.82866,-37.92863],[-69.85269,-37.91383],[-69.85144,-37.87287],[-69.86457,-37.85117],[-69.88862,-37.84169],[-69.87270,-37.82590],[-69.84375,-37.83054],[-69.86159,-37.81752],[-69.85239,-37.78224],[-69.87121,-37.76715],[-69.86254,-37.75410],[-69.87523,-37.75427],[-69.87579,-37.73514],[-69.86622,-37.72128],[-69.88621,-37.71419],[-69.88569,-37.69136],[-68.26109,-37.70452]]]}},{"type":"Feature","properties":{"departamento": "Pehuenches", "provincia": "Neuquén", "hechos": 485, "nivel": "bajo"},"geometry":{"type":"Polygon","coordinates":[[[-70.04254,-36.65905],[-70.02208,-36.66584],[-70.01216,-36.69553],[-69.98748,-36.69290],[-69.94753,-36.72161],[-69.94393,-36.74492],[-69.92003,-36.76227],[-69.92175,-36.79482],[-69.87357,-36.81140],[-69.85060,-36.84627],[-69.75965,-36.87152],[-69.75208,-36.88617],[-69.77900,-36.91682],[-69.77027,-36.92472],[-69.77626,-36.99122],[-69.76459,-37.00029],[-69.75563,-37.06864],[-69.71154,-37.10148],[-69.52957,-37.17444],[-69.43007,-37.15949],[-69.39699,-37.17190],[-69.27395,-37.14366],[-69.21921,-37.17754],[-69.17343,-37.17775],[-69.10322,-37.20529],[-69.06444,-37.22338],[-69.03859,-37.25476],[-69.04930,-37.31467],[-69.02604,-37.36479],[-68.97713,-37.37930],[-68.94300,-37.37183],[-68.88468,-37.38200],[-68.86517,-37.40125],[-68.76609,-37.36648],[-68.72164,-37.38894],[-68.69658,-37.44234],[-68.61367,-37.43862],[-68.56992,-37.45628],[-68.50491,-37.45409],[-68.43666,-37.54456],[-68.40118,-37.55873],[-68.35495,-37.54723],[-68.25425,-37.57193],[-68.25376,-37.70457],[-69.88569,-37.69136],[-69.91081,-37.66679],[-69.98026,-37.66724],[-69.99620,-37.65396],[-70.03449,-37.65223],[-70.04545,-37.55873],[-70.08587,-37.53086],[-70.10088,-37.49370],[-70.08388,-37.47493],[-70.10576,-37.43393],[-70.09410,-37.39462],[-70.02749,-37.30978],[-70.02145,-37.28539],[-70.05781,-37.25797],[-70.04254,-36.65905]]]}},{"type":"Feature","properties":{"departamento": "Lago Buenos Aires", "provincia": "Santa Cruz", "hechos": 162, "nivel": "bajo"},"geometry":{"type":"Polygon","coordinates":[[[-71.64601,-45.99991],[-69.65620,-45.99994],[-69.68665,-47.16130],[-69.70757,-47.23469],[-69.73441,-48.32208],[-69.78301,-48.30705],[-70.76888,-47.31988],[-71.57147,-47.36386],[-71.89189,-47.22731],[-71.86485,-47.23101],[-71.89482,-47.21092],[-71.87992,-47.20466],[-71.89071,-47.18311],[-71.85033,-47.16280],[-71.88064,-47.10686],[-71.95441,-47.07622],[-71.90386,-47.05051],[-71.88083,-47.01092],[-71.89647,-46.99626],[-71.93213,-46.99448],[-71.91854,-46.98525],[-71.93089,-46.97717],[-71.95770,-46.97451],[-71.95149,-46.95739],[-71.97070,-46.90536],[-71.93116,-46.86794],[-71.93348,-46.83938],[-71.95538,-46.81518],[-71.91555,-46.79815],[-71.83402,-46.79703],[-71.64355,-46.68127],[-71.64688,-46.63418],[-71.66692,-46.59730],[-71.66957,-46.52855],[-71.75697,-46.34554],[-71.72822,-46.30706],[-71.72723,-46.27211],[-71.78010,-46.19723],[-71.86010,-46.19387],[-71.87761,-46.16556],[-71.87500,-46.16046],[-71.86651,-46.15787],[-71.86492,-46.15672],[-71.90043,-46.16394],[-71.91520,-46.13961],[-71.82238,-46.11008],[-71.78545,-46.12213],[-71.74855,-46.09167],[-71.71531,-46.08929],[-71.64601,-45.99991]]]}},{"type":"Feature","properties":{"departamento": "Chalileo", "provincia": "La Pampa", "hechos": 30, "nivel": "bajo"},"geometry":{"type":"Polygon","coordinates":[[[-67.13256,-35.99910],[-66.01772,-35.99989],[-66.02290,-36.15093],[-66.04857,-36.15141],[-66.03835,-36.32105],[-66.01984,-36.32041],[-66.00543,-36.78142],[-67.12686,-36.79948],[-67.13256,-35.99910]]]}},{"type":"Feature","properties":{"departamento": "Puelén", "provincia": "La Pampa", "hechos": 230, "nivel": "bajo"},"geometry":{"type":"Polygon","coordinates":[[[-67.12686,-36.79948],[-67.11169,-37.70019],[-67.10219,-38.38033],[-67.11968,-38.35603],[-67.15605,-38.35332],[-67.15311,-38.29134],[-67.17238,-38.27922],[-67.17048,-38.26090],[-67.19659,-38.25378],[-67.18761,-38.21450],[-67.26111,-38.21710],[-67.34418,-38.25177],[-67.54791,-38.25629],[-67.65649,-38.20178],[-67.68903,-38.13342],[-67.70751,-38.12338],[-67.71863,-38.13037],[-67.73010,-38.11481],[-67.73033,-38.07576],[-67.74756,-38.07398],[-67.75065,-38.05613],[-67.76251,-38.06873],[-67.78191,-38.05188],[-67.80930,-38.07236],[-67.83524,-38.05589],[-67.85075,-38.06547],[-67.84968,-38.05175],[-67.86145,-38.05354],[-67.88313,-38.01879],[-67.89585,-38.01726],[-67.88843,-38.00038],[-67.90328,-37.98209],[-67.84618,-37.91774],[-67.78165,-37.89547],[-67.73648,-37.85805],[-67.72079,-37.81059],[-67.76042,-37.74338],[-67.77035,-37.67053],[-67.78558,-37.65228],[-67.87059,-37.61288],[-67.91730,-37.61841],[-67.94416,-37.60322],[-67.98307,-37.60786],[-68.08412,-37.58910],[-68.10676,-37.59624],[-68.15254,-37.58032],[-68.21931,-37.58824],[-68.25425,-37.57193],[-68.24676,-36.80276],[-67.12686,-36.79948]]]}},{"type":"Feature","properties":{"departamento": "Río Grande", "provincia": "Tierra del Fuego", "hechos": 1021, "nivel": "bajo"},"geometry":{"type":"Polygon","coordinates":[[[-68.56935,-52.70694],[-68.28767,-52.95143],[-68.20150,-53.14196],[-68.21464,-53.15281],[-68.21121,-53.12630],[-68.26867,-53.04252],[-68.26675,-53.01611],[-68.35955,-53.01789],[-68.39031,-53.03717],[-68.39096,-53.05073],[-68.41887,-53.05144],[-68.41651,-53.06386],[-68.44778,-53.07993],[-68.44613,-53.09185],[-68.50131,-53.10527],[-68.49389,-53.11605],[-68.53815,-53.14441],[-68.55606,-53.19565],[-68.54844,-53.24752],[-68.46375,-53.29368],[-68.38706,-53.31197],[-68.30787,-53.32125],[-68.20660,-53.30669],[-68.13707,-53.33134],[-68.08291,-53.38968],[-68.04418,-53.50804],[-67.99016,-53.58451],[-67.91133,-53.65267],[-67.72614,-53.75407],[-67.68174,-53.79717],[-67.73630,-53.80533],[-67.77843,-53.83379],[-67.72722,-53.80976],[-67.68144,-53.80622],[-67.67309,-53.79333],[-67.68359,-53.78790],[-67.67432,-53.78525],[-67.54424,-53.84140],[-67.57746,-53.85677],[-67.56604,-53.89965],[-67.43969,-53.98279],[-67.33585,-54.01620],[-67.34504,-54.02457],[-67.32971,-54.04137],[-67.15882,-54.11161],[-67.16439,-54.11980],[-67.08130,-54.13198],[-66.94899,-54.18855],[-68.60794,-54.18855],[-68.60623,-52.65827],[-68.56935,-52.70694]]]}},{"type":"Feature","properties":{"departamento": "Conhelo", "provincia": "La Pampa", "hechos": 36, "nivel": "bajo"},"geometry":{"type":"Polygon","coordinates":[[[-65.10777,-35.98229],[-65.10758,-35.80226],[-63.93918,-35.81394],[-63.94292,-36.26561],[-65.05893,-36.25340],[-65.05064,-35.98337],[-65.10777,-35.98229]]]}},{"type":"Feature","properties":{"departamento": "Loventué", "provincia": "La Pampa", "hechos": 62, "nivel": "bajo"},"geometry":{"type":"Polygon","coordinates":[[[-66.01774,-36.00002],[-65.10781,-35.99906],[-65.10777,-35.98229],[-65.05064,-35.98337],[-65.07134,-36.97722],[-65.63478,-36.96581],[-65.63437,-36.95157],[-65.99975,-36.96139],[-66.01984,-36.32041],[-66.03835,-36.32105],[-66.04857,-36.15141],[-66.02290,-36.15093],[-66.01774,-36.00002]]]}},{"type":"Feature","properties":{"departamento": "Banda", "provincia": "Santiago del Estero", "hechos": 5776, "nivel": "medio"},"geometry":{"type":"Polygon","coordinates":[[[-64.02102,-27.03001],[-63.93978,-27.03063],[-63.94032,-27.14490],[-63.97608,-27.14453],[-63.97566,-27.19146],[-63.92655,-27.19249],[-63.92679,-27.23775],[-63.98086,-27.24727],[-64.00075,-27.33118],[-63.99028,-27.33300],[-64.00379,-27.38948],[-63.96454,-27.39625],[-63.99557,-27.51779],[-63.96017,-27.51756],[-63.98865,-27.55867],[-63.91597,-27.65550],[-63.87999,-27.64480],[-63.87988,-27.66457],[-63.91577,-27.67473],[-63.91594,-27.69533],[-63.93417,-27.69750],[-63.93391,-27.73642],[-64.08570,-27.75504],[-64.08536,-27.73990],[-64.20761,-27.81176],[-64.22428,-27.80858],[-64.27715,-27.74821],[-64.30726,-27.73597],[-64.32012,-27.68756],[-64.34874,-27.67329],[-64.36821,-27.63743],[-64.39549,-27.63203],[-64.40621,-27.60757],[-64.43247,-27.60805],[-64.46578,-27.58633],[-64.46392,-27.54963],[-64.51301,-27.49520],[-64.55881,-27.49536],[-64.61657,-27.44414],[-64.55812,-27.30946],[-64.48747,-27.35284],[-64.47648,-27.30199],[-64.46747,-27.30353],[-64.46884,-27.26032],[-64.44054,-27.26465],[-64.45677,-27.22446],[-64.44518,-27.17476],[-64.32793,-27.19637],[-64.32382,-27.17567],[-64.30429,-27.18685],[-64.17797,-27.19859],[-64.17671,-27.10862],[-64.11302,-27.10914],[-64.11335,-27.14273],[-64.08545,-27.14295],[-64.08481,-27.06187],[-64.02055,-27.06100],[-64.02102,-27.03001]]]}},{"type":"Feature","properties":{"departamento": "Sarmiento", "provincia": "Santiago del Estero", "hechos": 45, "nivel": "bajo"},"geometry":{"type":"Polygon","coordinates":[[[-63.48148,-27.83580],[-63.45774,-27.88251],[-63.46698,-27.90718],[-63.44247,-27.92279],[-63.44496,-27.95342],[-63.40974,-27.97276],[-63.39805,-28.02855],[-63.32797,-28.05433],[-63.31756,-28.08066],[-63.29376,-28.08673],[-63.27020,-28.15967],[-63.20028,-28.16587],[-63.14493,-28.20693],[-63.13361,-28.24339],[-63.09540,-28.27014],[-63.11535,-28.30769],[-63.10967,-28.32723],[-63.22829,-28.32733],[-63.23093,-28.34934],[-63.33395,-28.32988],[-63.36158,-28.31703],[-63.45969,-28.21236],[-63.46734,-28.25524],[-63.51287,-28.25658],[-63.57864,-28.24210],[-63.58086,-28.20504],[-63.61683,-28.19896],[-63.60641,-28.14972],[-63.65386,-28.14753],[-63.64167,-28.09028],[-63.73702,-28.01449],[-63.72908,-27.97728],[-63.68918,-27.98389],[-63.66051,-27.81763],[-63.59263,-27.82957],[-63.58091,-27.86702],[-63.48148,-27.83580]]]}},{"type":"Feature","properties":{"departamento": "Deseado", "provincia": "Santa Cruz", "hechos": 2837, "nivel": "medio"},"geometry":{"type":"MultiPolygon","coordinates":[[[[-67.59519,-46.00423],[-67.58597,-46.02228],[-67.62402,-46.04874],[-67.61494,-46.06574],[-67.62724,-46.08363],[-67.61367,-46.23144],[-67.56737,-46.34907],[-67.44028,-46.54854],[-67.35532,-46.61884],[-67.25446,-46.64623],[-67.23052,-46.67401],[-67.20063,-46.67362],[-67.19085,-46.68682],[-67.15627,-46.68787],[-67.14880,-46.70224],[-67.12163,-46.70744],[-67.12515,-46.72322],[-67.09554,-46.73502],[-67.09977,-46.74859],[-67.08177,-46.75024],[-67.07561,-46.77403],[-67.02747,-46.81486],[-66.98494,-46.82881],[-66.97355,-46.84907],[-66.95092,-46.84698],[-66.89941,-46.91201],[-66.85886,-46.93279],[-66.85658,-46.94685],[-66.79193,-46.99914],[-66.71010,-47.03309],[-66.65916,-47.03015],[-66.63051,-47.04579],[-66.49778,-47.03828],[-66.19770,-47.08740],[-65.94069,-47.07218],[-65.90302,-47.09547],[-65.86738,-47.09210],[-65.86475,-47.10633],[-65.84668,-47.10913],[-65.84163,-47.13938],[-65.73556,-47.20197],[-65.75772,-47.22206],[-65.71785,-47.33216],[-65.73980,-47.51024],[-65.84489,-47.73462],[-65.83864,-47.74682],[-65.89960,-47.75873],[-66.00140,-47.74530],[-66.00098,-47.73297],[-66.00531,-47.73077],[-66.00232,-47.74371],[-66.03442,-47.74408],[-66.10529,-47.79901],[-66.12341,-47.80798],[-66.15039,-47.80701],[-66.19501,-47.82001],[-66.28180,-47.86877],[-66.19019,-47.82953],[-66.08820,-47.81299],[-65.97809,-47.76270],[-65.95178,-47.75897],[-65.94031,-47.76691],[-65.91040,-47.76190],[-65.87365,-47.76502],[-65.89826,-47.76709],[-65.88002,-47.77424],[-65.87909,-47.79922],[-65.86504,-47.80108],[-65.87573,-47.80964],[-65.84454,-47.89349],[-65.76146,-47.91622],[-65.79063,-47.93168],[-65.78600,-47.94533],[-65.76509,-47.95014],[-65.80429,-47.96085],[-65.84010,-47.96373],[-65.83883,-47.94217],[-65.86007,-47.93773],[-65.86774,-47.94870],[-65.87255,-47.93629],[-65.89706,-47.93157],[-65.94122,-47.95428],[-65.95140,-47.97714],[-65.92412,-47.99024],[-65.94293,-48.00393],[-65.93187,-48.01721],[-65.95324,-48.01446],[-65.94087,-48.03085],[-65.98030,-48.05098],[-65.90437,-48.08037],[-65.89424,-48.10135],[-65.91776,-48.09682],[-65.90810,-48.10561],[-65.94012,-48.11251],[-65.94091,-48.12473],[-65.95280,-48.10293],[-65.97553,-48.09999],[-66.11798,-48.12200],[-66.12381,-48.13956],[-66.13851,-48.13924],[-66.14462,-48.16458],[-66.16429,-48.17267],[-66.15993,-48.19046],[-66.22825,-48.20130],[-66.26265,-48.23795],[-66.33756,-48.27716],[-66.36018,-48.31472],[-66.33388,-48.35468],[-66.34300,-48.36880],[-66.34986,-48.35507],[-66.44804,-48.35231],[-66.47481,-48.36615],[-66.46708,-48.40014],[-66.49435,-48.41747],[-66.64190,-48.43098],[-66.73642,-48.46507],[-66.77164,-48.49836],[-66.83105,-48.52304],[-66.87007,-48.58273],[-67.17193,-48.48388],[-67.55312,-48.11298],[-67.58742,-48.11235],[-67.61612,-48.09166],[-68.18558,-48.44458],[-68.33544,-48.37961],[-69.35534,-48.43832],[-69.73441,-48.32208],[-69.70757,-47.23469],[-69.68665,-47.16130],[-69.65620,-45.99994],[-67.59519,-46.00423]]],[[[-65.99021,-47.76168],[-66.00306,-47.77211],[-66.05481,-47.78642],[-66.03894,-47.76757],[-65.99021,-47.76168]]],[[[-65.71680,-47.90525],[-65.71069,-47.91438],[-65.72606,-47.91148],[-65.71680,-47.90525]]],[[[-66.15117,-47.81456],[-66.16030,-47.81335],[-66.14425,-47.81046],[-66.15117,-47.81456]]],[[[-65.94090,-47.75812],[-65.93855,-47.76587],[-65.94772,-47.75996],[-65.94090,-47.75812]]],[[[-66.06587,-47.77625],[-66.07326,-47.78374],[-66.08006,-47.78288],[-66.06587,-47.77625]]],[[[-66.16324,-47.81754],[-66.17701,-47.81850],[-66.16208,-47.81664],[-66.16324,-47.81754]]],[[[-66.05293,-47.77036],[-66.06007,-47.77339],[-66.05246,-47.76846],[-66.05293,-47.77036]]],[[[-65.89801,-48.07368],[-65.89834,-48.07916],[-65.90244,-48.07733],[-65.89801,-48.07368]]],[[[-65.73614,-47.91613],[-65.74229,-47.92091],[-65.73673,-47.91486],[-65.73614,-47.91613]]],[[[-65.96995,-47.75506],[-65.96541,-47.75198],[-65.96371,-47.75301],[-65.96995,-47.75506]]],[[[-65.89070,-48.08240],[-65.88934,-48.08633],[-65.89655,-48.08337],[-65.89070,-48.08240]]],[[[-65.86323,-47.95946],[-65.86629,-47.95895],[-65.86221,-47.95660],[-65.86323,-47.95946]]],[[[-65.90110,-48.00571],[-65.90354,-48.00422],[-65.89841,-48.00339],[-65.90110,-48.00571]]],[[[-65.98472,-48.10760],[-65.98714,-48.11070],[-65.98797,-48.10942],[-65.98472,-48.10760]]],[[[-65.89384,-48.11284],[-65.89672,-48.11502],[-65.89721,-48.11194],[-65.89384,-48.11284]]],[[[-65.99102,-48.11242],[-65.99500,-48.11346],[-65.99461,-48.11157],[-65.99102,-48.11242]]],[[[-65.75947,-47.91270],[-65.75558,-47.91423],[-65.76085,-47.91339],[-65.75947,-47.91270]]],[[[-66.22004,-48.24643],[-66.22255,-48.24585],[-66.21935,-48.24466],[-66.22004,-48.24643]]],[[[-65.76256,-47.95110],[-65.76245,-47.95367],[-65.76411,-47.95226],[-65.76256,-47.95110]]],[[[-66.10792,-48.12552],[-66.10451,-48.12544],[-66.10329,-48.12577],[-66.10792,-48.12552]]],[[[-66.32396,-48.35979],[-66.32603,-48.35917],[-66.32420,-48.35807],[-66.32396,-48.35979]]],[[[-65.88979,-48.08689],[-65.89217,-48.08719],[-65.89199,-48.08613],[-65.88979,-48.08689]]],[[[-65.87040,-47.94869],[-65.87227,-47.95005],[-65.87251,-47.94886],[-65.87040,-47.94869]]],[[[-65.88905,-48.00011],[-65.88784,-48.00182],[-65.89017,-48.00145],[-65.88905,-48.00011]]],[[[-65.87012,-47.95607],[-65.87097,-47.95471],[-65.86816,-47.95477],[-65.87012,-47.95607]]],[[[-66.08429,-48.12969],[-66.08714,-48.12927],[-66.08739,-48.12857],[-66.08429,-48.12969]]],[[[-65.87003,-47.95817],[-65.87148,-47.95967],[-65.87196,-47.95943],[-65.87003,-47.95817]]],[[[-66.10891,-48.14107],[-66.10918,-48.14203],[-66.11021,-48.14148],[-66.10891,-48.14107]]],[[[-65.92471,-48.00636],[-65.92584,-48.00721],[-65.92603,-48.00663],[-65.92471,-48.00636]]]]}},{"type":"Feature","properties":{"departamento": "Belgrano", "provincia": "Santiago del Estero", "hechos": 103, "nivel": "bajo"},"geometry":{"type":"Polygon","coordinates":[[[-61.85724,-28.86645],[-61.94990,-29.41578],[-61.98651,-29.42613],[-62.02588,-29.40477],[-62.04380,-29.37280],[-62.08117,-29.37103],[-62.11031,-29.35456],[-62.15738,-29.38494],[-62.16851,-29.37285],[-62.17445,-29.38614],[-62.18187,-29.37029],[-62.20000,-29.37258],[-62.19922,-29.35824],[-62.24687,-29.36163],[-62.24875,-29.37115],[-62.26046,-29.35173],[-62.31008,-29.32582],[-62.30178,-29.31783],[-62.31247,-29.31399],[-62.30090,-29.31533],[-62.28545,-29.28704],[-62.30319,-29.29275],[-62.32188,-29.26261],[-62.37049,-29.24742],[-62.35861,-29.24378],[-62.36778,-29.22543],[-62.39001,-29.22149],[-62.40097,-29.20096],[-62.41836,-29.20338],[-62.41385,-29.18450],[-62.42770,-29.18409],[-62.41601,-29.17890],[-62.43710,-29.15343],[-62.47969,-29.15735],[-62.47462,-29.14236],[-62.49076,-29.14461],[-62.48939,-29.13525],[-62.50017,-29.14433],[-62.50540,-29.12846],[-62.53535,-29.13713],[-62.56079,-29.12538],[-62.55657,-29.11492],[-62.57112,-29.11512],[-62.57028,-29.10484],[-62.60849,-29.08890],[-62.62000,-29.09563],[-62.61578,-29.08487],[-62.63175,-29.08398],[-62.64086,-29.06593],[-62.62855,-29.03706],[-62.65163,-29.02902],[-62.66578,-28.98479],[-62.67482,-28.98606],[-62.66528,-28.97606],[-62.67313,-28.95785],[-62.65367,-28.94892],[-62.67356,-28.93494],[-62.65746,-28.92804],[-62.65911,-28.90997],[-62.64742,-28.91150],[-62.64141,-28.90821],[-62.65114,-28.90917],[-62.64038,-28.89823],[-62.64465,-28.86552],[-61.85724,-28.86645]]]}},{"type":"Feature","properties":{"departamento": "Aguirre", "provincia": "Santiago del Estero", "hechos": 99, "nivel": "bajo"},"geometry":{"type":"Polygon","coordinates":[[[-62.64387,-28.86177],[-62.64038,-28.89823],[-62.65114,-28.90917],[-62.64141,-28.90821],[-62.65911,-28.90997],[-62.65746,-28.92804],[-62.67356,-28.93494],[-62.65367,-28.94892],[-62.67313,-28.95785],[-62.66528,-28.97606],[-62.67482,-28.98606],[-62.66578,-28.98479],[-62.65163,-29.02902],[-62.62855,-29.03706],[-62.64086,-29.06593],[-62.63175,-29.08398],[-62.61578,-29.08487],[-62.62000,-29.09563],[-62.60849,-29.08890],[-62.57028,-29.10484],[-62.57112,-29.11512],[-62.55657,-29.11492],[-62.56079,-29.12538],[-62.53535,-29.13713],[-62.50540,-29.12846],[-62.50017,-29.14433],[-62.48939,-29.13525],[-62.49076,-29.14461],[-62.47462,-29.14236],[-62.47969,-29.15735],[-62.43710,-29.15343],[-62.41601,-29.17890],[-62.42770,-29.18409],[-62.41385,-29.18450],[-62.41836,-29.20338],[-62.40097,-29.20096],[-62.39001,-29.22149],[-62.36778,-29.22543],[-62.35861,-29.24378],[-62.37049,-29.24742],[-62.32188,-29.26261],[-62.30319,-29.29275],[-62.28545,-29.28704],[-62.30090,-29.31533],[-62.31247,-29.31399],[-62.30178,-29.31783],[-62.31008,-29.32582],[-62.26046,-29.35173],[-62.24875,-29.37115],[-62.24687,-29.36163],[-62.19922,-29.35824],[-62.20000,-29.37258],[-62.18187,-29.37029],[-62.17445,-29.38614],[-62.16851,-29.37285],[-62.15738,-29.38494],[-62.11031,-29.35456],[-62.08117,-29.37103],[-62.04380,-29.37280],[-62.02588,-29.40477],[-61.99186,-29.42539],[-61.94990,-29.41578],[-61.99284,-29.66506],[-62.43751,-29.66660],[-62.43784,-29.59678],[-62.53362,-29.59685],[-62.54501,-29.52116],[-62.55837,-29.52089],[-62.55801,-29.48240],[-62.49781,-29.48218],[-62.49783,-29.44276],[-62.61711,-29.44253],[-62.61652,-29.36414],[-62.75261,-29.36337],[-62.75275,-29.30696],[-62.80218,-29.30642],[-62.80222,-29.28429],[-62.89146,-29.28361],[-62.89154,-29.20210],[-62.98071,-29.20199],[-62.98022,-28.96666],[-63.06812,-28.97010],[-63.06807,-28.89184],[-62.89452,-28.89166],[-62.89455,-28.86298],[-62.64387,-28.86177]]]}},{"type":"Feature","properties":{"departamento": "Maipú", "provincia": "Chaco", "hechos": 166, "nivel": "bajo"},"geometry":{"type":"Polygon","coordinates":[[[-60.09926,-26.12238],[-60.10114,-26.30276],[-60.20148,-26.30186],[-60.20550,-26.63250],[-60.80452,-26.41990],[-60.79979,-26.11488],[-60.09926,-26.12238]]]}},{"type":"Feature","properties":{"departamento": "Guasayán", "provincia": "Santiago del Estero", "hechos": 137, "nivel": "bajo"},"geometry":{"type":"Polygon","coordinates":[[[-64.70369,-27.65649],[-64.71351,-27.77597],[-64.69884,-27.77840],[-64.70942,-27.82581],[-64.65247,-27.83595],[-64.65975,-27.88790],[-64.55793,-27.89242],[-64.56640,-27.93237],[-64.54586,-27.93611],[-64.58238,-28.09226],[-64.60427,-28.08857],[-64.62099,-28.16594],[-64.75739,-28.14179],[-64.76081,-28.15628],[-64.78328,-28.15175],[-64.78527,-28.16221],[-64.83201,-28.15272],[-64.85445,-28.24729],[-64.93777,-28.23088],[-64.94826,-28.27307],[-65.10956,-28.24081],[-65.11264,-28.18547],[-65.17813,-27.91642],[-65.16954,-27.91767],[-65.15958,-27.87702],[-65.10259,-27.89330],[-65.03904,-27.87926],[-65.01627,-27.79237],[-65.02814,-27.75271],[-64.98603,-27.74165],[-64.99097,-27.72414],[-64.97128,-27.71042],[-64.91844,-27.69493],[-64.90799,-27.70904],[-64.89014,-27.70857],[-64.81173,-27.65570],[-64.81975,-27.69488],[-64.77096,-27.70354],[-64.76037,-27.64745],[-64.70369,-27.65649]]]}},{"type":"Feature","properties":{"departamento": "Río Chico", "provincia": "Santa Cruz", "hechos": 52, "nivel": "bajo"},"geometry":{"type":"Polygon","coordinates":[[[-72.01889,-47.19826],[-71.89189,-47.22731],[-71.57147,-47.36386],[-70.76888,-47.31988],[-69.78301,-48.30705],[-69.73441,-48.32208],[-69.75825,-49.20867],[-71.40018,-49.19328],[-72.56526,-48.48347],[-72.53336,-48.48384],[-72.50242,-48.51855],[-72.44159,-48.51409],[-72.39358,-48.48300],[-72.37351,-48.44982],[-72.40891,-48.43273],[-72.40641,-48.41608],[-72.34776,-48.39020],[-72.37697,-48.37154],[-72.38069,-48.35013],[-72.34355,-48.34533],[-72.27798,-48.36261],[-72.24107,-48.34832],[-72.22641,-48.32056],[-72.31670,-48.23401],[-72.32581,-48.21546],[-72.30711,-48.20121],[-72.29974,-48.15848],[-72.32774,-48.11573],[-72.35595,-48.10072],[-72.36102,-48.07332],[-72.41675,-48.07786],[-72.44445,-48.06432],[-72.41947,-48.00191],[-72.42499,-47.96884],[-72.46051,-47.95584],[-72.49837,-47.96062],[-72.52761,-47.93818],[-72.49909,-47.87511],[-72.47784,-47.87044],[-72.46813,-47.81274],[-72.49557,-47.79739],[-72.52305,-47.74086],[-72.48360,-47.75889],[-72.46632,-47.73769],[-72.44207,-47.74538],[-72.43539,-47.73291],[-72.45035,-47.70512],[-72.41764,-47.69461],[-72.40935,-47.67758],[-72.42097,-47.66172],[-72.39834,-47.65853],[-72.37987,-47.63600],[-72.35306,-47.63571],[-72.30934,-47.59067],[-72.32751,-47.57234],[-72.29143,-47.51200],[-72.30851,-47.47955],[-72.32705,-47.48168],[-72.34197,-47.45594],[-72.29386,-47.44590],[-72.24479,-47.40578],[-72.19756,-47.41680],[-72.16134,-47.39492],[-72.12757,-47.32837],[-72.04736,-47.34030],[-71.99685,-47.29485],[-72.01634,-47.24814],[-72.00086,-47.21531],[-72.01889,-47.19826]]]}},{"type":"Feature","properties":{"departamento": "Lago Argentino", "provincia": "Santa Cruz", "hechos": 356, "nivel": "bajo"},"geometry":{"type":"Polygon","coordinates":[[[-72.69788,-48.89719],[-72.68842,-48.86478],[-72.63957,-48.86616],[-72.53052,-48.79333],[-72.54263,-48.74039],[-72.54207,-48.63143],[-72.56337,-48.58300],[-72.56766,-48.52485],[-72.58951,-48.49438],[-72.56542,-48.48329],[-71.40018,-49.19328],[-70.58076,-49.20388],[-70.62155,-50.21252],[-70.63106,-50.21927],[-70.63871,-50.36814],[-70.63010,-50.37448],[-70.64604,-50.73676],[-72.29830,-50.68210],[-72.28625,-50.65965],[-72.33805,-50.65046],[-72.34898,-50.61985],[-72.40779,-50.63641],[-72.41611,-50.61992],[-72.49038,-50.60030],[-72.50487,-50.61453],[-72.54844,-50.62055],[-72.56079,-50.64603],[-72.57506,-50.64632],[-72.58308,-50.68141],[-72.61339,-50.67452],[-72.62332,-50.65737],[-72.65578,-50.66396],[-72.68093,-50.64245],[-72.69842,-50.64552],[-72.72827,-50.61483],[-72.74003,-50.62677],[-72.77412,-50.62745],[-72.89144,-50.67018],[-72.90546,-50.69719],[-72.95202,-50.71838],[-72.94405,-50.72481],[-72.95470,-50.74096],[-73.00629,-50.76202],[-73.04199,-50.76129],[-73.06970,-50.78888],[-73.09692,-50.77338],[-73.20349,-50.82098],[-73.26752,-50.82397],[-73.28491,-50.78790],[-73.25598,-50.75012],[-73.28601,-50.73950],[-73.18591,-50.70038],[-73.17273,-50.67670],[-73.27081,-50.64880],[-73.26740,-50.62811],[-73.28870,-50.58600],[-73.33191,-50.56842],[-73.38641,-50.51642],[-73.36560,-50.50751],[-73.36450,-50.48792],[-73.43262,-50.48309],[-73.40790,-50.46771],[-73.40369,-50.45081],[-73.42249,-50.44263],[-73.41931,-50.42963],[-73.43701,-50.42438],[-73.45538,-50.39258],[-73.48639,-50.38208],[-73.46991,-50.34448],[-73.48071,-50.32568],[-73.51678,-50.28900],[-73.56543,-50.27069],[-73.54999,-50.22821],[-73.56000,-50.21692],[-73.55518,-50.18439],[-73.52081,-50.15308],[-73.54150,-50.11902],[-73.48950,-50.08160],[-73.48291,-50.05408],[-73.53369,-50.04230],[-73.56659,-50.02039],[-73.50519,-49.96649],[-73.54388,-49.94940],[-73.55261,-49.92389],[-73.49048,-49.85260],[-73.49969,-49.81799],[-73.44531,-49.79388],[-73.46619,-49.77368],[-73.43878,-49.75781],[-73.47638,-49.71790],[-73.50909,-49.70520],[-73.49860,-49.69171],[-73.50458,-49.66290],[-73.46411,-49.64240],[-73.46368,-49.61890],[-73.49219,-49.57922],[-73.53601,-49.56403],[-73.54968,-49.53809],[-73.53961,-49.49823],[-73.48779,-49.50049],[-73.46381,-49.48248],[-73.47961,-49.46130],[-73.47388,-49.44128],[-73.49042,-49.42871],[-73.46002,-49.40021],[-73.42621,-49.39191],[-73.42908,-49.34399],[-73.41058,-49.31940],[-73.49371,-49.27271],[-73.49500,-49.24200],[-73.47070,-49.20111],[-73.14368,-49.27100],[-73.04559,-49.27368],[-73.08937,-49.25306],[-73.10355,-49.26698],[-73.13319,-49.26718],[-73.14522,-49.24722],[-73.14543,-49.19015],[-73.11009,-49.15199],[-73.06215,-49.12752],[-73.04493,-49.08087],[-73.00491,-49.06345],[-73.01384,-49.03619],[-72.98137,-49.02916],[-72.98963,-48.99022],[-72.95973,-48.98097],[-72.95083,-48.95034],[-72.92308,-48.93559],[-72.86487,-48.94663],[-72.85062,-48.96609],[-72.79459,-48.96808],[-72.76632,-48.94573],[-72.74814,-48.91029],[-72.69788,-48.89719]]]}},{"type":"Feature","properties":{"departamento": "El Cuy", "provincia": "Río Negro", "hechos": 89, "nivel": "bajo"},"geometry":{"type":"Polygon","coordinates":[[[-68.20723,-38.97110],[-68.07827,-38.99510],[-68.01958,-38.97738],[-68.00085,-38.99578],[-67.96313,-38.99313],[-67.93943,-39.00916],[-67.79463,-39.03979],[-67.64909,-39.10901],[-67.60599,-39.10849],[-67.52865,-39.07328],[-67.48067,-39.08449],[-67.43357,-39.07613],[-67.32856,-39.10322],[-67.27811,-39.09571],[-67.25436,-39.11263],[-67.20949,-39.10135],[-67.18929,-39.12307],[-67.16210,-39.12234],[-67.16527,-39.13569],[-67.13111,-39.15666],[-67.02238,-39.17815],[-66.93086,-39.15277],[-66.86158,-39.15713],[-66.83997,-39.13454],[-66.73128,-39.13927],[-66.67957,-39.10435],[-66.57184,-39.09034],[-66.57158,-39.28289],[-67.36283,-39.46694],[-67.87220,-39.81090],[-68.23147,-40.07312],[-68.59478,-40.13261],[-68.78625,-40.42845],[-69.38667,-40.46882],[-69.80794,-40.66513],[-69.75495,-39.87597],[-69.69657,-39.84631],[-69.62868,-39.84255],[-69.58382,-39.81432],[-69.50700,-39.81542],[-69.49362,-39.79625],[-69.42192,-39.76806],[-69.39025,-39.73163],[-69.34896,-39.71210],[-69.34300,-39.68038],[-69.31396,-39.65391],[-69.28997,-39.65299],[-69.27228,-39.62903],[-69.27710,-39.59637],[-69.17712,-39.56061],[-69.11279,-39.51471],[-69.04749,-39.52667],[-68.99988,-39.51520],[-68.93073,-39.46100],[-68.91250,-39.41787],[-68.82396,-39.37493],[-68.80806,-39.34736],[-68.81850,-39.31259],[-68.80239,-39.28491],[-68.66315,-39.21495],[-68.65325,-39.19918],[-68.66080,-39.17234],[-68.59471,-39.12017],[-68.56174,-39.07648],[-68.50481,-39.07148],[-68.46923,-39.04575],[-68.30745,-38.99047],[-68.30159,-38.97543],[-68.23115,-38.99133],[-68.20723,-38.97110]]]}},{"type":"Feature","properties":{"departamento": "Pichi Mahuida", "provincia": "Río Negro", "hechos": 107, "nivel": "bajo"},"geometry":{"type":"Polygon","coordinates":[[[-65.10648,-38.80103],[-64.92427,-38.83316],[-64.87709,-38.81452],[-64.84718,-38.82662],[-64.80733,-38.81601],[-64.73475,-38.84113],[-64.67089,-38.83369],[-64.62945,-38.85284],[-64.60345,-38.84782],[-64.59637,-38.85919],[-64.53624,-38.85790],[-64.51520,-38.86841],[-64.47638,-38.85999],[-64.43190,-38.87904],[-64.42066,-38.87183],[-64.41336,-38.88378],[-64.39740,-38.87323],[-64.39661,-38.88672],[-64.34859,-38.88345],[-64.32536,-38.90645],[-64.29395,-38.89765],[-64.27960,-38.91400],[-64.06397,-38.99172],[-64.06249,-39.01003],[-64.04740,-38.99905],[-64.01127,-39.00206],[-64.02357,-39.01750],[-63.99160,-39.01091],[-64.00200,-39.03085],[-63.93549,-39.05957],[-63.92653,-39.07523],[-63.93549,-39.09149],[-63.91150,-39.08710],[-63.89789,-39.10695],[-63.87170,-39.10779],[-63.87958,-39.10040],[-63.87030,-39.09595],[-63.85827,-39.11037],[-63.84180,-39.10919],[-63.83579,-39.13607],[-63.79736,-39.12393],[-63.78821,-39.10919],[-63.77716,-39.12843],[-63.75708,-39.12921],[-63.76367,-39.15467],[-63.74477,-39.16379],[-63.74299,-39.18885],[-63.67170,-39.20363],[-63.67426,-39.22226],[-63.63338,-39.22739],[-63.63171,-39.24780],[-63.61763,-39.23590],[-63.61438,-39.25183],[-63.59297,-39.24592],[-63.55803,-39.26145],[-63.53882,-39.27911],[-63.54122,-39.29666],[-63.51201,-39.31266],[-63.48560,-39.30826],[-63.45740,-39.32884],[-63.45300,-39.32039],[-63.38327,-39.32849],[-63.38241,-39.87192],[-65.24552,-39.85068],[-65.21843,-38.83714],[-65.19182,-38.83637],[-65.19399,-38.81178],[-65.16895,-38.80219],[-65.14003,-38.81839],[-65.10648,-38.80103]]]}},{"type":"Feature","properties":{"departamento": "Adolfo Alsina", "provincia": "Río Negro", "hechos": 1859, "nivel": "bajo"},"geometry":{"type":"Polygon","coordinates":[[[-63.84293,-40.40894],[-63.38080,-40.40864],[-63.37935,-40.71037],[-63.36605,-40.68920],[-63.30005,-40.71113],[-63.28531,-40.72943],[-63.19208,-40.71669],[-62.95759,-40.81811],[-62.80197,-40.98257],[-62.78967,-41.02416],[-62.88452,-41.07941],[-62.99298,-41.10950],[-63.05328,-41.14398],[-63.11652,-41.15552],[-63.77722,-41.16040],[-63.88239,-41.13251],[-63.95850,-41.07312],[-64.11438,-41.03009],[-64.08179,-41.02667],[-64.09888,-41.00177],[-64.10907,-41.00983],[-64.09589,-41.01868],[-64.11200,-41.02289],[-64.20618,-41.00983],[-64.42102,-40.90759],[-64.60318,-40.85020],[-64.60154,-40.43894],[-64.08301,-40.44217],[-63.99765,-40.50631],[-63.84530,-40.39028],[-63.84293,-40.40894]]]}},{"type":"Feature","properties":{"departamento": "Bariloche", "provincia": "Río Negro", "hechos": 3051, "nivel": "medio"},"geometry":{"type":"Polygon","coordinates":[[[-71.75268,-41.02185],[-71.62189,-41.03491],[-71.55060,-41.02319],[-71.45642,-41.04169],[-71.36072,-41.08868],[-71.30621,-41.10010],[-71.14596,-41.08467],[-71.14331,-41.10859],[-71.11467,-41.12926],[-71.11524,-41.14867],[-71.15631,-41.18218],[-71.17077,-41.24406],[-71.21722,-41.29648],[-71.21437,-41.31576],[-71.18087,-41.32864],[-71.22432,-41.33606],[-71.23143,-41.38548],[-71.22546,-41.66537],[-71.30641,-41.82094],[-71.22579,-41.85581],[-71.24009,-41.95399],[-71.17485,-42.00000],[-71.77648,-41.99716],[-71.79462,-41.94728],[-71.77322,-41.93772],[-71.77384,-41.91052],[-71.79771,-41.84294],[-71.79216,-41.83113],[-71.75151,-41.82449],[-71.77408,-41.79402],[-71.75363,-41.78672],[-71.77627,-41.76751],[-71.78446,-41.73475],[-71.81006,-41.72072],[-71.79371,-41.69503],[-71.81760,-41.68982],[-71.81779,-41.66993],[-71.83180,-41.67495],[-71.83720,-41.64718],[-71.85718,-41.64511],[-71.88540,-41.60636],[-71.84778,-41.56673],[-71.81763,-41.57560],[-71.85239,-41.51553],[-71.82862,-41.48057],[-71.84428,-41.45429],[-71.83583,-41.43258],[-71.86555,-41.42030],[-71.86510,-41.39772],[-71.90938,-41.36181],[-71.91295,-41.34040],[-71.89946,-41.34099],[-71.87638,-41.30804],[-71.89837,-41.25514],[-71.85692,-41.25749],[-71.83435,-41.27179],[-71.85647,-41.24806],[-71.84573,-41.24305],[-71.86027,-41.23332],[-71.85525,-41.21385],[-71.87360,-41.20621],[-71.88777,-41.16694],[-71.83942,-41.14952],[-71.83623,-41.11823],[-71.85212,-41.09844],[-71.81793,-41.06205],[-71.83914,-41.03590],[-71.86070,-41.03073],[-71.75268,-41.02185]]]}},{"type":"Feature","properties":{"departamento": "Catán Lil", "provincia": "Neuquén", "hechos": 5, "nivel": "bajo"},"geometry":{"type":"Polygon","coordinates":[[[-70.62478,-39.06261],[-70.61052,-39.09162],[-70.61282,-39.12176],[-70.60006,-39.12294],[-70.48655,-39.03868],[-70.37813,-39.12789],[-70.36472,-39.11922],[-70.31727,-39.13123],[-70.27520,-39.17998],[-70.24119,-39.19714],[-70.15003,-39.19077],[-70.08540,-39.20380],[-70.05874,-39.21488],[-70.06266,-39.22755],[-70.04081,-39.25157],[-69.94427,-39.28332],[-69.89847,-39.31826],[-70.02810,-39.41543],[-69.83693,-39.56798],[-70.17434,-39.81789],[-70.34774,-39.67818],[-70.64399,-39.89514],[-70.68884,-39.85870],[-70.73138,-39.88956],[-70.81385,-39.82490],[-70.82229,-39.85233],[-70.81010,-39.87416],[-70.83963,-39.88884],[-70.83477,-39.87632],[-70.86212,-39.86119],[-70.87376,-39.79583],[-70.92274,-39.77850],[-70.93665,-39.75574],[-70.88195,-39.73623],[-70.90113,-39.71252],[-70.88070,-39.66803],[-70.93481,-39.66325],[-70.94582,-39.64621],[-70.93511,-39.59436],[-70.95773,-39.58511],[-70.97134,-39.55963],[-70.95507,-39.55028],[-70.95790,-39.52264],[-70.93065,-39.53973],[-70.88115,-39.53865],[-70.87793,-39.52495],[-70.83322,-39.52208],[-70.83020,-39.48104],[-70.79997,-39.46510],[-70.75153,-39.46494],[-70.75455,-39.43601],[-70.76952,-39.43627],[-70.77911,-39.41717],[-70.76517,-39.39572],[-70.79261,-39.39266],[-70.81399,-39.37401],[-70.78583,-39.36039],[-70.77837,-39.31036],[-70.75980,-39.28652],[-70.72708,-39.27504],[-70.74849,-39.23927],[-70.72743,-39.13866],[-70.73710,-39.11142],[-70.72723,-39.07910],[-70.74199,-39.04967],[-70.71705,-39.03600],[-70.70684,-39.01357],[-70.68201,-39.04907],[-70.62478,-39.06261]]]}},{"type":"Feature","properties":{"departamento": "Almirante Brown", "provincia": "Chaco", "hechos": 189, "nivel": "bajo"},"geometry":{"type":"Polygon","coordinates":[[[-62.21856,-25.46668],[-61.39366,-25.46950],[-61.39383,-25.56039],[-61.19357,-25.56350],[-61.20358,-26.10901],[-60.79979,-26.11488],[-60.80452,-26.41990],[-60.78882,-26.42550],[-60.90018,-26.67685],[-60.93005,-26.66177],[-61.71247,-26.65357],[-61.71182,-25.65474],[-63.42241,-25.64922],[-62.71577,-24.83090],[-62.21856,-24.83011],[-62.21856,-25.46668]]]}},{"type":"Feature","properties":{"departamento": "Collón Curá", "provincia": "Neuquén", "hechos": 12, "nivel": "bajo"},"geometry":{"type":"Polygon","coordinates":[[[-69.52810,-39.81445],[-69.55811,-39.80935],[-69.62998,-39.84291],[-69.69706,-39.84645],[-69.76184,-39.88333],[-69.79223,-39.88308],[-69.81050,-39.89906],[-69.86594,-39.91090],[-69.89458,-39.93898],[-69.93175,-39.94358],[-69.97089,-39.97774],[-70.00537,-40.04743],[-69.99479,-40.10313],[-69.97069,-40.12104],[-69.95028,-40.17898],[-69.99203,-40.17997],[-70.00209,-40.20320],[-70.05882,-40.24896],[-70.04957,-40.31778],[-70.06269,-40.37464],[-70.10302,-40.40574],[-70.17494,-40.42761],[-70.16814,-40.47426],[-70.17883,-40.48981],[-70.42493,-40.53632],[-70.46771,-40.51160],[-70.57287,-40.48992],[-70.60794,-40.49558],[-70.65103,-40.45445],[-70.67655,-40.39830],[-70.66443,-40.37556],[-70.69319,-40.35784],[-70.65738,-40.30690],[-70.67263,-40.27507],[-70.63878,-40.23775],[-70.66314,-40.22597],[-70.66716,-40.20161],[-70.69848,-40.18630],[-70.70970,-40.15832],[-70.73716,-40.14490],[-70.75318,-40.10375],[-70.78188,-40.09697],[-70.81434,-40.06419],[-70.83929,-40.02604],[-70.82700,-40.00504],[-70.84542,-39.98740],[-70.84769,-39.95448],[-70.82994,-39.94924],[-70.84833,-39.90222],[-70.81010,-39.87416],[-70.82229,-39.85233],[-70.81385,-39.82490],[-70.73138,-39.88956],[-70.68884,-39.85870],[-70.64399,-39.89514],[-70.34774,-39.67818],[-70.17434,-39.81789],[-69.83693,-39.56798],[-69.52810,-39.81445]]]}},{"type":"Feature","properties":{"departamento": "Gaiman", "provincia": "Chubut", "hechos": 153, "nivel": "bajo"},"geometry":{"type":"Polygon","coordinates":[[[-65.44440,-42.85900],[-65.39810,-43.75760],[-66.51530,-43.78290],[-66.53040,-43.33300],[-67.14680,-43.34230],[-67.15720,-42.89230],[-65.44440,-42.85900]]]}},{"type":"Feature","properties":{"departamento": "Robles", "provincia": "Santiago del Estero", "hechos": 681, "nivel": "bajo"},"geometry":{"type":"Polygon","coordinates":[[[-63.66051,-27.81763],[-63.68918,-27.98389],[-63.72908,-27.97728],[-63.73457,-28.00307],[-63.92381,-27.96697],[-63.93048,-28.03620],[-63.96338,-28.02977],[-63.95650,-28.00090],[-64.04636,-27.98538],[-64.04098,-27.96124],[-64.10977,-27.97260],[-64.10503,-27.95091],[-64.15307,-27.93293],[-64.14206,-27.91850],[-64.15480,-27.91344],[-64.16209,-27.86476],[-64.20761,-27.81176],[-64.08536,-27.73990],[-64.08570,-27.75504],[-63.93391,-27.73642],[-63.93417,-27.69750],[-63.91594,-27.69533],[-63.91577,-27.67473],[-63.87981,-27.65576],[-63.83297,-27.68050],[-63.83332,-27.73328],[-63.74154,-27.73305],[-63.67429,-27.75163],[-63.66051,-27.81763]]]}},{"type":"Feature","properties":{"departamento": "Capital", "provincia": "Santiago del Estero", "hechos": 11046, "nivel": "alto"},"geometry":{"type":"Polygon","coordinates":[[[-64.20761,-27.81176],[-64.16209,-27.86476],[-64.15480,-27.91344],[-64.14206,-27.91850],[-64.15018,-27.93728],[-64.11893,-27.93979],[-64.10303,-27.96400],[-64.22179,-27.99076],[-64.24531,-28.09353],[-64.41435,-28.06252],[-64.40185,-28.12180],[-64.43493,-28.11614],[-64.45151,-28.19596],[-64.62099,-28.16594],[-64.60427,-28.08857],[-64.58238,-28.09226],[-64.54586,-27.93611],[-64.56640,-27.93237],[-64.55793,-27.89242],[-64.65975,-27.88790],[-64.65247,-27.83595],[-64.70942,-27.82581],[-64.69884,-27.77840],[-64.71351,-27.77597],[-64.70341,-27.65215],[-64.62655,-27.66645],[-64.62326,-27.64986],[-64.53333,-27.66620],[-64.52293,-27.70586],[-64.43815,-27.60427],[-64.40621,-27.60757],[-64.39549,-27.63203],[-64.36821,-27.63743],[-64.34874,-27.67329],[-64.32012,-27.68756],[-64.30726,-27.73597],[-64.28131,-27.74475],[-64.22690,-27.80739],[-64.20761,-27.81176]]]}},{"type":"Feature","properties":{"departamento": "Loreto", "provincia": "Santiago del Estero", "hechos": 157, "nivel": "bajo"},"geometry":{"type":"Polygon","coordinates":[[[-63.85128,-28.39111],[-64.01971,-28.48807],[-64.04350,-28.59378],[-64.15532,-28.57746],[-64.16077,-28.60337],[-64.20627,-28.59617],[-64.21702,-28.60514],[-64.23441,-28.68243],[-64.19403,-28.75961],[-64.26609,-29.03732],[-64.51364,-29.03444],[-64.51183,-29.02410],[-64.55902,-29.01582],[-64.52305,-28.78322],[-64.49793,-28.78755],[-64.49381,-28.76930],[-64.52351,-28.76411],[-64.51330,-28.71708],[-64.54258,-28.71193],[-64.53475,-28.67850],[-64.56679,-28.67279],[-64.54927,-28.56727],[-64.52348,-28.57193],[-64.51253,-28.52429],[-64.55421,-28.51621],[-64.54594,-28.47761],[-64.60049,-28.46764],[-64.58960,-28.41982],[-64.57488,-28.42225],[-64.55761,-28.38582],[-64.45347,-28.40429],[-64.44864,-28.38351],[-64.49071,-28.37133],[-64.26310,-28.34079],[-64.18860,-28.30629],[-64.17811,-28.28259],[-64.08257,-28.24890],[-64.08195,-28.27823],[-64.05496,-28.30451],[-64.04935,-28.33014],[-64.01711,-28.30771],[-64.03056,-28.33546],[-64.00835,-28.32883],[-63.98619,-28.34729],[-63.96895,-28.34336],[-63.97111,-28.35905],[-63.95722,-28.36142],[-63.94824,-28.38140],[-63.92706,-28.36746],[-63.90220,-28.39289],[-63.88944,-28.37872],[-63.88020,-28.38963],[-63.87588,-28.37654],[-63.85128,-28.39111]]]}},{"type":"Feature","properties":{"departamento": "Castellanos", "provincia": "Santa Fe", "hechos": 3859, "nivel": "medio"},"geometry":{"type":"Polygon","coordinates":[[[-61.20978,-30.74796],[-61.39159,-31.53929],[-61.42925,-31.53287],[-61.44999,-31.59696],[-61.49935,-31.58834],[-61.54143,-31.76759],[-61.71269,-31.74965],[-61.70816,-31.73103],[-62.03028,-31.67365],[-62.02206,-31.63999],[-62.13931,-31.61892],[-62.12349,-31.60541],[-61.84413,-30.75063],[-61.66615,-30.78247],[-61.65527,-30.73752],[-61.43806,-30.77609],[-61.42312,-30.71171],[-61.20978,-30.74796]]]}},{"type":"Feature","properties":{"departamento": "San Martín", "provincia": "Santa Fe", "hechos": 704, "nivel": "bajo"},"geometry":{"type":"Polygon","coordinates":[[[-61.71269,-31.74965],[-61.61374,-31.76769],[-61.61325,-31.75455],[-61.53906,-31.76802],[-61.55883,-31.85015],[-61.39758,-31.87837],[-61.39277,-31.85797],[-61.34775,-31.86659],[-61.37805,-31.98914],[-61.35535,-32.08273],[-61.36932,-32.13536],[-61.39194,-32.21025],[-61.44804,-32.19997],[-61.49521,-32.38326],[-61.91242,-32.30722],[-61.90374,-32.32746],[-62.01228,-32.34552],[-62.03789,-32.26291],[-62.14535,-32.19348],[-62.17888,-32.15942],[-62.19678,-32.11477],[-62.16780,-31.98601],[-62.18889,-31.92231],[-62.22349,-31.88393],[-62.21809,-31.74057],[-62.24168,-31.69968],[-62.13972,-31.61835],[-62.02206,-31.63999],[-62.03028,-31.67365],[-61.70816,-31.73103],[-61.71269,-31.74965]]]}},{"type":"Feature","properties":{"departamento": "Paso de Indios", "provincia": "Chubut", "hechos": 14, "nivel": "bajo"},"geometry":{"type":"Polygon","coordinates":[[[-67.76270,-43.34850],[-67.74340,-44.69830],[-69.93910,-44.68850],[-69.50130,-44.14300],[-69.55120,-43.34780],[-67.76270,-43.34850]]]}},{"type":"Feature","properties":{"departamento": "Tupungato", "provincia": "Mendoza", "hechos": 866, "nivel": "bajo"},"geometry":{"type":"Polygon","coordinates":[[[-69.43422,-33.01398],[-69.41628,-33.04463],[-69.38455,-33.06319],[-69.34167,-33.05519],[-69.25672,-33.07180],[-69.16886,-33.14872],[-69.14272,-33.19182],[-69.10915,-33.19987],[-68.99642,-33.27159],[-68.90710,-33.29081],[-68.92193,-33.33916],[-68.83672,-33.36829],[-68.80347,-33.39468],[-68.81535,-33.40914],[-68.85736,-33.41976],[-68.88442,-33.45660],[-68.98057,-33.49670],[-68.98758,-33.53767],[-69.01126,-33.54699],[-69.23611,-33.47142],[-69.37578,-33.40175],[-69.77003,-33.35950],[-69.76918,-33.34277],[-69.50991,-33.02691],[-69.43422,-33.01398]]]}},{"type":"Feature","properties":{"departamento": "Tafí Viejo", "provincia": "Tucumán", "hechos": 2568, "nivel": "bajo"},"geometry":{"type":"Polygon","coordinates":[[[-65.74753,-26.51168],[-65.72234,-26.52140],[-65.65099,-26.52450],[-65.62205,-26.55513],[-65.55989,-26.53477],[-65.50259,-26.54803],[-65.49707,-26.52430],[-65.46590,-26.51917],[-65.49578,-26.56631],[-65.47338,-26.60327],[-65.45895,-26.58495],[-65.39253,-26.61988],[-65.35117,-26.62445],[-65.33050,-26.61028],[-65.22629,-26.60117],[-65.23396,-26.57940],[-65.22124,-26.57144],[-65.22836,-26.55922],[-65.21740,-26.52164],[-65.19197,-26.53743],[-65.19142,-26.58073],[-65.17190,-26.57842],[-65.16542,-26.59938],[-65.19180,-26.64097],[-65.17322,-26.65615],[-65.17631,-26.68659],[-65.15455,-26.72673],[-65.16097,-26.79094],[-65.26441,-26.78027],[-65.25860,-26.75137],[-65.27008,-26.74363],[-65.35972,-26.72550],[-65.35547,-26.76345],[-65.39631,-26.78662],[-65.42955,-26.70556],[-65.42716,-26.76760],[-65.44431,-26.79984],[-65.45997,-26.77202],[-65.51582,-26.74810],[-65.54777,-26.76368],[-65.61000,-26.72843],[-65.63997,-26.75262],[-65.67063,-26.75091],[-65.70324,-26.72387],[-65.69498,-26.71776],[-65.70481,-26.69738],[-65.75854,-26.66791],[-65.77554,-26.64060],[-65.75559,-26.60106],[-65.73165,-26.60779],[-65.72154,-26.54242],[-65.74753,-26.51168]]]}},{"type":"Feature","properties":{"departamento": "Yerba Buena", "provincia": "Tucumán", "hechos": 1237, "nivel": "bajo"},"geometry":{"type":"Polygon","coordinates":[[[-65.42743,-26.71029],[-65.39631,-26.78662],[-65.35547,-26.76345],[-65.35972,-26.72550],[-65.25860,-26.75137],[-65.27054,-26.77583],[-65.24971,-26.78423],[-65.27058,-26.83611],[-65.30803,-26.83900],[-65.36963,-26.82018],[-65.38050,-26.83987],[-65.43751,-26.82699],[-65.43144,-26.80882],[-65.44431,-26.79984],[-65.42716,-26.76760],[-65.42743,-26.71029]]]}},{"type":"Feature","properties":{"departamento": "Lules", "provincia": "Tucumán", "hechos": 1164, "nivel": "bajo"},"geometry":{"type":"Polygon","coordinates":[[[-65.60975,-26.72846],[-65.54784,-26.76366],[-65.51582,-26.74810],[-65.46228,-26.77042],[-65.43144,-26.80882],[-65.43751,-26.82699],[-65.38050,-26.83987],[-65.36963,-26.82018],[-65.30803,-26.83900],[-65.27058,-26.83611],[-65.27134,-26.86671],[-65.22997,-26.87678],[-65.20792,-26.91580],[-65.21486,-26.95162],[-65.24184,-26.97696],[-65.25650,-27.02230],[-65.26999,-27.01961],[-65.25108,-26.97326],[-65.29480,-26.92127],[-65.31403,-26.98648],[-65.29755,-26.99452],[-65.28382,-26.98636],[-65.32420,-27.03314],[-65.36485,-27.00096],[-65.37500,-26.96617],[-65.40820,-26.95603],[-65.43345,-26.92425],[-65.44179,-26.92892],[-65.46617,-26.88251],[-65.55545,-26.84948],[-65.62522,-26.83989],[-65.63384,-26.81131],[-65.66174,-26.80956],[-65.64155,-26.74576],[-65.60975,-26.72846]]]}},{"type":"Feature","properties":{"departamento": "Capital", "provincia": "Tucumán", "hechos": 14212, "nivel": "alto"},"geometry":{"type":"Polygon","coordinates":[[[-65.24946,-26.78403],[-65.16054,-26.79774],[-65.17913,-26.85534],[-65.21024,-26.89366],[-65.20806,-26.91094],[-65.22997,-26.87678],[-65.27134,-26.86671],[-65.27122,-26.83221],[-65.24946,-26.78403]]]}},{"type":"Feature","properties":{"departamento": "Famaillá", "provincia": "Tucumán", "hechos": 587, "nivel": "bajo"},"geometry":{"type":"Polygon","coordinates":[[[-65.62701,-26.84150],[-65.46617,-26.88251],[-65.44179,-26.92892],[-65.43345,-26.92425],[-65.40820,-26.95603],[-65.37500,-26.96617],[-65.36485,-27.00096],[-65.34622,-27.02113],[-65.33107,-27.02051],[-65.32190,-27.04287],[-65.35135,-27.08739],[-65.34410,-27.10453],[-65.39000,-27.08871],[-65.40270,-27.11563],[-65.42194,-27.11215],[-65.42867,-27.13151],[-65.47164,-27.10896],[-65.46670,-27.10182],[-65.48855,-27.08430],[-65.47668,-27.06041],[-65.48915,-27.02435],[-65.57735,-26.95119],[-65.58225,-26.93508],[-65.59651,-26.93583],[-65.58550,-26.90633],[-65.62256,-26.92457],[-65.64150,-26.89518],[-65.62701,-26.84150]]]}},{"type":"Feature","properties":{"departamento": "Tafí del Valle", "provincia": "Tucumán", "hechos": 271, "nivel": "bajo"},"geometry":{"type":"Polygon","coordinates":[[[-66.04011,-26.25090],[-65.71092,-26.35650],[-65.72532,-26.38697],[-65.70181,-26.50331],[-65.72234,-26.52140],[-65.74646,-26.50642],[-65.72154,-26.54242],[-65.73035,-26.60276],[-65.75559,-26.60106],[-65.77567,-26.63994],[-65.75854,-26.66791],[-65.70481,-26.69738],[-65.69246,-26.73809],[-65.64181,-26.75307],[-65.66174,-26.80956],[-65.63384,-26.81131],[-65.62307,-26.82684],[-65.62871,-26.87629],[-65.66315,-26.91021],[-65.65317,-26.94516],[-65.71242,-26.97218],[-65.74243,-27.03523],[-65.78011,-27.04724],[-65.77054,-27.09238],[-65.78106,-27.09973],[-65.79340,-27.09538],[-65.80255,-27.06312],[-65.81861,-27.06293],[-65.82289,-27.03970],[-65.85418,-27.01645],[-65.86073,-26.98405],[-65.88983,-26.96978],[-65.87490,-26.93291],[-65.85779,-26.92920],[-65.85717,-26.90424],[-65.90047,-26.86379],[-65.87442,-26.81822],[-65.88145,-26.80617],[-65.83266,-26.73792],[-66.04219,-26.60037],[-66.17231,-26.62895],[-66.17612,-26.57779],[-66.16393,-26.53833],[-66.17255,-26.51057],[-66.16389,-26.50181],[-66.17693,-26.47245],[-66.15484,-26.44367],[-66.15827,-26.40136],[-66.11913,-26.37697],[-66.11907,-26.26736],[-66.09409,-26.24859],[-66.09976,-26.22049],[-66.04011,-26.25090]]]}},{"type":"Feature","properties":{"departamento": "Trancas", "provincia": "Tucumán", "hechos": 211, "nivel": "bajo"},"geometry":{"type":"Polygon","coordinates":[[[-65.35915,-26.05944],[-65.29791,-26.08174],[-65.29383,-26.12684],[-65.27207,-26.17315],[-65.03627,-26.23275],[-65.04724,-26.25575],[-65.03224,-26.27218],[-65.04401,-26.31879],[-65.10305,-26.40005],[-65.11445,-26.50875],[-65.14783,-26.51280],[-65.16733,-26.55363],[-65.19116,-26.55368],[-65.19197,-26.53743],[-65.22104,-26.52349],[-65.22124,-26.57144],[-65.23404,-26.58062],[-65.22631,-26.60118],[-65.33050,-26.61028],[-65.35104,-26.62445],[-65.39253,-26.61988],[-65.45895,-26.58495],[-65.47338,-26.60327],[-65.49578,-26.56631],[-65.46590,-26.51917],[-65.49707,-26.52430],[-65.50259,-26.54803],[-65.55989,-26.53477],[-65.62179,-26.55514],[-65.65099,-26.52450],[-65.70894,-26.51753],[-65.69958,-26.48319],[-65.72532,-26.38697],[-65.71092,-26.35650],[-65.72303,-26.31271],[-65.70718,-26.29744],[-65.72275,-26.27980],[-65.70283,-26.24164],[-65.71190,-26.20836],[-65.69519,-26.18587],[-65.68852,-26.11726],[-65.64006,-26.11104],[-65.61363,-26.12347],[-65.54815,-26.08753],[-65.46540,-26.09128],[-65.45847,-26.10308],[-65.42456,-26.10901],[-65.35915,-26.05944]]]}},{"type":"Feature","properties":{"departamento": "Burruyacú", "provincia": "Tucumán", "hechos": 303, "nivel": "bajo"},"geometry":{"type":"Polygon","coordinates":[[[-64.56415,-26.22692],[-64.49492,-26.21950],[-64.50210,-26.23948],[-64.48179,-26.30759],[-64.52025,-26.35238],[-64.53477,-26.41012],[-64.49858,-26.67359],[-64.58702,-26.65793],[-64.61789,-26.80269],[-64.67223,-26.79422],[-64.67771,-26.82498],[-64.70739,-26.82004],[-64.71047,-26.83617],[-64.71984,-26.83456],[-64.72485,-26.86747],[-64.78125,-26.85790],[-64.77830,-26.84432],[-64.80840,-26.83981],[-64.80519,-26.82249],[-64.84600,-26.81503],[-64.85208,-26.84092],[-64.89405,-26.83300],[-64.87970,-26.77395],[-64.93688,-26.76352],[-64.94789,-26.80672],[-65.10468,-26.77686],[-65.09987,-26.75574],[-65.12990,-26.74410],[-65.15742,-26.75631],[-65.17314,-26.65643],[-65.19180,-26.64097],[-65.16542,-26.59938],[-65.17190,-26.57842],[-65.19142,-26.58073],[-65.19116,-26.55368],[-65.16733,-26.55363],[-65.14092,-26.50779],[-65.11445,-26.50875],[-65.10305,-26.40005],[-65.04473,-26.32032],[-65.03782,-26.29028],[-64.97252,-26.27438],[-64.95087,-26.30680],[-64.87344,-26.27492],[-64.84532,-26.23860],[-64.82277,-26.24269],[-64.79041,-26.22372],[-64.75907,-26.22399],[-64.73215,-26.24156],[-64.66650,-26.24270],[-64.62205,-26.22452],[-64.61373,-26.23342],[-64.57958,-26.21818],[-64.56415,-26.22692]]]}},{"type":"Feature","properties":{"departamento": "Cruz Alta", "provincia": "Tucumán", "hechos": 2857, "nivel": "medio"},"geometry":{"type":"Polygon","coordinates":[[[-65.12970,-26.74843],[-65.09987,-26.75574],[-65.10468,-26.77686],[-64.94789,-26.80672],[-64.93688,-26.76352],[-64.87970,-26.77395],[-64.89405,-26.83300],[-64.85208,-26.84092],[-64.84600,-26.81503],[-64.80519,-26.82249],[-64.80840,-26.83981],[-64.77830,-26.84432],[-64.78125,-26.85790],[-64.72485,-26.86747],[-64.71984,-26.83456],[-64.71047,-26.83617],[-64.74259,-27.00441],[-64.76686,-27.01481],[-64.78116,-27.07657],[-65.04655,-27.01512],[-65.04965,-27.02945],[-65.11907,-27.01622],[-65.12131,-27.02595],[-65.24603,-26.99753],[-65.24184,-26.97696],[-65.23284,-26.97946],[-65.21467,-26.95114],[-65.21024,-26.89366],[-65.15969,-26.81509],[-65.16214,-26.76296],[-65.12970,-26.74843]]]}},{"type":"Feature","properties":{"departamento": "Leales", "provincia": "Tucumán", "hechos": 628, "nivel": "bajo"},"geometry":{"type":"Polygon","coordinates":[[[-64.78759,-27.07541],[-64.79875,-27.15166],[-64.81122,-27.14932],[-64.85426,-27.31830],[-64.93399,-27.34495],[-64.93709,-27.35809],[-64.97437,-27.35092],[-65.00887,-27.48371],[-65.00125,-27.49456],[-65.04044,-27.47767],[-65.06313,-27.44233],[-65.06329,-27.46163],[-65.10422,-27.44691],[-65.08864,-27.43857],[-65.09271,-27.42100],[-65.11145,-27.42643],[-65.15724,-27.37196],[-65.19343,-27.36184],[-65.21967,-27.33306],[-65.21737,-27.31529],[-65.30081,-27.26727],[-65.30130,-27.22412],[-65.33501,-27.21651],[-65.36887,-27.16207],[-65.41429,-27.14579],[-65.40938,-27.13750],[-65.42652,-27.12774],[-65.42194,-27.11215],[-65.40270,-27.11563],[-65.39000,-27.08871],[-65.35280,-27.10918],[-65.34300,-27.10310],[-65.35135,-27.08739],[-65.32217,-27.04880],[-65.32420,-27.03314],[-65.31066,-27.02748],[-65.31475,-27.01001],[-65.29290,-27.00776],[-65.28382,-26.98636],[-65.29755,-26.99452],[-65.31403,-26.98648],[-65.29480,-26.92127],[-65.25108,-26.97326],[-65.26505,-26.98700],[-65.25720,-27.00739],[-65.26917,-27.02097],[-65.25650,-27.02230],[-65.24960,-26.99696],[-65.12131,-27.02595],[-65.11907,-27.01622],[-65.04965,-27.02945],[-65.04655,-27.01512],[-64.78759,-27.07541]]]}},{"type":"Feature","properties":{"departamento": "Monteros", "provincia": "Tucumán", "hechos": 654, "nivel": "bajo"},"geometry":{"type":"Polygon","coordinates":[[[-65.62290,-26.92146],[-65.58550,-26.90633],[-65.59651,-26.93583],[-65.58225,-26.93508],[-65.48316,-27.03371],[-65.48504,-27.09576],[-65.36221,-27.17574],[-65.40006,-27.17459],[-65.42257,-27.21727],[-65.44605,-27.21693],[-65.47007,-27.29998],[-65.51731,-27.29243],[-65.53288,-27.27580],[-65.54313,-27.28546],[-65.58209,-27.27735],[-65.68360,-27.22645],[-65.69691,-27.20156],[-65.79595,-27.19506],[-65.79756,-27.16408],[-65.82307,-27.13689],[-65.92290,-27.09565],[-65.97281,-27.05404],[-65.96431,-27.03310],[-65.91712,-27.01488],[-65.91380,-26.98264],[-65.88983,-26.96978],[-65.86073,-26.98405],[-65.85418,-27.01645],[-65.82289,-27.03970],[-65.81861,-27.06293],[-65.80255,-27.06312],[-65.79340,-27.09538],[-65.78104,-27.09972],[-65.77054,-27.09238],[-65.78011,-27.04724],[-65.74243,-27.03523],[-65.71242,-26.97218],[-65.65317,-26.94516],[-65.66315,-26.91021],[-65.65220,-26.89082],[-65.62290,-26.92146]]]}},{"type":"Feature","properties":{"departamento": "Chicligasta", "provincia": "Tucumán", "hechos": 983, "nivel": "bajo"},"geometry":{"type":"Polygon","coordinates":[[[-65.97406,-27.05458],[-65.92290,-27.09565],[-65.82307,-27.13689],[-65.79756,-27.16408],[-65.79595,-27.19506],[-65.69691,-27.20156],[-65.68360,-27.22645],[-65.58209,-27.27735],[-65.54313,-27.28546],[-65.53288,-27.27580],[-65.51731,-27.29243],[-65.46557,-27.30115],[-65.46985,-27.32361],[-65.46092,-27.32703],[-65.47830,-27.38168],[-65.46167,-27.39386],[-65.47146,-27.42167],[-65.48244,-27.42201],[-65.48719,-27.40463],[-65.50672,-27.43554],[-65.51121,-27.42951],[-65.52755,-27.42555],[-65.54704,-27.43206],[-65.55535,-27.41606],[-65.57502,-27.42239],[-65.61231,-27.40918],[-65.61835,-27.42007],[-65.72797,-27.35535],[-65.90055,-27.36722],[-65.93034,-27.38335],[-65.93439,-27.40320],[-65.96753,-27.39908],[-65.97309,-27.33162],[-66.02927,-27.29815],[-66.13958,-27.26183],[-66.10995,-27.21552],[-66.07876,-27.20946],[-66.05451,-27.14492],[-66.00569,-27.10361],[-65.98896,-27.10398],[-65.97406,-27.05458]]]}},{"type":"Feature","properties":{"departamento": "Simoca", "provincia": "Tucumán", "hechos": 297, "nivel": "bajo"},"geometry":{"type":"Polygon","coordinates":[[[-65.39827,-27.17426],[-65.35398,-27.18034],[-65.33501,-27.21651],[-65.30130,-27.22412],[-65.30081,-27.26727],[-65.21756,-27.31513],[-65.21344,-27.34241],[-65.18993,-27.36390],[-65.15724,-27.37196],[-65.11145,-27.42643],[-65.09286,-27.42086],[-65.08864,-27.43857],[-65.10320,-27.44778],[-65.06329,-27.46163],[-65.06313,-27.44233],[-65.03793,-27.47927],[-64.97264,-27.49870],[-64.96526,-27.54320],[-64.97359,-27.56271],[-64.99168,-27.57128],[-65.02425,-27.55954],[-65.03072,-27.58222],[-65.05732,-27.57447],[-65.07106,-27.58697],[-65.11506,-27.56819],[-65.15238,-27.58783],[-65.16871,-27.56559],[-65.25981,-27.56402],[-65.28193,-27.54607],[-65.34167,-27.53712],[-65.34807,-27.52432],[-65.40726,-27.54037],[-65.54509,-27.54151],[-65.53219,-27.48494],[-65.55843,-27.47997],[-65.54893,-27.43083],[-65.49818,-27.43273],[-65.48719,-27.40463],[-65.48244,-27.42201],[-65.47146,-27.42167],[-65.46167,-27.39386],[-65.47830,-27.38168],[-65.46092,-27.32703],[-65.47007,-27.29998],[-65.46068,-27.24595],[-65.44605,-27.21693],[-65.41669,-27.21105],[-65.39827,-27.17426]]]}},{"type":"Feature","properties":{"departamento": "Río Chico", "provincia": "Tucumán", "hechos": 722, "nivel": "bajo"},"geometry":{"type":"Polygon","coordinates":[[[-65.90055,-27.36722],[-65.71971,-27.35697],[-65.65504,-27.40753],[-65.64400,-27.40151],[-65.64207,-27.41355],[-65.61832,-27.42008],[-65.61231,-27.40918],[-65.57502,-27.42239],[-65.55413,-27.41663],[-65.55843,-27.47997],[-65.53219,-27.48494],[-65.54509,-27.54151],[-65.59317,-27.51642],[-65.66273,-27.52027],[-65.68381,-27.53581],[-65.72667,-27.54154],[-65.75857,-27.52679],[-65.77405,-27.53327],[-65.87869,-27.51460],[-65.91458,-27.49344],[-65.93416,-27.45969],[-65.97491,-27.45528],[-65.96753,-27.39908],[-65.93439,-27.40320],[-65.93034,-27.38335],[-65.90055,-27.36722]]]}},{"type":"Feature","properties":{"departamento": "Graneros", "provincia": "Tucumán", "hechos": 107, "nivel": "bajo"},"geometry":{"type":"Polygon","coordinates":[[[-65.34818,-27.52432],[-65.34167,-27.53712],[-65.28193,-27.54607],[-65.25981,-27.56402],[-65.16871,-27.56559],[-65.15245,-27.58782],[-65.11506,-27.56819],[-65.07106,-27.58697],[-65.05732,-27.57447],[-65.03072,-27.58222],[-65.02425,-27.55954],[-65.01196,-27.56603],[-65.02712,-27.58715],[-64.98603,-27.74165],[-65.02814,-27.75271],[-65.01627,-27.79237],[-65.03904,-27.87926],[-65.10259,-27.89330],[-65.15958,-27.87702],[-65.16954,-27.91767],[-65.17813,-27.91642],[-65.17080,-27.94646],[-65.36467,-27.84579],[-65.43620,-27.88649],[-65.41494,-27.79649],[-65.47282,-27.78832],[-65.46401,-27.76070],[-65.50393,-27.73818],[-65.49414,-27.69427],[-65.50521,-27.69218],[-65.49943,-27.66715],[-65.52029,-27.66354],[-65.51263,-27.62740],[-65.52219,-27.62159],[-65.51127,-27.61412],[-65.53518,-27.62151],[-65.51833,-27.54933],[-65.34818,-27.52432]]]}},{"type":"Feature","properties":{"departamento": "La Cocha", "provincia": "Tucumán", "hechos": 127, "nivel": "bajo"},"geometry":{"type":"Polygon","coordinates":[[[-65.54788,-27.60916],[-65.53230,-27.62277],[-65.51127,-27.61412],[-65.52219,-27.62159],[-65.51263,-27.62740],[-65.52029,-27.66354],[-65.49943,-27.66715],[-65.50521,-27.69218],[-65.49414,-27.69427],[-65.50393,-27.73818],[-65.46401,-27.76070],[-65.47282,-27.78832],[-65.41494,-27.79649],[-65.43620,-27.88649],[-65.50011,-27.92414],[-65.52317,-27.94934],[-65.51969,-27.96187],[-65.57633,-28.01412],[-65.61260,-27.99129],[-65.61749,-27.97169],[-65.66627,-27.97324],[-65.67471,-27.92850],[-65.69886,-27.88960],[-65.70391,-27.80809],[-65.71931,-27.81627],[-65.72109,-27.79897],[-65.75654,-27.76954],[-65.77001,-27.74127],[-65.74154,-27.67925],[-65.75269,-27.65699],[-65.73236,-27.61141],[-65.71024,-27.60972],[-65.67211,-27.63618],[-65.54788,-27.60916]]]}},{"type":"Feature","properties":{"departamento": "Juan Bautista Alberdi", "provincia": "Tucumán", "hechos": 250, "nivel": "bajo"},"geometry":{"type":"Polygon","coordinates":[[[-65.94603,-27.45998],[-65.87869,-27.51460],[-65.77405,-27.53327],[-65.75857,-27.52679],[-65.74005,-27.54089],[-65.68769,-27.53701],[-65.66271,-27.52027],[-65.57907,-27.51857],[-65.55116,-27.53957],[-65.51683,-27.54318],[-65.53517,-27.62149],[-65.54964,-27.60898],[-65.67211,-27.63618],[-65.71024,-27.60972],[-65.73264,-27.61162],[-65.75269,-27.65699],[-65.74154,-27.67925],[-65.77001,-27.74127],[-65.75543,-27.77067],[-65.79882,-27.78676],[-65.79465,-27.80710],[-65.82069,-27.82035],[-65.83226,-27.85092],[-65.82891,-27.81279],[-65.86549,-27.68901],[-65.87542,-27.67247],[-65.91540,-27.66914],[-65.96586,-27.54359],[-65.97491,-27.45528],[-65.94603,-27.45998]]]}},{"type":"Feature","properties":{"departamento": "General Felipe Varela", "provincia": "La Rioja", "hechos": 27, "nivel": "bajo"},"geometry":{"type":"Polygon","coordinates":[[[-68.94818,-28.97106],[-68.24531,-29.22432],[-67.85344,-29.07709],[-67.85642,-29.17064],[-67.83044,-29.27382],[-67.76791,-29.35420],[-67.75424,-29.40361],[-67.72273,-29.44134],[-67.61253,-29.65604],[-67.81704,-29.80133],[-67.99199,-29.97924],[-68.05433,-29.90030],[-68.10519,-29.88424],[-68.15879,-29.88543],[-68.16367,-29.86413],[-68.18437,-29.84813],[-68.18520,-29.80298],[-68.19900,-29.78109],[-68.25385,-29.78073],[-68.26777,-29.75861],[-68.25848,-29.74689],[-68.44128,-29.65051],[-68.52020,-29.63751],[-68.68251,-29.64653],[-68.71794,-29.62454],[-68.86311,-29.63505],[-68.88726,-29.62037],[-68.88435,-29.59258],[-68.90784,-29.61982],[-68.93479,-29.62013],[-68.93830,-29.65159],[-69.01299,-29.65204],[-69.03372,-29.53297],[-69.00019,-29.46638],[-68.98744,-29.47801],[-68.97488,-29.45705],[-68.97923,-29.42364],[-69.00219,-29.39972],[-68.97459,-29.36415],[-68.98494,-29.32642],[-68.95758,-29.31716],[-68.95880,-29.28526],[-68.98910,-29.27397],[-68.97911,-29.23054],[-69.00124,-29.18664],[-68.96903,-29.14544],[-68.95722,-29.16463],[-68.93500,-29.16638],[-68.91189,-29.12858],[-68.92509,-29.09194],[-68.90796,-29.07279],[-68.90851,-29.04492],[-68.93048,-29.01858],[-68.93037,-28.98231],[-68.94818,-28.97106]]]}},{"type":"Feature","properties":{"departamento": "La Poma", "provincia": "Salta", "hechos": 4, "nivel": "bajo"},"geometry":{"type":"Polygon","coordinates":[[[-65.98722,-23.50965],[-66.02193,-23.86171],[-66.01655,-23.91808],[-65.99917,-23.93647],[-65.99091,-23.98174],[-65.95628,-23.96610],[-65.93725,-23.97424],[-66.00782,-24.00216],[-66.03575,-23.99557],[-66.02308,-24.04214],[-66.03303,-24.07755],[-66.10594,-24.14771],[-66.09983,-24.23066],[-66.14158,-24.27123],[-66.15554,-24.30915],[-66.14992,-24.35401],[-66.19356,-24.43323],[-66.15087,-24.43082],[-66.12799,-24.49561],[-66.13732,-24.52746],[-66.12130,-24.60176],[-66.12671,-24.70807],[-66.11954,-24.75457],[-66.09717,-24.79378],[-66.10762,-24.86322],[-66.09415,-24.89765],[-66.12869,-24.92973],[-66.18911,-24.93728],[-66.26071,-24.85701],[-66.32983,-24.86269],[-66.40162,-24.83385],[-66.42619,-24.73156],[-66.40861,-24.69964],[-66.41504,-24.66740],[-66.36772,-24.60715],[-66.36064,-24.53867],[-66.40198,-24.47442],[-66.41132,-24.41727],[-66.48783,-24.37710],[-66.48742,-24.34055],[-66.50996,-24.29521],[-66.50664,-24.25504],[-66.50210,-24.24271],[-66.23653,-24.43778],[-66.15479,-24.01612],[-66.36169,-23.91113],[-66.35435,-23.88395],[-66.38082,-23.82791],[-66.35330,-23.82526],[-66.37686,-23.74891],[-66.35741,-23.67380],[-66.33034,-23.65661],[-66.33549,-23.62851],[-66.31749,-23.60754],[-66.31357,-23.56512],[-66.30226,-23.55977],[-66.28364,-23.57470],[-66.26419,-23.56548],[-66.24907,-23.50882],[-66.18293,-23.43845],[-66.18429,-23.41461],[-66.11762,-23.43135],[-66.01120,-23.50878],[-65.98722,-23.50965]]]}},{"type":"Feature","properties":{"departamento": "General Güemes", "provincia": "Salta", "hechos": 1339, "nivel": "bajo"},"geometry":{"type":"Polygon","coordinates":[[[-64.64013,-24.61119],[-64.70472,-24.63970],[-64.72799,-24.70496],[-64.79902,-24.77165],[-64.79557,-24.80160],[-64.81263,-24.82758],[-64.79795,-24.83962],[-64.79587,-24.89806],[-64.82642,-24.94024],[-64.81639,-24.97217],[-64.85646,-25.02222],[-64.88519,-25.00037],[-64.90154,-25.01821],[-64.90087,-25.11391],[-64.97868,-25.14878],[-65.08040,-25.10386],[-65.06390,-24.96090],[-65.10019,-24.94680],[-65.09613,-24.91432],[-65.08127,-24.88328],[-65.05329,-24.86562],[-65.03664,-24.81403],[-65.01677,-24.81000],[-65.08102,-24.74771],[-65.09420,-24.71551],[-65.14920,-24.70492],[-65.22013,-24.71598],[-65.27470,-24.67743],[-65.27051,-24.60796],[-65.19974,-24.58537],[-65.21018,-24.54364],[-65.15481,-24.48814],[-65.10516,-24.52304],[-65.07967,-24.56218],[-64.90999,-24.59689],[-64.88371,-24.57188],[-64.89344,-24.56036],[-64.87733,-24.50070],[-64.84570,-24.46670],[-64.72583,-24.52990],[-64.70446,-24.56343],[-64.68051,-24.57619],[-64.67417,-24.60387],[-64.64013,-24.61119]]]}},{"type":"Feature","properties":{"departamento": "Rosario de la Frontera", "provincia": "Salta", "hechos": 593, "nivel": "bajo"},"geometry":{"type":"Polygon","coordinates":[[[-64.19750,-25.70946],[-64.26797,-25.70057],[-64.41301,-26.04048],[-64.40362,-26.04841],[-64.41668,-26.11430],[-64.49492,-26.21950],[-64.56415,-26.22692],[-64.57958,-26.21818],[-64.66779,-26.24272],[-64.73215,-26.24156],[-64.75907,-26.22399],[-64.79041,-26.22372],[-64.82277,-26.24269],[-64.84532,-26.23860],[-64.87344,-26.27492],[-64.94064,-26.30225],[-64.94605,-26.28895],[-64.91734,-26.19951],[-64.89169,-26.17966],[-64.87292,-26.12532],[-64.87530,-26.10484],[-64.89440,-26.09095],[-64.88433,-26.04482],[-64.91836,-26.03080],[-64.96235,-26.03398],[-65.10801,-26.00792],[-65.11320,-26.03781],[-65.10266,-26.05465],[-65.19463,-26.02517],[-65.24679,-25.97210],[-65.25432,-25.88939],[-65.29840,-25.85985],[-65.27837,-25.80764],[-65.29029,-25.77476],[-65.25896,-25.77609],[-65.23948,-25.71200],[-65.20311,-25.69811],[-65.15478,-25.61630],[-65.08859,-25.66215],[-65.04971,-25.65721],[-65.02771,-25.67220],[-64.91979,-25.63811],[-64.84615,-25.65243],[-64.79436,-25.64392],[-64.62126,-25.59716],[-64.47683,-25.62185],[-64.45263,-25.52501],[-64.40233,-25.53525],[-64.30874,-25.52342],[-64.20848,-25.55700],[-64.19750,-25.70946]]]}},{"type":"Feature","properties":{"departamento": "Metán", "provincia": "Salta", "hechos": 1108, "nivel": "bajo"},"geometry":{"type":"Polygon","coordinates":[[[-65.08188,-25.10030],[-65.00488,-25.13086],[-64.93674,-25.17505],[-64.89414,-25.24429],[-64.89451,-25.28522],[-64.84149,-25.32040],[-64.82815,-25.34550],[-64.77697,-25.36888],[-64.70936,-25.37971],[-64.61961,-25.36201],[-64.57089,-25.31489],[-64.54542,-25.25630],[-64.46429,-25.22258],[-64.43119,-25.22691],[-64.39743,-25.25186],[-64.36221,-25.24236],[-64.33579,-25.19333],[-64.30701,-25.17049],[-64.30450,-25.14608],[-64.27704,-25.14665],[-64.24676,-25.11494],[-64.23062,-25.12670],[-64.15944,-25.10904],[-64.15085,-25.14720],[-64.10717,-25.16009],[-64.09665,-25.19347],[-64.08510,-25.19535],[-64.05786,-25.27398],[-64.07237,-25.29064],[-64.04608,-25.31386],[-64.05563,-25.32272],[-64.04627,-25.34366],[-64.06298,-25.36117],[-64.03670,-25.39007],[-64.04994,-25.39837],[-64.01857,-25.42931],[-64.02368,-25.44487],[-64.01443,-25.44342],[-64.02944,-25.46816],[-64.00582,-25.47269],[-63.98793,-25.51665],[-63.95274,-25.53154],[-63.94127,-25.55110],[-63.95922,-25.65685],[-63.91908,-25.68208],[-64.00784,-25.67377],[-64.02555,-25.75394],[-64.19628,-25.72800],[-64.20848,-25.55700],[-64.30874,-25.52342],[-64.40233,-25.53525],[-64.45263,-25.52501],[-64.47683,-25.62185],[-64.62126,-25.59716],[-64.79436,-25.64392],[-64.84615,-25.65243],[-64.91979,-25.63811],[-65.02428,-25.67203],[-65.12325,-25.64579],[-65.16564,-25.58064],[-65.14933,-25.53780],[-65.16339,-25.51773],[-65.15375,-25.49884],[-65.16632,-25.48120],[-65.16366,-25.44331],[-65.18728,-25.41310],[-65.18086,-25.38870],[-65.15925,-25.37528],[-65.17471,-25.30390],[-65.25297,-25.27663],[-65.21425,-25.23940],[-65.19236,-25.18551],[-65.16941,-25.17562],[-65.14757,-25.11481],[-65.08188,-25.10030]]]}},{"type":"Feature","properties":{"departamento": "Molinos", "provincia": "Salta", "hechos": 14, "nivel": "bajo"},"geometry":{"type":"Polygon","coordinates":[[[-66.59980,-25.36225],[-66.53705,-25.26564],[-66.55159,-25.22750],[-66.53731,-25.20312],[-66.55744,-25.17096],[-66.62065,-25.14217],[-66.62570,-25.10600],[-66.57842,-25.10136],[-66.50842,-25.12786],[-66.46047,-25.11882],[-66.42180,-25.13469],[-66.39990,-25.12775],[-66.40663,-25.15634],[-66.37964,-25.18635],[-66.35083,-25.18502],[-66.35651,-25.14849],[-66.32822,-25.14645],[-66.30875,-25.17563],[-66.28086,-25.18107],[-66.24401,-25.21109],[-66.24701,-25.22969],[-66.23046,-25.25476],[-66.01983,-25.29168],[-65.99912,-25.32375],[-66.02644,-25.45215],[-66.14039,-25.45441],[-66.19088,-25.48213],[-66.27706,-25.49571],[-66.30378,-25.51086],[-66.29637,-25.53604],[-66.30839,-25.55871],[-66.34900,-25.56810],[-66.34120,-25.63461],[-66.31990,-25.65937],[-66.32837,-25.75747],[-66.34803,-25.78583],[-66.33244,-25.86661],[-66.36214,-25.88348],[-66.38237,-25.93526],[-66.37165,-25.98806],[-66.59540,-25.90443],[-66.80138,-26.01649],[-66.84663,-25.97007],[-66.84757,-25.79627],[-66.87357,-25.76619],[-66.84333,-25.71263],[-66.81288,-25.70013],[-66.64858,-25.71203],[-66.63041,-25.65437],[-66.60646,-25.62867],[-66.56390,-25.62176],[-66.57277,-25.58672],[-66.53456,-25.53651],[-66.54281,-25.52239],[-66.53525,-25.46226],[-66.51855,-25.44033],[-66.53710,-25.37248],[-66.58707,-25.37284],[-66.59980,-25.36225]]]}},{"type":"Feature","properties":{"departamento": "General Obligado", "provincia": "Santa Fe", "hechos": 4010, "nivel": "medio"},"geometry":{"type":"Polygon","coordinates":[[[-58.88082,-28.06682],[-58.95297,-28.13711],[-59.06241,-28.12811],[-59.08763,-28.17177],[-59.08621,-28.19949],[-59.10787,-28.22277],[-59.10346,-28.32882],[-59.07621,-28.36534],[-59.08598,-28.43597],[-59.04886,-28.49331],[-59.10001,-28.57640],[-59.10501,-28.63394],[-59.07860,-28.66749],[-59.16045,-28.79479],[-59.15807,-28.87736],[-59.21090,-28.97753],[-59.19972,-29.03154],[-59.25754,-29.08960],[-59.34677,-29.11435],[-59.40781,-29.22138],[-59.50870,-29.25077],[-59.51979,-29.34319],[-59.60428,-29.39474],[-59.58093,-29.47421],[-59.66182,-29.44662],[-59.65647,-29.45970],[-59.67087,-29.47303],[-59.71978,-29.48785],[-59.72104,-29.46075],[-59.73565,-29.46551],[-59.76837,-29.44256],[-59.77884,-29.41517],[-60.06928,-29.37065],[-60.04390,-29.32606],[-60.01442,-29.31304],[-60.02836,-29.27909],[-60.01731,-29.24266],[-60.07991,-29.13683],[-60.06999,-29.08038],[-60.10933,-29.04848],[-60.00517,-29.07266],[-60.00068,-29.04441],[-59.99020,-29.04590],[-59.99978,-29.01758],[-60.04200,-29.01169],[-60.01974,-28.88610],[-59.97795,-28.89168],[-59.96180,-28.80747],[-59.76228,-28.83836],[-59.74900,-28.81341],[-59.77345,-28.76859],[-59.80459,-28.75769],[-59.80124,-28.73702],[-59.77857,-28.71726],[-59.79275,-28.69789],[-59.77279,-28.67940],[-59.81716,-28.62449],[-59.80116,-28.61650],[-59.81816,-28.56322],[-59.81091,-28.52795],[-59.79472,-28.51824],[-59.78894,-28.48659],[-59.76510,-28.45585],[-59.79107,-28.44848],[-59.79845,-28.43383],[-59.79836,-28.37912],[-59.85829,-28.37857],[-59.87871,-28.33184],[-59.87627,-28.25156],[-59.79040,-28.25081],[-59.79020,-28.10453],[-59.81104,-28.10463],[-59.81118,-28.00133],[-58.88400,-28.00000],[-58.89369,-28.03527],[-58.88082,-28.06682]]]}},{"type":"Feature","properties":{"departamento": "General López", "provincia": "Santa Fe", "hechos": 1049, "nivel": "bajo"},"geometry":{"type":"Polygon","coordinates":[[[-61.60715,-33.28721],[-61.51629,-33.40564],[-61.47062,-33.38075],[-61.45236,-33.40448],[-61.38305,-33.36672],[-61.34707,-33.41314],[-61.41634,-33.45077],[-61.15335,-33.78997],[-61.16509,-33.79483],[-61.12507,-33.83390],[-61.71975,-34.38555],[-62.88391,-34.38655],[-62.13122,-33.39768],[-62.01590,-33.41794],[-62.01340,-33.40809],[-61.98209,-33.41360],[-61.97937,-33.40280],[-61.92798,-33.41187],[-61.96930,-33.43388],[-61.91035,-33.51122],[-61.67439,-33.37768],[-61.70373,-33.33935],[-61.60715,-33.28721]]]}},{"type":"Feature","properties":{"departamento": "Caseros", "provincia": "Santa Fe", "hechos": 1308, "nivel": "bajo"},"geometry":{"type":"Polygon","coordinates":[[[-61.20719,-32.90272],[-61.06194,-33.09003],[-61.10675,-33.15611],[-61.15483,-33.16469],[-61.13256,-33.23138],[-61.16860,-33.24385],[-61.09909,-33.33267],[-61.12956,-33.34931],[-61.07498,-33.41906],[-61.18883,-33.49164],[-61.31378,-33.32910],[-61.45236,-33.40448],[-61.47062,-33.38075],[-61.51629,-33.40564],[-61.60715,-33.28721],[-61.70373,-33.33935],[-61.67439,-33.37768],[-61.91035,-33.51122],[-61.96930,-33.43388],[-61.92798,-33.41187],[-61.97937,-33.40280],[-61.98209,-33.41360],[-62.01340,-33.40809],[-62.01590,-33.41794],[-62.13122,-33.39768],[-61.92325,-33.11958],[-61.89665,-33.11254],[-61.79594,-33.01447],[-61.74387,-33.07307],[-61.70113,-33.09395],[-61.67630,-33.08211],[-61.66344,-33.09162],[-61.64147,-33.08318],[-61.63565,-33.06667],[-61.56523,-33.06373],[-61.54306,-33.04131],[-61.29676,-32.98693],[-61.23629,-32.95121],[-61.24623,-32.94320],[-61.20719,-32.90272]]]}},{"type":"Feature","properties":{"departamento": "San Lorenzo", "provincia": "Santa Fe", "hechos": 4860, "nivel": "medio"},"geometry":{"type":"Polygon","coordinates":[[[-60.80359,-32.44215],[-60.79498,-32.49745],[-60.76914,-32.49675],[-60.77472,-32.51440],[-60.74738,-32.55432],[-60.75208,-32.62219],[-60.72351,-32.67169],[-60.71600,-32.77362],[-60.65892,-32.83392],[-60.78153,-32.83869],[-60.84263,-32.82031],[-60.87395,-32.84018],[-60.84561,-32.87704],[-60.86107,-32.88554],[-60.87793,-32.95326],[-61.00858,-32.92987],[-60.96817,-32.99526],[-60.95828,-32.99125],[-60.93833,-33.01782],[-60.97332,-33.01746],[-60.99126,-33.03329],[-60.96065,-33.07404],[-60.91409,-33.04929],[-60.90158,-33.06682],[-60.91682,-33.07527],[-60.91225,-33.09460],[-60.88026,-33.12383],[-60.94251,-33.15551],[-60.94590,-33.20105],[-60.98165,-33.19218],[-60.99577,-33.23240],[-60.98205,-33.24502],[-61.00161,-33.24740],[-60.92413,-33.33970],[-60.93066,-33.35225],[-61.06681,-33.42935],[-61.12956,-33.34931],[-61.09909,-33.33267],[-61.16860,-33.24385],[-61.13256,-33.23138],[-61.15483,-33.16469],[-61.10675,-33.15611],[-61.06194,-33.09003],[-61.20719,-32.90272],[-61.20346,-32.88447],[-61.16089,-32.84539],[-61.06254,-32.80255],[-61.05468,-32.77004],[-60.99425,-32.69362],[-60.88864,-32.66890],[-60.87443,-32.68032],[-60.81256,-32.63778],[-60.84239,-32.59069],[-60.84694,-32.52314],[-60.86020,-32.50208],[-60.85527,-32.47402],[-60.80359,-32.44215]]]}},{"type":"Feature","properties":{"departamento": "Vera", "provincia": "Santa Fe", "hechos": 819, "nivel": "bajo"},"geometry":{"type":"Polygon","coordinates":[[[-60.64440,-27.99979],[-59.81118,-28.00133],[-59.81104,-28.10463],[-59.79020,-28.10453],[-59.79040,-28.25081],[-59.87627,-28.25156],[-59.87871,-28.33184],[-59.85829,-28.37857],[-59.79836,-28.37912],[-59.79845,-28.43383],[-59.79107,-28.44848],[-59.76510,-28.45585],[-59.78894,-28.48659],[-59.79472,-28.51824],[-59.81091,-28.52795],[-59.81816,-28.56322],[-59.80116,-28.61650],[-59.81716,-28.62449],[-59.77279,-28.67940],[-59.79275,-28.69789],[-59.77857,-28.71726],[-59.80124,-28.73702],[-59.80459,-28.75769],[-59.77345,-28.76859],[-59.74900,-28.81341],[-59.76228,-28.83836],[-59.96180,-28.80747],[-59.97795,-28.89168],[-60.01974,-28.88610],[-60.04200,-29.01169],[-59.99978,-29.01758],[-60.00105,-29.03054],[-59.98804,-29.03250],[-60.00517,-29.07266],[-60.10933,-29.04848],[-60.06999,-29.08038],[-60.07991,-29.13683],[-60.01731,-29.24266],[-60.02836,-29.27909],[-60.01074,-29.30308],[-60.04390,-29.32606],[-60.04089,-29.33620],[-60.08181,-29.38057],[-60.07825,-29.40553],[-60.10096,-29.43419],[-60.10528,-29.48300],[-60.08277,-29.53472],[-60.08496,-29.63465],[-60.06146,-29.65667],[-60.00006,-29.65472],[-59.99857,-29.77305],[-59.97995,-29.78478],[-59.97055,-29.81272],[-59.91076,-29.80007],[-59.87682,-29.81305],[-59.87459,-29.83314],[-59.88948,-29.83425],[-59.92644,-29.91507],[-59.94139,-29.90931],[-59.96060,-29.93608],[-59.98892,-29.92877],[-60.02067,-29.95179],[-60.02778,-29.96431],[-60.01722,-29.97528],[-60.03552,-29.98821],[-60.03239,-30.00937],[-60.04434,-30.00976],[-60.04559,-30.02759],[-60.07619,-30.02714],[-60.09918,-30.04128],[-60.09775,-30.07010],[-60.12907,-30.08800],[-60.11435,-30.10361],[-60.11662,-30.12154],[-60.15771,-30.11774],[-60.13270,-30.13744],[-60.15407,-30.16344],[-60.17471,-30.16582],[-60.18506,-30.14653],[-60.15664,-30.12416],[-60.19830,-30.12205],[-60.21212,-30.06767],[-60.28967,-30.02995],[-60.27962,-29.97889],[-60.72035,-29.91018],[-60.69928,-29.87530],[-60.70880,-29.86159],[-60.71918,-29.86732],[-60.71885,-29.84612],[-60.76653,-29.79014],[-60.77229,-29.74570],[-60.80308,-29.74648],[-60.81821,-29.76567],[-60.83526,-29.74933],[-60.82617,-29.73708],[-60.84519,-29.72130],[-60.84367,-29.70210],[-60.87776,-29.70084],[-60.91125,-29.67332],[-60.96875,-29.67852],[-60.96950,-29.66875],[-60.99986,-29.66012],[-61.04041,-29.66464],[-61.03819,-29.65311],[-61.07485,-29.65143],[-61.08281,-29.63531],[-61.08143,-29.57419],[-60.89839,-28.58211],[-60.82986,-28.27357],[-60.74835,-28.22104],[-60.74774,-28.09933],[-60.64458,-28.10024],[-60.64440,-27.99979]]]}},{"type":"Feature","properties":{"departamento": "9 de Julio", "provincia": "Santa Fe", "hechos": 771, "nivel": "bajo"},"geometry":{"type":"Polygon","coordinates":[[[-61.71204,-27.99855],[-60.64440,-27.99979],[-60.64458,-28.10024],[-60.74774,-28.09933],[-60.74857,-28.22165],[-60.82986,-28.27357],[-60.89839,-28.58211],[-61.08143,-29.57419],[-61.08281,-29.63531],[-61.10329,-29.61916],[-61.09265,-29.61549],[-61.10461,-29.60790],[-61.09640,-29.60535],[-61.10909,-29.59266],[-61.10482,-29.57975],[-61.12301,-29.56756],[-61.20280,-29.55190],[-61.19295,-29.54421],[-61.20211,-29.54004],[-61.23680,-29.54590],[-61.28240,-29.51638],[-61.35368,-29.83965],[-61.74721,-29.77536],[-61.74896,-29.78348],[-61.90698,-29.77851],[-61.94213,-29.74063],[-61.92792,-29.66208],[-61.99167,-29.66155],[-61.71204,-27.99855]]]}},{"type":"Feature","properties":{"departamento": "San Cristóbal", "provincia": "Santa Fe", "hechos": 824, "nivel": "bajo"},"geometry":{"type":"Polygon","coordinates":[[[-61.27898,-29.51716],[-61.23680,-29.54590],[-61.20211,-29.54004],[-61.19295,-29.54421],[-61.20421,-29.54617],[-61.20280,-29.55190],[-61.12301,-29.56756],[-61.10464,-29.58007],[-61.10909,-29.59266],[-61.09640,-29.60535],[-61.10461,-29.60790],[-61.09265,-29.61549],[-61.10329,-29.61916],[-61.07485,-29.65143],[-61.04255,-29.65037],[-61.04171,-29.66402],[-61.02651,-29.66752],[-60.99986,-29.66012],[-60.96950,-29.66875],[-60.96920,-29.67846],[-60.89889,-29.67731],[-60.87776,-29.70084],[-60.84267,-29.70291],[-60.84519,-29.72130],[-60.82617,-29.73708],[-60.83526,-29.74933],[-60.81780,-29.76580],[-60.80308,-29.74648],[-60.77229,-29.74570],[-60.76653,-29.79014],[-60.71885,-29.84612],[-60.71918,-29.86732],[-60.70880,-29.86159],[-60.69947,-29.87491],[-60.72225,-29.91552],[-60.69322,-29.96155],[-60.72632,-29.98141],[-60.71807,-30.00903],[-60.72933,-30.02896],[-60.73862,-30.02294],[-60.75207,-30.07971],[-60.70126,-30.14244],[-60.71983,-30.19020],[-60.73403,-30.19564],[-60.71150,-30.22138],[-60.71898,-30.23540],[-60.70293,-30.23640],[-60.68067,-30.26425],[-60.65740,-30.25884],[-60.64157,-30.28928],[-60.64121,-30.30101],[-60.65695,-30.30422],[-60.65005,-30.34256],[-60.67262,-30.34218],[-60.68140,-30.35436],[-60.66911,-30.35925],[-60.67182,-30.37218],[-60.68775,-30.37857],[-60.66982,-30.37909],[-60.67979,-30.39036],[-60.65289,-30.39775],[-60.66614,-30.39980],[-60.65366,-30.41746],[-60.66390,-30.42348],[-60.64645,-30.42767],[-60.65897,-30.43078],[-60.63792,-30.47952],[-60.65091,-30.47617],[-60.65592,-30.51224],[-60.66642,-30.50196],[-60.67382,-30.51507],[-60.68536,-30.50642],[-60.67505,-30.51970],[-60.68982,-30.54220],[-60.66131,-30.55044],[-60.66945,-30.55512],[-60.65357,-30.56503],[-60.66411,-30.57129],[-60.63937,-30.57898],[-60.64167,-30.59395],[-60.62744,-30.60341],[-60.62014,-30.59374],[-60.62444,-30.63174],[-60.60802,-30.63459],[-60.62232,-30.63946],[-60.61935,-30.65037],[-60.59094,-30.66640],[-60.60179,-30.68809],[-60.59323,-30.69038],[-60.60811,-30.70305],[-60.59875,-30.71424],[-60.62933,-30.73936],[-60.62112,-30.74606],[-60.64654,-30.75517],[-60.65576,-30.74139],[-60.67901,-30.74467],[-60.68797,-30.75827],[-60.69089,-30.74705],[-60.71310,-30.75097],[-60.72504,-30.76860],[-60.71076,-30.77254],[-60.72322,-30.77659],[-60.71771,-30.78621],[-60.72808,-30.78057],[-60.76024,-30.80789],[-60.79430,-30.78292],[-60.81902,-30.80105],[-60.88544,-30.76292],[-60.90347,-30.70856],[-60.92595,-30.70772],[-60.89246,-30.66932],[-61.17851,-30.60970],[-61.20978,-30.74796],[-61.42312,-30.71171],[-61.43806,-30.77609],[-61.65527,-30.73752],[-61.66615,-30.78247],[-61.84413,-30.75063],[-62.13065,-30.48043],[-61.99167,-29.66155],[-61.92792,-29.66208],[-61.94213,-29.74063],[-61.90698,-29.77851],[-61.74896,-29.78348],[-61.74721,-29.77536],[-61.35368,-29.83965],[-61.27898,-29.51716]]]}},{"type":"Feature","properties":{"departamento": "La Capital", "provincia": "Santa Fe", "hechos": 11447, "nivel": "alto"},"geometry":{"type":"Polygon","coordinates":[[[-60.81333,-31.01524],[-60.65790,-31.04211],[-60.67025,-31.11195],[-60.54929,-31.13233],[-60.57385,-31.18803],[-60.44952,-31.21306],[-60.46503,-31.24939],[-60.45523,-31.26075],[-60.49805,-31.30113],[-60.47369,-31.33949],[-60.50922,-31.38621],[-60.50250,-31.41872],[-60.55791,-31.45893],[-60.51082,-31.46899],[-60.50679,-31.48458],[-60.49352,-31.47832],[-60.47844,-31.49349],[-60.39085,-31.49646],[-60.39580,-31.50638],[-60.38039,-31.51577],[-60.34345,-31.49750],[-60.30189,-31.53419],[-60.33995,-31.55525],[-60.32567,-31.58666],[-60.33471,-31.61259],[-60.46759,-31.69830],[-60.58408,-31.70848],[-60.63879,-31.74200],[-60.63857,-31.78748],[-60.67578,-31.81171],[-60.65723,-31.91132],[-60.72272,-31.97217],[-60.74759,-31.90854],[-60.73125,-31.86571],[-60.75301,-31.87809],[-60.76201,-31.86924],[-60.81937,-31.88214],[-60.83715,-31.86737],[-60.82815,-31.83770],[-60.83538,-31.81198],[-60.81996,-31.79129],[-60.83277,-31.78680],[-60.85304,-31.82109],[-60.97823,-31.80027],[-60.94997,-31.72978],[-60.91448,-31.73761],[-60.90461,-31.69722],[-60.81276,-31.65455],[-60.82885,-31.58974],[-60.75333,-31.60475],[-60.76688,-31.59234],[-60.76109,-31.56552],[-60.77803,-31.56904],[-60.76770,-31.54688],[-60.79354,-31.53700],[-60.79181,-31.52175],[-60.80210,-31.51872],[-60.78681,-31.51291],[-60.79689,-31.50385],[-60.77596,-31.49673],[-60.78324,-31.48525],[-60.76861,-31.47365],[-60.78088,-31.47064],[-60.76838,-31.46706],[-60.77976,-31.45671],[-60.77300,-31.45019],[-60.78365,-31.45145],[-60.79158,-31.42383],[-60.80521,-31.42817],[-60.81206,-31.40624],[-60.79882,-31.40229],[-60.80812,-31.38365],[-60.78561,-31.37812],[-60.79426,-31.37690],[-60.78267,-31.36980],[-60.78902,-31.35409],[-60.82972,-31.35005],[-60.83632,-31.36681],[-60.86421,-31.37939],[-60.87781,-31.36742],[-60.89409,-31.38449],[-60.89487,-31.36964],[-60.91208,-31.37148],[-60.93990,-31.35148],[-60.90292,-31.30713],[-60.91795,-31.27382],[-60.88512,-31.25195],[-60.89322,-31.24332],[-60.85724,-31.24229],[-60.83595,-31.20956],[-60.84875,-31.18243],[-60.82976,-31.17654],[-60.83813,-31.17133],[-60.83334,-31.15502],[-60.82097,-31.15414],[-60.82597,-31.14437],[-60.78039,-31.12734],[-60.79188,-31.11910],[-60.77616,-31.10866],[-60.78274,-31.09254],[-60.82766,-31.09535],[-60.81998,-31.08157],[-60.84486,-31.06398],[-60.83427,-31.04856],[-60.84170,-31.04259],[-60.80454,-31.02811],[-60.81333,-31.01524]]]}},{"type":"Feature","properties":{"departamento": "San Javier", "provincia": "Santa Fe", "hechos": 608, "nivel": "bajo"},"geometry":{"type":"Polygon","coordinates":[[[-60.06928,-29.37065],[-59.77884,-29.41517],[-59.76837,-29.44256],[-59.73565,-29.46551],[-59.72104,-29.46075],[-59.71978,-29.48785],[-59.67087,-29.47303],[-59.65647,-29.45970],[-59.66182,-29.44662],[-59.58093,-29.47421],[-59.61398,-29.66876],[-59.61755,-29.77584],[-59.65990,-29.83723],[-59.60470,-29.90267],[-59.58891,-29.97625],[-59.56639,-30.00808],[-59.61612,-30.11301],[-59.63658,-30.23746],[-59.71082,-30.27029],[-59.70297,-30.30170],[-59.66680,-30.32716],[-59.66651,-30.36625],[-59.72356,-30.40890],[-59.68388,-30.44614],[-59.65140,-30.51098],[-59.64586,-30.59704],[-59.67841,-30.64691],[-59.66809,-30.67603],[-59.63618,-30.70214],[-60.20493,-30.65068],[-60.21215,-30.68858],[-60.33888,-30.66925],[-60.33308,-30.65516],[-60.34536,-30.63223],[-60.38277,-30.60889],[-60.33976,-30.56876],[-60.35082,-30.51001],[-60.32456,-30.49653],[-60.33273,-30.47508],[-60.27432,-30.43220],[-60.27614,-30.42127],[-60.25526,-30.42299],[-60.24248,-30.41053],[-60.24531,-30.39096],[-60.22541,-30.37402],[-60.19651,-30.36340],[-60.21403,-30.34491],[-60.20245,-30.33792],[-60.19464,-30.31869],[-60.21377,-30.31960],[-60.20599,-30.30983],[-60.21597,-30.30703],[-60.18027,-30.29035],[-60.18035,-30.27237],[-60.16044,-30.25394],[-60.17499,-30.24183],[-60.15895,-30.22921],[-60.16766,-30.21850],[-60.11857,-30.14861],[-60.11872,-30.13376],[-60.15951,-30.12008],[-60.13527,-30.11287],[-60.11662,-30.12154],[-60.11435,-30.10361],[-60.12907,-30.08800],[-60.09775,-30.07010],[-60.09918,-30.04128],[-60.07619,-30.02714],[-60.04559,-30.02759],[-60.04434,-30.00976],[-60.03239,-30.00937],[-60.03552,-29.98821],[-60.01731,-29.97572],[-60.02778,-29.96431],[-60.02067,-29.95179],[-59.98892,-29.92877],[-59.96060,-29.93608],[-59.94139,-29.90931],[-59.92644,-29.91507],[-59.88948,-29.83425],[-59.87459,-29.83314],[-59.87682,-29.81305],[-59.91076,-29.80007],[-59.97055,-29.81272],[-59.97995,-29.78478],[-59.99857,-29.77305],[-60.00006,-29.65472],[-60.06146,-29.65667],[-60.08496,-29.63465],[-60.08277,-29.53472],[-60.10528,-29.48300],[-60.10021,-29.43115],[-60.06928,-29.37065]]]}},{"type":"Feature","properties":{"departamento": "Atreucó", "provincia": "La Pampa", "hechos": 51, "nivel": "bajo"},"geometry":{"type":"Polygon","coordinates":[[[-63.38532,-36.80859],[-63.38534,-37.25893],[-64.17424,-37.25687],[-64.16990,-36.80555],[-63.38532,-36.80859]]]}},{"type":"Feature","properties":{"departamento": "Catriló", "provincia": "La Pampa", "hechos": 50, "nivel": "bajo"},"geometry":{"type":"Polygon","coordinates":[[[-63.38573,-36.35691],[-63.38517,-36.80784],[-63.94580,-36.80621],[-63.94347,-36.35676],[-63.38573,-36.35691]]]}},{"type":"Feature","properties":{"departamento": "Quemú Quemú", "provincia": "La Pampa", "hechos": 20, "nivel": "bajo"},"geometry":{"type":"Polygon","coordinates":[[[-63.38566,-36.35691],[-63.94347,-36.35676],[-63.94051,-35.90471],[-63.38545,-35.90560],[-63.38566,-36.35691]]]}},{"type":"Feature","properties":{"departamento": "Curacó", "provincia": "La Pampa", "hechos": 1, "nivel": "bajo"},"geometry":{"type":"Polygon","coordinates":[[[-65.65489,-37.67596],[-65.68874,-38.83367],[-65.70176,-38.81628],[-65.71259,-38.82501],[-65.77823,-38.81159],[-65.78726,-38.79462],[-65.80497,-38.80629],[-65.80467,-38.79392],[-65.82018,-38.78871],[-65.82440,-38.79885],[-65.84108,-38.78664],[-65.86431,-38.79980],[-65.86579,-38.78896],[-65.88243,-38.79045],[-65.87708,-38.77789],[-65.91119,-38.78292],[-65.91250,-38.76487],[-65.92759,-38.77519],[-65.92555,-38.76416],[-65.94666,-38.76794],[-65.95101,-38.74726],[-66.01898,-38.74086],[-66.03068,-38.75128],[-66.03199,-38.73890],[-66.06467,-38.75114],[-66.08464,-38.72527],[-66.10698,-38.72769],[-66.11981,-38.74328],[-66.12053,-38.73402],[-66.15505,-38.72885],[-66.17691,-38.74524],[-66.18024,-38.73128],[-66.20739,-38.73132],[-66.28826,-38.75566],[-66.30841,-38.74286],[-66.31506,-38.76129],[-66.32332,-38.74798],[-66.34183,-38.75773],[-66.35755,-38.74491],[-66.40442,-38.74408],[-66.40758,-38.73058],[-66.41649,-38.74370],[-66.44180,-38.74561],[-66.49876,-38.71800],[-66.53862,-38.72085],[-66.55444,-38.69789],[-66.57521,-38.70139],[-66.60714,-38.67909],[-66.59540,-38.67468],[-66.59827,-38.65053],[-66.57819,-38.62280],[-66.60058,-38.59828],[-66.60988,-38.55798],[-66.63379,-38.55679],[-66.63588,-38.54207],[-66.71223,-38.53175],[-66.78607,-38.48053],[-66.85437,-38.47559],[-66.89209,-38.46198],[-66.89697,-38.44373],[-66.99579,-38.44568],[-67.00904,-38.42324],[-67.09568,-38.39500],[-67.11169,-37.70019],[-65.65489,-37.67596]]]}},{"type":"Feature","properties":{"departamento": "Figueroa", "provincia": "Santiago del Estero", "hechos": 118, "nivel": "bajo"},"geometry":{"type":"Polygon","coordinates":[[[-63.23369,-26.76478],[-63.23343,-26.84172],[-63.21185,-26.84176],[-63.21178,-26.87810],[-63.23406,-26.87807],[-63.24074,-27.00658],[-63.23112,-27.00659],[-63.23117,-27.03070],[-63.24121,-27.03068],[-63.24082,-27.10850],[-63.25701,-27.10859],[-63.25724,-27.14956],[-63.22220,-27.14949],[-63.25520,-27.31209],[-63.20800,-27.32150],[-63.20253,-27.43903],[-63.25218,-27.44344],[-63.26295,-27.49675],[-63.23242,-27.50005],[-63.24161,-27.53651],[-63.18390,-27.54746],[-63.21732,-27.70200],[-63.22855,-27.69995],[-63.22350,-27.72803],[-63.26531,-27.72117],[-63.27525,-27.76611],[-63.34153,-27.75483],[-63.34523,-27.77093],[-63.49934,-27.78137],[-63.49030,-27.79124],[-63.49550,-27.82407],[-63.47933,-27.83424],[-63.58091,-27.86702],[-63.59263,-27.82957],[-63.66051,-27.81763],[-63.67429,-27.75163],[-63.74154,-27.73305],[-63.83332,-27.73328],[-63.83297,-27.68050],[-63.87981,-27.65576],[-63.87999,-27.64480],[-63.91597,-27.65550],[-63.98865,-27.55867],[-63.96017,-27.51756],[-63.99557,-27.51779],[-63.96454,-27.39625],[-64.00379,-27.38948],[-63.99028,-27.33300],[-64.00075,-27.33118],[-63.98086,-27.24727],[-63.92679,-27.23775],[-63.92655,-27.19249],[-63.97566,-27.19146],[-63.97608,-27.14453],[-63.94032,-27.14490],[-63.93978,-27.03063],[-63.98998,-27.03028],[-63.98902,-26.90440],[-63.87912,-26.90513],[-63.87950,-26.93672],[-63.82405,-26.93693],[-63.82395,-26.92432],[-63.54850,-26.92553],[-63.57102,-26.88722],[-63.37839,-26.88800],[-63.37840,-26.76409],[-63.23369,-26.76478]]]}},{"type":"Feature","properties":{"departamento": "Salavina", "provincia": "Santiago del Estero", "hechos": 69, "nivel": "bajo"},"geometry":{"type":"Polygon","coordinates":[[[-63.06784,-28.81157],[-63.06812,-28.97010],[-62.98022,-28.96666],[-62.98071,-29.20199],[-62.99589,-29.20202],[-62.99424,-29.21857],[-63.15784,-29.31238],[-63.15812,-29.29132],[-63.18522,-29.28743],[-63.21419,-29.23900],[-63.26394,-29.22007],[-63.27933,-29.22689],[-63.29564,-29.21015],[-63.32202,-29.13944],[-63.36198,-29.12841],[-63.38151,-29.13671],[-63.39546,-29.08464],[-63.41466,-29.06960],[-63.44897,-29.05921],[-63.44698,-29.04894],[-63.47587,-29.02700],[-63.53893,-29.01905],[-63.54232,-28.96915],[-63.55092,-28.98346],[-63.56593,-28.96798],[-63.57889,-28.97820],[-63.59577,-28.94837],[-63.62620,-28.94952],[-63.64993,-28.92970],[-63.66338,-28.93861],[-63.59289,-28.87625],[-63.65862,-28.79368],[-63.55260,-28.72876],[-63.56389,-28.71293],[-63.58399,-28.72424],[-63.62247,-28.67323],[-63.58154,-28.64822],[-63.60138,-28.62649],[-63.53080,-28.59514],[-63.52366,-28.56891],[-63.47513,-28.57644],[-63.46701,-28.54248],[-63.38374,-28.55559],[-63.39260,-28.60456],[-63.35390,-28.58721],[-63.35397,-28.60698],[-63.31337,-28.60708],[-63.31340,-28.63699],[-63.22701,-28.63716],[-63.24243,-28.74058],[-63.11083,-28.76540],[-63.11084,-28.81170],[-63.06784,-28.81157]]]}},{"type":"Feature","properties":{"departamento": "Pellegrini", "provincia": "Santiago del Estero", "hechos": 227, "nivel": "bajo"},"geometry":{"type":"Polygon","coordinates":[[[-63.91841,-25.68214],[-63.89262,-25.71511],[-63.89677,-25.73368],[-63.87767,-25.77375],[-63.83867,-25.78970],[-63.84624,-25.82054],[-63.83031,-25.84684],[-63.78560,-25.88024],[-63.77869,-25.90195],[-63.78810,-25.90317],[-63.79157,-25.92992],[-63.78364,-25.91538],[-63.76468,-25.91520],[-63.75345,-25.94713],[-63.74603,-25.93767],[-63.74799,-25.95126],[-63.73486,-25.95558],[-63.74527,-25.96672],[-63.72757,-25.96837],[-63.73159,-26.00957],[-63.71170,-26.01363],[-63.71831,-26.01799],[-63.71332,-26.02283],[-63.69949,-26.01709],[-63.69019,-26.03414],[-63.70542,-26.06381],[-63.69352,-26.06840],[-63.70510,-26.10987],[-63.76416,-26.19752],[-63.75829,-26.22848],[-63.77370,-26.26456],[-63.76159,-26.31838],[-63.72073,-26.37626],[-63.72040,-26.40949],[-63.69234,-26.47867],[-63.76816,-26.47828],[-63.80177,-26.64129],[-63.86903,-26.64501],[-63.87728,-26.72125],[-63.98047,-26.72126],[-64.16242,-26.69707],[-64.15607,-26.65223],[-64.26357,-26.63445],[-64.26378,-26.60611],[-64.28197,-26.60594],[-64.28207,-26.56861],[-64.41708,-26.56595],[-64.41719,-26.55397],[-64.52080,-26.54796],[-64.51635,-26.48926],[-64.53155,-26.37866],[-64.48179,-26.30759],[-64.50210,-26.23948],[-64.41668,-26.11430],[-64.40362,-26.04841],[-64.41301,-26.04048],[-64.26797,-25.70057],[-64.19750,-25.70946],[-64.19628,-25.72800],[-64.02555,-25.75394],[-64.00784,-25.67377],[-63.91841,-25.68214]]]}},{"type":"Feature","properties":{"departamento": "Avellaneda", "provincia": "Santiago del Estero", "hechos": 81, "nivel": "bajo"},"geometry":{"type":"Polygon","coordinates":[[[-63.10967,-28.32723],[-63.04079,-28.40760],[-62.91435,-28.46049],[-62.87894,-28.50730],[-62.88223,-28.56513],[-62.75337,-28.63244],[-62.71421,-28.70912],[-62.69797,-28.79380],[-62.67236,-28.80971],[-62.68234,-28.81566],[-62.65838,-28.81030],[-62.67595,-28.81985],[-62.65990,-28.83243],[-62.66622,-28.84671],[-62.65516,-28.84707],[-62.65451,-28.86273],[-62.89455,-28.86298],[-62.89452,-28.89166],[-63.06807,-28.89184],[-63.06784,-28.81157],[-63.11084,-28.81170],[-63.11083,-28.76540],[-63.24243,-28.74058],[-63.22701,-28.63716],[-63.31340,-28.63699],[-63.31337,-28.60708],[-63.35397,-28.60698],[-63.35390,-28.58721],[-63.39260,-28.60456],[-63.38374,-28.55559],[-63.46701,-28.54248],[-63.47513,-28.57644],[-63.52366,-28.56891],[-63.53080,-28.59514],[-63.60138,-28.62649],[-63.69728,-28.54874],[-63.68985,-28.51885],[-63.71480,-28.52979],[-63.77691,-28.47942],[-63.76696,-28.44612],[-63.78181,-28.45056],[-63.78646,-28.43573],[-63.69406,-28.37950],[-63.71110,-28.37161],[-63.70989,-28.34840],[-63.63577,-28.35124],[-63.61154,-28.25462],[-63.62852,-28.25181],[-63.61683,-28.19896],[-63.58086,-28.20504],[-63.57864,-28.24210],[-63.51287,-28.25658],[-63.46734,-28.25524],[-63.45969,-28.21236],[-63.36158,-28.31703],[-63.33395,-28.32988],[-63.23093,-28.34934],[-63.22829,-28.32733],[-63.10967,-28.32723]]]}},{"type":"Feature","properties":{"departamento": "Moreno", "provincia": "Santiago del Estero", "hechos": 395, "nivel": "bajo"},"geometry":{"type":"Polygon","coordinates":[[[-62.06482,-26.78988],[-62.06466,-26.80943],[-61.71256,-26.80911],[-61.71190,-27.79718],[-62.23142,-27.79047],[-62.23198,-27.81988],[-62.57057,-27.81761],[-62.57026,-27.79925],[-62.67444,-27.79818],[-62.67418,-27.82027],[-62.88430,-27.81976],[-62.88434,-27.77760],[-62.94818,-27.77526],[-62.94857,-27.75146],[-63.22350,-27.72803],[-63.22855,-27.69995],[-63.21732,-27.70200],[-63.18390,-27.54746],[-63.24161,-27.53651],[-63.23242,-27.50005],[-63.26295,-27.49675],[-63.25218,-27.44344],[-63.20253,-27.43903],[-63.20800,-27.32150],[-63.25520,-27.31209],[-63.22220,-27.14949],[-63.25724,-27.14956],[-63.25701,-27.10859],[-63.24082,-27.10850],[-63.24121,-27.03068],[-63.23117,-27.03070],[-63.23112,-27.00659],[-63.24074,-27.00658],[-63.23406,-26.87807],[-63.21178,-26.87810],[-63.21185,-26.84176],[-63.23343,-26.84172],[-63.23359,-26.79424],[-62.92930,-26.79374],[-62.92848,-26.82026],[-62.50402,-26.83267],[-62.50422,-26.78722],[-62.06482,-26.78988]]]}},{"type":"Feature","properties":{"departamento": "Chacabuco", "provincia": "Chaco", "hechos": 464, "nivel": "bajo"},"geometry":{"type":"Polygon","coordinates":[[[-61.71250,-26.75508],[-60.82080,-27.37018],[-60.90942,-27.39985],[-60.99717,-27.40012],[-60.99721,-27.41770],[-61.71268,-26.92820],[-61.71250,-26.75508]]]}},{"type":"Feature","properties":{"departamento": "Silípica", "provincia": "Santiago del Estero", "hechos": 44, "nivel": "bajo"},"geometry":{"type":"Polygon","coordinates":[[[-64.10977,-27.97260],[-64.06010,-28.09434],[-64.06254,-28.19603],[-64.07785,-28.24698],[-64.17811,-28.28259],[-64.18860,-28.30629],[-64.26310,-28.34079],[-64.49071,-28.37133],[-64.48163,-28.33116],[-64.55109,-28.31879],[-64.54939,-28.31033],[-64.51237,-28.31655],[-64.48410,-28.18979],[-64.45151,-28.19596],[-64.43493,-28.11614],[-64.40185,-28.12180],[-64.41435,-28.06252],[-64.24531,-28.09353],[-64.22179,-27.99076],[-64.10360,-27.96532],[-64.10977,-27.97260]]]}},{"type":"Feature","properties":{"departamento": "Castro Barros", "provincia": "La Rioja", "hechos": 29, "nivel": "bajo"},"geometry":{"type":"Polygon","coordinates":[[[-66.73471,-28.85231],[-66.77542,-29.04904],[-66.79973,-29.07145],[-66.83217,-29.15159],[-66.86219,-29.17443],[-66.94329,-29.10899],[-66.96254,-29.00922],[-67.04443,-28.97111],[-67.14218,-28.84817],[-67.06866,-28.71863],[-67.06469,-28.65265],[-67.02319,-28.63577],[-67.01192,-28.60378],[-66.83662,-28.62795],[-66.73471,-28.85231]]]}},{"type":"Feature","properties":{"departamento": "Los Andes", "provincia": "Salta", "hechos": 28, "nivel": "bajo"},"geometry":{"type":"Polygon","coordinates":[[[-66.56158,-25.30003],[-66.87927,-25.24173],[-67.86460,-25.23840],[-68.50703,-25.16833],[-68.47157,-25.15035],[-68.45975,-25.12566],[-68.44530,-25.13399],[-68.43770,-25.12279],[-68.41022,-25.14526],[-68.34424,-25.11077],[-68.36707,-25.08243],[-68.37820,-25.03245],[-68.40702,-25.03033],[-68.41680,-24.99409],[-68.40866,-24.97274],[-68.42938,-24.95646],[-68.43986,-24.91921],[-68.43254,-24.90595],[-68.48421,-24.89728],[-68.49295,-24.87606],[-68.52005,-24.87347],[-68.53802,-24.81734],[-68.56867,-24.79436],[-68.56199,-24.76302],[-68.49263,-24.66538],[-68.48772,-24.64009],[-68.50333,-24.61816],[-68.49571,-24.60008],[-68.46792,-24.62366],[-68.45146,-24.60309],[-68.43487,-24.60675],[-68.38787,-24.48416],[-68.30851,-24.49180],[-68.29722,-24.45552],[-68.26839,-24.43480],[-68.26087,-24.40283],[-67.32262,-24.03416],[-67.21305,-23.69492],[-66.99284,-23.88991],[-66.94112,-23.98404],[-66.91515,-23.97024],[-66.88064,-23.97439],[-66.83737,-24.07074],[-66.79737,-24.09637],[-66.74574,-24.08923],[-66.72646,-24.12231],[-66.67864,-24.14206],[-66.64628,-24.17251],[-66.55871,-24.18727],[-66.54363,-24.20764],[-66.50580,-24.19740],[-66.48336,-24.21300],[-66.46901,-24.19845],[-66.47876,-24.18346],[-66.42249,-24.16395],[-66.41425,-24.12868],[-66.38178,-24.12778],[-66.36229,-24.08736],[-66.37018,-24.05009],[-66.33945,-23.98435],[-66.36288,-23.98346],[-66.36814,-23.97191],[-66.35990,-23.91234],[-66.15479,-24.01612],[-66.23653,-24.43778],[-66.50210,-24.24271],[-66.50664,-24.25504],[-66.50996,-24.29521],[-66.48742,-24.34055],[-66.48783,-24.37710],[-66.41132,-24.41727],[-66.40198,-24.47442],[-66.36064,-24.53867],[-66.35886,-24.56433],[-66.36772,-24.60715],[-66.38927,-24.62213],[-66.41715,-24.67428],[-66.40861,-24.69964],[-66.42567,-24.74734],[-66.40885,-24.77385],[-66.40400,-24.82356],[-66.41176,-24.81258],[-66.53692,-24.85054],[-66.59635,-24.93681],[-66.59333,-24.99694],[-66.62363,-25.05022],[-66.60901,-25.06320],[-66.62650,-25.12526],[-66.62065,-25.14217],[-66.54496,-25.18090],[-66.53731,-25.20312],[-66.55159,-25.22750],[-66.53705,-25.26564],[-66.56158,-25.30003]]]}},{"type":"Feature","properties":{"departamento": "Garay", "provincia": "Santa Fe", "hechos": 468, "nivel": "bajo"},"geometry":{"type":"Polygon","coordinates":[[[-60.20550,-30.65072],[-59.63618,-30.70214],[-59.63269,-30.71130],[-59.65417,-30.74091],[-59.69939,-30.76907],[-59.70487,-30.81738],[-59.73485,-30.87662],[-59.81818,-30.94250],[-59.87793,-31.05621],[-59.92544,-31.10505],[-59.96338,-31.11987],[-60.00269,-31.23859],[-60.02551,-31.25909],[-60.10559,-31.28992],[-60.10938,-31.30408],[-60.08691,-31.33978],[-60.09607,-31.37061],[-60.13843,-31.41339],[-60.14349,-31.44360],[-60.21497,-31.47043],[-60.23353,-31.52231],[-60.25785,-31.53573],[-60.30189,-31.53419],[-60.34345,-31.49750],[-60.38039,-31.51577],[-60.39580,-31.50638],[-60.39085,-31.49646],[-60.47844,-31.49349],[-60.49352,-31.47832],[-60.50679,-31.48458],[-60.51082,-31.46899],[-60.55791,-31.45893],[-60.50250,-31.41872],[-60.50922,-31.38621],[-60.47369,-31.33949],[-60.49805,-31.30113],[-60.45523,-31.26075],[-60.46503,-31.24939],[-60.44769,-31.21972],[-60.45433,-31.20396],[-60.44277,-31.19669],[-60.44110,-31.16743],[-60.36798,-31.13826],[-60.35672,-31.12396],[-60.36914,-31.11544],[-60.35769,-31.08719],[-60.32061,-31.04199],[-60.33230,-31.01644],[-60.31307,-30.99502],[-60.31879,-30.98592],[-60.29992,-30.97619],[-60.30361,-30.92833],[-60.28567,-30.91432],[-60.28459,-30.85810],[-60.27585,-30.84972],[-60.25031,-30.86446],[-60.25597,-30.76888],[-60.24168,-30.76253],[-60.24766,-30.74174],[-60.20869,-30.68353],[-60.20550,-30.65072]]]}},{"type":"Feature","properties":{"departamento": "Belgrano", "provincia": "Santa Fe", "hechos": 612, "nivel": "bajo"},"geometry":{"type":"Polygon","coordinates":[[[-61.91242,-32.30722],[-61.43769,-32.39380],[-61.48478,-32.57709],[-61.47129,-32.57957],[-61.53283,-32.84663],[-61.51828,-32.84910],[-61.64242,-32.88326],[-61.71288,-33.09051],[-61.74735,-33.07104],[-61.79452,-33.01918],[-61.79100,-32.95841],[-61.77155,-32.90147],[-61.79224,-32.87723],[-61.77769,-32.83040],[-61.79570,-32.77397],[-61.82840,-32.75451],[-61.85799,-32.69455],[-61.90741,-32.69575],[-61.94663,-32.67848],[-61.94617,-32.65103],[-61.89041,-32.61445],[-61.89074,-32.59197],[-61.92243,-32.59321],[-61.92597,-32.58300],[-61.90248,-32.56862],[-61.90505,-32.55255],[-61.93057,-32.54451],[-61.91207,-32.52647],[-61.91451,-32.49466],[-62.01228,-32.34552],[-61.90374,-32.32746],[-61.91242,-32.30722]]]}},{"type":"Feature","properties":{"departamento": "San Jerónimo", "provincia": "Santa Fe", "hechos": 1408, "nivel": "bajo"},"geometry":{"type":"Polygon","coordinates":[[[-60.81940,-31.79272],[-60.82956,-31.84697],[-60.84098,-31.85362],[-60.82625,-31.88094],[-60.76201,-31.86924],[-60.75301,-31.87809],[-60.73125,-31.86571],[-60.74759,-31.90854],[-60.72066,-31.98521],[-60.65808,-32.05072],[-60.65855,-32.08016],[-60.70038,-32.14977],[-60.67261,-32.23260],[-60.67902,-32.31953],[-60.71899,-32.33404],[-60.71162,-32.39305],[-60.72382,-32.45612],[-60.74078,-32.47699],[-60.79244,-32.49906],[-60.80203,-32.44195],[-60.82163,-32.45872],[-60.86764,-32.45161],[-60.89669,-32.46746],[-61.19276,-32.43885],[-61.49521,-32.38326],[-61.44804,-32.19997],[-61.39194,-32.21025],[-61.35535,-32.08273],[-61.37805,-31.98914],[-61.34775,-31.86659],[-61.39277,-31.85797],[-61.39001,-31.84666],[-61.35472,-31.82982],[-61.29830,-31.84015],[-61.30078,-31.83188],[-61.19594,-31.85182],[-61.18336,-31.88240],[-61.17020,-31.83135],[-60.99319,-31.86432],[-60.97823,-31.80027],[-60.85304,-31.82109],[-60.83045,-31.78633],[-60.81940,-31.79272]]]}},{"type":"Feature","properties":{"departamento": "Capital", "provincia": "Misiones", "hechos": 6071, "nivel": "medio"},"geometry":{"type":"MultiPolygon","coordinates":[[[[-56.00675,-27.33967],[-55.97549,-27.35563],[-55.89635,-27.34272],[-55.83891,-27.40748],[-55.80378,-27.42262],[-55.79463,-27.43412],[-55.81884,-27.47421],[-55.78719,-27.49338],[-55.78763,-27.55626],[-55.80605,-27.56878],[-55.80132,-27.57770],[-55.72695,-27.58919],[-55.72438,-27.60784],[-55.68245,-27.60264],[-55.67856,-27.59127],[-55.65833,-27.63992],[-55.61269,-27.64528],[-55.62222,-27.71428],[-55.66435,-27.71076],[-55.67008,-27.75042],[-55.70364,-27.74434],[-55.72816,-27.71383],[-55.75314,-27.71699],[-55.77495,-27.69039],[-55.77952,-27.73304],[-55.85118,-27.75785],[-55.97890,-27.54020],[-56.02664,-27.50728],[-56.05461,-27.45095],[-56.05542,-27.42069],[-56.03694,-27.41519],[-56.04322,-27.40499],[-56.02889,-27.38285],[-56.03933,-27.34588],[-56.02426,-27.32426],[-56.00675,-27.33967]]],[[[-55.94710,-27.33524],[-55.92889,-27.33834],[-55.96036,-27.34187],[-55.94710,-27.33524]]],[[[-56.00510,-27.33742],[-55.99713,-27.33860],[-55.99620,-27.34027],[-56.00510,-27.33742]]]]}},{"type":"Feature","properties":{"departamento": "Sanagasta", "provincia": "La Rioja", "hechos": 37, "nivel": "bajo"},"geometry":{"type":"Polygon","coordinates":[[[-66.86219,-29.17443],[-66.88380,-29.20069],[-66.89809,-29.25440],[-66.92942,-29.28646],[-66.94820,-29.36106],[-67.02968,-29.42735],[-67.07874,-29.42298],[-67.13924,-29.33232],[-67.15063,-29.29551],[-67.18092,-29.27452],[-67.22275,-29.17046],[-67.21868,-29.13667],[-67.19910,-29.11339],[-67.21743,-29.04728],[-67.21028,-28.97514],[-67.14218,-28.84817],[-67.04443,-28.97111],[-66.96254,-29.00922],[-66.94329,-29.10899],[-66.86219,-29.17443]]]}},{"type":"Feature","properties":{"departamento": "San Ignacio", "provincia": "Misiones", "hechos": 644, "nivel": "bajo"},"geometry":{"type":"Polygon","coordinates":[[[-55.25492,-26.93760],[-55.19820,-26.99049],[-55.20727,-26.99938],[-55.17669,-26.99910],[-55.18306,-27.01988],[-55.14975,-27.06093],[-55.09950,-27.05776],[-55.10162,-27.18656],[-55.13667,-27.18623],[-55.13577,-27.28529],[-55.18605,-27.29448],[-55.19467,-27.32305],[-55.21448,-27.32456],[-55.21523,-27.31551],[-55.21732,-27.32991],[-55.24219,-27.32925],[-55.25447,-27.34343],[-55.27217,-27.33597],[-55.27795,-27.36145],[-55.29141,-27.36140],[-55.28019,-27.37141],[-55.28506,-27.38525],[-55.29785,-27.38593],[-55.28254,-27.39258],[-55.29049,-27.40928],[-55.30582,-27.40607],[-55.31170,-27.38298],[-55.32510,-27.40342],[-55.34657,-27.40467],[-55.36322,-27.40040],[-55.34774,-27.39559],[-55.35628,-27.38164],[-55.38785,-27.39010],[-55.38067,-27.37890],[-55.39495,-27.38191],[-55.40368,-27.36925],[-55.41698,-27.38229],[-55.40912,-27.38944],[-55.43490,-27.38049],[-55.43684,-27.39630],[-55.48043,-27.36470],[-55.49042,-27.36958],[-55.49351,-27.34919],[-55.47944,-27.34179],[-55.48632,-27.32199],[-55.47609,-27.32164],[-55.48783,-27.30518],[-55.50041,-27.31165],[-55.50566,-27.29828],[-55.52866,-27.29475],[-55.51961,-27.28030],[-55.58763,-27.31333],[-55.60239,-27.28462],[-55.57439,-27.27095],[-55.57469,-27.24746],[-55.61159,-27.21300],[-55.61876,-27.18718],[-55.60773,-27.16130],[-55.56112,-27.16095],[-55.56132,-27.10132],[-55.45554,-27.10625],[-55.44574,-27.02538],[-55.37574,-26.96617],[-55.30666,-26.96388],[-55.25492,-26.93760]]]}},{"type":"Feature","properties":{"departamento": "Candelaria", "provincia": "Misiones", "hechos": 526, "nivel": "bajo"},"geometry":{"type":"Polygon","coordinates":[[[-55.51681,-27.28745],[-55.52945,-27.29373],[-55.50566,-27.29828],[-55.50041,-27.31165],[-55.48783,-27.30518],[-55.47609,-27.32164],[-55.48632,-27.32199],[-55.47944,-27.34179],[-55.49541,-27.36552],[-55.46299,-27.37340],[-55.44738,-27.39319],[-55.43270,-27.39592],[-55.43490,-27.38049],[-55.40935,-27.38962],[-55.41698,-27.38229],[-55.40368,-27.36925],[-55.39495,-27.38191],[-55.38067,-27.37890],[-55.38785,-27.39010],[-55.35628,-27.38164],[-55.34774,-27.39559],[-55.36322,-27.40040],[-55.34657,-27.40467],[-55.32510,-27.40342],[-55.31128,-27.38311],[-55.30582,-27.40607],[-55.28248,-27.41459],[-55.50040,-27.53932],[-55.51718,-27.51617],[-55.57777,-27.55109],[-55.56110,-27.57490],[-55.64167,-27.62761],[-55.66227,-27.62093],[-55.67856,-27.59127],[-55.68245,-27.60264],[-55.72438,-27.60784],[-55.72695,-27.58919],[-55.79707,-27.58240],[-55.80605,-27.56878],[-55.78763,-27.55626],[-55.78719,-27.49338],[-55.81884,-27.47421],[-55.79558,-27.43510],[-55.73277,-27.44311],[-55.68103,-27.37698],[-55.59614,-27.33916],[-55.58763,-27.31333],[-55.56249,-27.29776],[-55.52309,-27.28027],[-55.51681,-27.28745]]]}},{"type":"Feature","properties":{"departamento": "Montecarlo", "provincia": "Misiones", "hechos": 405, "nivel": "bajo"},"geometry":{"type":"Polygon","coordinates":[[[-54.70262,-26.45530],[-54.65741,-26.45637],[-54.67015,-26.47061],[-54.63061,-26.51290],[-54.62216,-26.50796],[-54.62903,-26.48963],[-54.60380,-26.50376],[-54.60460,-26.48480],[-54.58740,-26.48518],[-54.58511,-26.46689],[-54.56661,-26.47104],[-54.55597,-26.45668],[-54.55494,-26.48218],[-54.53609,-26.47535],[-54.53879,-26.48973],[-54.52645,-26.48573],[-54.51573,-26.50694],[-54.49127,-26.49713],[-54.48634,-26.51974],[-54.45655,-26.51126],[-54.44284,-26.52445],[-54.44410,-26.50222],[-54.42769,-26.51383],[-54.41330,-26.49701],[-54.41022,-26.52903],[-54.40502,-26.50588],[-54.38491,-26.50679],[-54.36697,-26.47276],[-54.36824,-26.49630],[-54.34597,-26.48403],[-54.34915,-26.50444],[-54.32862,-26.50226],[-54.33855,-26.49067],[-54.31236,-26.48773],[-54.30501,-26.50061],[-54.29688,-26.48700],[-54.27724,-26.50510],[-54.27798,-26.48112],[-54.26885,-26.48324],[-54.26686,-26.63953],[-54.42611,-26.73624],[-54.43440,-26.73108],[-54.54376,-26.83188],[-54.52392,-26.85397],[-54.56831,-26.89465],[-54.56588,-26.91418],[-54.66488,-26.95461],[-54.80155,-26.64953],[-54.78419,-26.61467],[-54.80772,-26.56096],[-54.80054,-26.53612],[-54.70262,-26.45530]]]}},{"type":"Feature","properties":{"departamento": "Cainguás", "provincia": "Misiones", "hechos": 554, "nivel": "bajo"},"geometry":{"type":"Polygon","coordinates":[[[-54.61288,-26.93342],[-54.54188,-27.09131],[-54.49895,-27.09077],[-54.48895,-27.10904],[-54.48655,-27.12936],[-54.49561,-27.13149],[-54.48612,-27.14204],[-54.50304,-27.15526],[-54.49389,-27.17641],[-54.51345,-27.17589],[-54.50430,-27.19246],[-54.52892,-27.20960],[-54.51841,-27.22348],[-54.52747,-27.22625],[-54.51096,-27.22538],[-54.52557,-27.23483],[-54.52050,-27.24925],[-54.50713,-27.24787],[-54.51249,-27.26129],[-54.59406,-27.26854],[-54.59870,-27.26031],[-54.58145,-27.25380],[-54.60505,-27.24012],[-54.59277,-27.21945],[-54.62614,-27.21158],[-54.60265,-27.17895],[-54.60933,-27.16353],[-54.71683,-27.16300],[-54.70131,-27.21574],[-54.83543,-27.24826],[-54.83264,-27.26502],[-54.81789,-27.26796],[-54.83447,-27.27728],[-54.81521,-27.31322],[-54.83256,-27.31888],[-54.81232,-27.33949],[-54.82246,-27.34554],[-54.81564,-27.35944],[-54.83371,-27.35660],[-54.82043,-27.38488],[-54.83418,-27.38722],[-54.92522,-27.35250],[-54.93801,-27.37059],[-55.07827,-27.19096],[-55.10155,-27.18235],[-55.09957,-27.06260],[-55.01208,-27.06210],[-54.96764,-27.10234],[-54.89840,-27.08559],[-54.88521,-27.07664],[-54.88303,-27.00550],[-54.90185,-26.98966],[-54.88625,-26.98152],[-54.84542,-26.99553],[-54.81453,-26.98921],[-54.81381,-27.00312],[-54.78667,-27.00792],[-54.76065,-27.05174],[-54.74229,-27.05073],[-54.72765,-27.04543],[-54.75685,-26.94665],[-54.72010,-26.93644],[-54.70296,-26.97934],[-54.65989,-26.96685],[-54.66488,-26.95461],[-54.61288,-26.93342]]]}},{"type":"Feature","properties":{"departamento": "Oberá", "provincia": "Misiones", "hechos": 1463, "nivel": "bajo"},"geometry":{"type":"Polygon","coordinates":[[[-55.13667,-27.18623],[-55.07827,-27.19096],[-54.93801,-27.37059],[-54.91677,-27.36445],[-54.90740,-27.38543],[-54.92424,-27.40922],[-54.91377,-27.43403],[-54.92529,-27.43774],[-54.92775,-27.45824],[-54.89884,-27.47541],[-54.91017,-27.49082],[-54.86460,-27.51020],[-54.87871,-27.52023],[-54.86012,-27.53261],[-54.85935,-27.55168],[-54.88261,-27.55383],[-54.87833,-27.56505],[-54.85190,-27.56704],[-54.87255,-27.58567],[-54.85995,-27.60337],[-54.87092,-27.61293],[-54.84630,-27.61941],[-54.90505,-27.63865],[-54.90281,-27.72102],[-54.94420,-27.77623],[-54.97802,-27.77076],[-54.97655,-27.75867],[-54.99862,-27.74847],[-55.03665,-27.66146],[-55.07602,-27.61851],[-55.18289,-27.62194],[-55.25818,-27.56177],[-55.23641,-27.54557],[-55.25368,-27.52167],[-55.22723,-27.51524],[-55.28038,-27.49973],[-55.30195,-27.46502],[-55.33135,-27.47935],[-55.33162,-27.46571],[-55.36634,-27.46159],[-55.28248,-27.41459],[-55.28254,-27.39258],[-55.29785,-27.38593],[-55.28506,-27.38525],[-55.28019,-27.37141],[-55.29141,-27.36140],[-55.27795,-27.36145],[-55.27217,-27.33597],[-55.25447,-27.34343],[-55.24219,-27.32925],[-55.21732,-27.32991],[-55.21523,-27.31551],[-55.21448,-27.32456],[-55.19467,-27.32305],[-55.18605,-27.29448],[-55.13577,-27.28529],[-55.13667,-27.18623]]]}},{"type":"Feature","properties":{"departamento": "25 de Mayo", "provincia": "Misiones", "hechos": 180, "nivel": "bajo"},"geometry":{"type":"Polygon","coordinates":[[[-54.33999,-27.40382],[-54.33867,-27.46220],[-54.35334,-27.46627],[-54.41316,-27.40652],[-54.43354,-27.42308],[-54.46987,-27.42772],[-54.44225,-27.46188],[-54.44635,-27.47416],[-54.50428,-27.48183],[-54.53019,-27.50656],[-54.55889,-27.46501],[-54.58166,-27.45341],[-54.62228,-27.54204],[-54.64221,-27.54446],[-54.65868,-27.51092],[-54.67791,-27.51025],[-54.67577,-27.57288],[-54.74296,-27.56227],[-54.77447,-27.58511],[-54.79403,-27.53747],[-54.80937,-27.53094],[-54.84630,-27.61941],[-54.86723,-27.61711],[-54.85995,-27.60337],[-54.87255,-27.58567],[-54.85190,-27.56704],[-54.87833,-27.56505],[-54.88261,-27.55383],[-54.85935,-27.55168],[-54.86012,-27.53261],[-54.87871,-27.52023],[-54.86460,-27.51020],[-54.91017,-27.49082],[-54.89884,-27.47541],[-54.92775,-27.45824],[-54.92529,-27.43774],[-54.91377,-27.43403],[-54.92424,-27.40922],[-54.90736,-27.38506],[-54.92688,-27.35490],[-54.82072,-27.38536],[-54.83386,-27.35715],[-54.81564,-27.35944],[-54.82246,-27.34554],[-54.81232,-27.33949],[-54.83276,-27.31744],[-54.81525,-27.31261],[-54.83447,-27.27728],[-54.81744,-27.27004],[-54.83321,-27.26436],[-54.83543,-27.24826],[-54.70131,-27.21574],[-54.71683,-27.16300],[-54.60933,-27.16353],[-54.60265,-27.17895],[-54.62614,-27.21158],[-54.59277,-27.21945],[-54.60524,-27.23947],[-54.58162,-27.25337],[-54.59898,-27.26077],[-54.58410,-27.27512],[-54.35184,-27.23287],[-54.35815,-27.24546],[-54.34754,-27.25348],[-54.36375,-27.25264],[-54.32206,-27.29797],[-54.33169,-27.29892],[-54.32724,-27.30962],[-54.31350,-27.31196],[-54.31595,-27.35357],[-54.29461,-27.36176],[-54.32059,-27.37364],[-54.28734,-27.38354],[-54.31576,-27.39195],[-54.29493,-27.39876],[-54.29553,-27.41229],[-54.33999,-27.40382]]]}},{"type":"Feature","properties":{"departamento": "Leandro N. Alem", "provincia": "Misiones", "hechos": 382, "nivel": "bajo"},"geometry":{"type":"Polygon","coordinates":[[[-55.35467,-27.45837],[-55.33126,-27.46595],[-55.33135,-27.47935],[-55.30195,-27.46502],[-55.28038,-27.49973],[-55.22706,-27.51542],[-55.25368,-27.52167],[-55.23641,-27.54557],[-55.25818,-27.56177],[-55.18289,-27.62194],[-55.17296,-27.61639],[-55.16584,-27.69818],[-55.19147,-27.70022],[-55.18857,-27.73289],[-55.27313,-27.74475],[-55.29063,-27.73299],[-55.33167,-27.78536],[-55.50256,-27.76274],[-55.49535,-27.70906],[-55.61846,-27.69655],[-55.61269,-27.64528],[-55.65833,-27.63992],[-55.66227,-27.62093],[-55.64167,-27.62761],[-55.56110,-27.57490],[-55.57777,-27.55109],[-55.51718,-27.51617],[-55.50040,-27.53932],[-55.35467,-27.45837]]]}},{"type":"Feature","properties":{"departamento": "San Javier", "provincia": "Misiones", "hechos": 118, "nivel": "bajo"},"geometry":{"type":"Polygon","coordinates":[[[-55.07602,-27.61851],[-55.03665,-27.66146],[-55.00517,-27.73931],[-54.97629,-27.75930],[-55.00828,-27.79762],[-55.05593,-27.77005],[-55.08394,-27.78597],[-55.08304,-27.79705],[-55.02874,-27.82805],[-55.02626,-27.85047],[-55.03991,-27.85746],[-55.08856,-27.84233],[-55.11587,-27.85047],[-55.13438,-27.89615],[-55.17145,-27.86108],[-55.19720,-27.85713],[-55.26421,-27.92889],[-55.31667,-27.92260],[-55.37116,-27.77680],[-55.33167,-27.78536],[-55.29063,-27.73299],[-55.27313,-27.74475],[-55.18857,-27.73289],[-55.19147,-27.70022],[-55.16584,-27.69818],[-55.17225,-27.62535],[-55.07602,-27.61851]]]}},{"type":"Feature","properties":{"departamento": "Concepción", "provincia": "Misiones", "hechos": 111, "nivel": "bajo"},"geometry":{"type":"Polygon","coordinates":[[[-55.31667,-27.92260],[-55.34163,-27.96854],[-55.38356,-27.98119],[-55.37046,-28.02845],[-55.42278,-28.06097],[-55.44498,-28.09721],[-55.49125,-28.07717],[-55.51310,-28.11387],[-55.54009,-28.12285],[-55.55317,-28.16165],[-55.58777,-28.14614],[-55.59125,-28.10451],[-55.57877,-28.10668],[-55.56218,-28.08260],[-55.55497,-28.03965],[-55.56539,-27.96418],[-55.57833,-27.94511],[-55.63297,-27.94432],[-55.55737,-27.83472],[-55.52432,-27.76112],[-55.37116,-27.77680],[-55.31667,-27.92260]]]}},{"type":"Feature","properties":{"departamento": "Apóstoles", "provincia": "Misiones", "hechos": 454, "nivel": "bajo"},"geometry":{"type":"Polygon","coordinates":[[[-55.77495,-27.69039],[-55.75314,-27.71699],[-55.72497,-27.71595],[-55.70364,-27.74434],[-55.67008,-27.75042],[-55.66435,-27.71076],[-55.62222,-27.71428],[-55.61846,-27.69655],[-55.49535,-27.70906],[-55.50256,-27.76274],[-55.52432,-27.76112],[-55.55737,-27.83472],[-55.63297,-27.94432],[-55.57833,-27.94511],[-55.55556,-28.02497],[-55.56218,-28.08260],[-55.57877,-28.10668],[-55.59125,-28.10451],[-55.58820,-28.11869],[-55.61161,-28.11849],[-55.62024,-28.13754],[-55.71242,-28.08832],[-55.71672,-28.06127],[-55.75803,-28.06081],[-55.74943,-28.02710],[-55.82439,-27.94845],[-55.81359,-27.92102],[-55.83176,-27.90413],[-55.82712,-27.85460],[-55.84630,-27.83244],[-55.82554,-27.79166],[-55.85118,-27.75785],[-55.77952,-27.73304],[-55.77495,-27.69039]]]}},{"type":"Feature","properties":{"departamento": "Guaraní", "provincia": "Misiones", "hechos": 586, "nivel": "bajo"},"geometry":{"type":"Polygon","coordinates":[[[-54.18788,-26.66693],[-54.21610,-26.69898],[-54.24124,-26.70305],[-54.24174,-26.72498],[-54.26491,-26.74665],[-54.25238,-26.77940],[-54.23570,-26.78780],[-54.23936,-26.80450],[-54.13920,-26.74795],[-54.14088,-26.76310],[-54.12333,-26.77298],[-54.13502,-26.78586],[-54.11930,-26.80000],[-54.12732,-26.80960],[-54.09846,-26.81560],[-54.10352,-26.84036],[-54.08642,-26.84123],[-54.09693,-26.86231],[-54.07571,-26.87008],[-54.07625,-26.88977],[-54.06405,-26.87585],[-54.04737,-26.88190],[-54.04939,-26.90284],[-54.02206,-26.90315],[-54.00701,-26.93333],[-54.03454,-26.94362],[-54.01368,-26.96254],[-54.01625,-26.97994],[-54.02797,-26.98136],[-54.01964,-26.99260],[-53.99664,-26.98340],[-53.99680,-27.00917],[-54.01867,-27.00852],[-54.00344,-27.02571],[-53.97593,-27.01910],[-53.96710,-27.05185],[-53.93613,-27.03549],[-53.94505,-27.06422],[-53.92420,-27.06030],[-53.92032,-27.04376],[-53.90799,-27.07001],[-53.88421,-27.05805],[-53.90212,-27.07951],[-53.88883,-27.09196],[-53.90786,-27.09652],[-53.87550,-27.10995],[-53.92418,-27.12339],[-53.89635,-27.13575],[-53.95539,-27.15523],[-53.96272,-27.19761],[-54.00843,-27.19929],[-54.02005,-27.24675],[-54.05513,-27.26366],[-54.08043,-27.29818],[-54.15412,-27.29688],[-54.15725,-27.26184],[-54.17699,-27.25767],[-54.21475,-27.38352],[-54.26279,-27.39876],[-54.26779,-27.43705],[-54.28935,-27.44790],[-54.31942,-27.41106],[-54.29553,-27.41229],[-54.29493,-27.39876],[-54.31576,-27.39195],[-54.28734,-27.38354],[-54.32059,-27.37364],[-54.29461,-27.36176],[-54.31595,-27.35357],[-54.31350,-27.31196],[-54.32724,-27.30962],[-54.33169,-27.29892],[-54.32206,-27.29797],[-54.36375,-27.25264],[-54.34754,-27.25348],[-54.35815,-27.24546],[-54.35184,-27.23287],[-54.51249,-27.26129],[-54.50713,-27.24787],[-54.52200,-27.24793],[-54.52544,-27.23455],[-54.51096,-27.22538],[-54.52747,-27.22625],[-54.51841,-27.22348],[-54.52831,-27.20601],[-54.50430,-27.19246],[-54.51345,-27.17589],[-54.49389,-27.17641],[-54.50304,-27.15526],[-54.48996,-27.15342],[-54.48648,-27.11735],[-54.49895,-27.09077],[-54.54188,-27.09131],[-54.61288,-26.93342],[-54.56588,-26.91418],[-54.56831,-26.89465],[-54.52392,-26.85397],[-54.54376,-26.83188],[-54.43440,-26.73108],[-54.42611,-26.73624],[-54.26686,-26.63953],[-54.18788,-26.66693]]]}},{"type":"Feature","properties":{"departamento": "San Pedro", "provincia": "Misiones", "hechos": 330, "nivel": "bajo"},"geometry":{"type":"Polygon","coordinates":[[[-53.95318,-26.21960],[-53.94737,-26.23711],[-53.88668,-26.24739],[-53.89021,-26.28369],[-53.87637,-26.29815],[-53.88157,-26.32852],[-53.87107,-26.34110],[-53.74738,-26.33467],[-53.77077,-26.38827],[-53.71970,-26.46843],[-53.70695,-26.48142],[-53.69585,-26.47524],[-53.69584,-26.48999],[-53.70487,-26.50888],[-53.72942,-26.50132],[-53.72683,-26.52538],[-53.71686,-26.52757],[-53.72276,-26.54206],[-53.74181,-26.54448],[-53.72528,-26.55435],[-53.73606,-26.56658],[-53.71434,-26.55643],[-53.70750,-26.56040],[-53.72217,-26.56207],[-53.72463,-26.58903],[-53.73289,-26.58666],[-53.73966,-26.64375],[-53.75954,-26.64122],[-53.72594,-26.65885],[-53.72202,-26.64839],[-53.71868,-26.66720],[-53.73170,-26.67775],[-53.71659,-26.68214],[-53.72862,-26.69214],[-53.74287,-26.68022],[-53.73431,-26.71664],[-53.75412,-26.70975],[-53.75795,-26.72029],[-53.74272,-26.73108],[-53.75010,-26.74071],[-53.73176,-26.73089],[-53.71410,-26.75069],[-53.74354,-26.76385],[-53.73022,-26.77381],[-53.69879,-26.76952],[-53.71704,-26.78211],[-53.70019,-26.79790],[-53.69812,-26.81432],[-53.71080,-26.81131],[-53.68841,-26.83777],[-53.69481,-26.84698],[-53.67912,-26.84249],[-53.66001,-26.86001],[-53.69666,-26.85918],[-53.67997,-26.86973],[-53.69561,-26.88689],[-53.67089,-26.89467],[-53.67267,-26.91295],[-53.69686,-26.92922],[-53.67265,-26.94563],[-53.70856,-26.93375],[-53.70318,-26.96018],[-53.72608,-26.95882],[-53.73695,-26.97430],[-53.71785,-26.99019],[-53.74357,-26.99197],[-53.73174,-27.00439],[-53.74033,-27.01460],[-53.76352,-27.00839],[-53.74725,-27.03218],[-53.76400,-27.04536],[-53.78557,-27.02635],[-53.75943,-27.06430],[-53.80230,-27.04031],[-53.79701,-27.06006],[-53.77170,-27.07363],[-53.79740,-27.06608],[-53.80540,-27.07861],[-53.77635,-27.10343],[-53.81864,-27.10216],[-53.80444,-27.12267],[-53.82469,-27.13236],[-53.79827,-27.14584],[-53.82793,-27.14575],[-53.83670,-27.16966],[-53.87340,-27.12593],[-53.91063,-27.17681],[-53.93427,-27.14465],[-53.91082,-27.14768],[-53.89623,-27.13380],[-53.92418,-27.12339],[-53.87569,-27.11098],[-53.90786,-27.09652],[-53.88883,-27.09196],[-53.90212,-27.07951],[-53.88421,-27.05805],[-53.90799,-27.07001],[-53.92032,-27.04376],[-53.92420,-27.06030],[-53.94505,-27.06422],[-53.93613,-27.03549],[-53.96544,-27.05217],[-53.97593,-27.01910],[-54.00522,-27.02513],[-54.01899,-27.00736],[-53.99680,-27.00917],[-53.99664,-26.98340],[-54.01964,-26.99260],[-54.02797,-26.98136],[-54.01625,-26.97994],[-54.01368,-26.96254],[-54.03454,-26.94362],[-54.00701,-26.93333],[-54.02206,-26.90315],[-54.04939,-26.90284],[-54.04737,-26.88190],[-54.06405,-26.87585],[-54.07625,-26.88977],[-54.07571,-26.87008],[-54.09693,-26.86231],[-54.08642,-26.84123],[-54.10352,-26.84036],[-54.09846,-26.81560],[-54.12732,-26.80960],[-54.11930,-26.80000],[-54.13502,-26.78586],[-54.12333,-26.77298],[-54.14088,-26.76310],[-54.13920,-26.74795],[-54.23936,-26.80450],[-54.23570,-26.78780],[-54.25238,-26.77940],[-54.26491,-26.74665],[-54.24174,-26.72498],[-54.24124,-26.70305],[-54.21610,-26.69898],[-54.18788,-26.66693],[-54.26995,-26.63846],[-54.26461,-26.44941],[-54.17410,-26.45039],[-54.16939,-26.26797],[-53.98686,-26.26813],[-53.98670,-26.21669],[-53.95318,-26.21960]]]}},{"type":"Feature","properties":{"departamento": "Iguazú", "provincia": "Misiones", "hechos": 1216, "nivel": "bajo"},"geometry":{"type":"Polygon","coordinates":[[[-54.16671,-25.54287],[-54.16253,-25.69788],[-54.19658,-26.10345],[-54.15370,-26.11799],[-54.15323,-26.14269],[-54.32108,-26.14238],[-54.43263,-26.12143],[-54.43432,-26.15395],[-54.45240,-26.14939],[-54.46399,-26.12641],[-54.47620,-26.14989],[-54.48534,-26.14207],[-54.48495,-26.15630],[-54.51350,-26.15663],[-54.51871,-26.17324],[-54.52592,-26.15434],[-54.54586,-26.15985],[-54.54632,-26.14114],[-54.56976,-26.13783],[-54.57220,-26.14862],[-54.58674,-26.13240],[-54.58901,-26.15459],[-54.60242,-26.15073],[-54.60320,-26.16203],[-54.61786,-26.14867],[-54.62378,-26.16546],[-54.63847,-26.15005],[-54.64345,-26.18117],[-54.65435,-26.18037],[-54.67409,-26.14286],[-54.64907,-26.11652],[-54.64371,-26.08847],[-54.67880,-25.99474],[-54.66431,-25.98068],[-54.61073,-25.97779],[-54.62201,-25.91240],[-54.58672,-25.83062],[-54.63117,-25.76553],[-54.65524,-25.67038],[-54.63779,-25.65983],[-54.58367,-25.66626],[-54.59492,-25.59744],[-54.55533,-25.58770],[-54.53495,-25.59862],[-54.52768,-25.62832],[-54.50002,-25.61458],[-54.46883,-25.63719],[-54.42892,-25.69406],[-54.42476,-25.65799],[-54.39484,-25.63755],[-54.38244,-25.59633],[-54.34734,-25.60606],[-54.32839,-25.57148],[-54.28842,-25.55573],[-54.25052,-25.59772],[-54.23517,-25.59304],[-54.23056,-25.56301],[-54.18115,-25.58552],[-54.17467,-25.57278],[-54.20500,-25.55777],[-54.20764,-25.54380],[-54.19396,-25.53456],[-54.16671,-25.54287]]]}},{"type":"Feature","properties":{"departamento": "General Manuel Belgrano", "provincia": "Misiones", "hechos": 489, "nivel": "bajo"},"geometry":{"type":"Polygon","coordinates":[[[-54.09705,-25.61899],[-54.08109,-25.55825],[-54.04908,-25.58537],[-54.01636,-25.56365],[-53.97014,-25.60102],[-53.97811,-25.61029],[-53.96544,-25.61269],[-53.96226,-25.64348],[-53.94768,-25.64021],[-53.94785,-25.61148],[-53.93280,-25.62261],[-53.91662,-25.61622],[-53.91218,-25.63632],[-53.89259,-25.62229],[-53.89497,-25.64319],[-53.87641,-25.64510],[-53.88999,-25.66128],[-53.86238,-25.65867],[-53.85691,-25.68310],[-53.84255,-25.68730],[-53.85526,-25.69160],[-53.85149,-25.70619],[-53.87232,-25.69342],[-53.86558,-25.70541],[-53.87930,-25.70779],[-53.85901,-25.72335],[-53.86634,-25.74424],[-53.83411,-25.75133],[-53.85714,-25.76611],[-53.83100,-25.78073],[-53.84330,-25.79066],[-53.82212,-25.79333],[-53.82854,-25.80849],[-53.81956,-25.81618],[-53.83841,-25.81589],[-53.85008,-25.83960],[-53.83438,-25.85010],[-53.84494,-25.85710],[-53.83178,-25.85920],[-53.83629,-25.86919],[-53.82336,-25.87208],[-53.84990,-25.88377],[-53.81957,-25.89844],[-53.83524,-25.91183],[-53.81880,-25.91261],[-53.82060,-25.92761],[-53.83381,-25.92063],[-53.84292,-25.93368],[-53.82808,-25.96364],[-53.83678,-25.97010],[-53.81378,-25.98012],[-53.81788,-25.98998],[-53.80286,-25.98462],[-53.77164,-26.03151],[-53.73455,-26.04261],[-53.72685,-26.06492],[-53.73963,-26.08194],[-53.74064,-26.11779],[-53.71032,-26.13055],[-53.64127,-26.21388],[-53.65353,-26.23500],[-53.63737,-26.24968],[-53.64636,-26.24919],[-53.64531,-26.28559],[-53.67111,-26.33069],[-53.68583,-26.33540],[-53.70139,-26.38901],[-53.71005,-26.38765],[-53.69665,-26.40213],[-53.70545,-26.41638],[-53.68735,-26.43084],[-53.68788,-26.44304],[-53.70431,-26.44197],[-53.69857,-26.46969],[-53.71970,-26.46843],[-53.77077,-26.38827],[-53.74738,-26.33467],[-53.87107,-26.34110],[-53.88157,-26.32852],[-53.87637,-26.29815],[-53.89021,-26.28369],[-53.88668,-26.24739],[-53.94629,-26.23752],[-53.94924,-26.22081],[-53.98670,-26.21669],[-53.98686,-26.26813],[-54.16938,-26.26797],[-54.15370,-26.11799],[-54.19658,-26.10345],[-54.16253,-25.69788],[-54.16432,-25.54234],[-54.10256,-25.49431],[-54.09328,-25.51261],[-54.12358,-25.57164],[-54.09705,-25.61899]]]}},{"type":"Feature","properties":{"departamento": "Eldorado", "provincia": "Misiones", "hechos": 1209, "nivel": "bajo"},"geometry":{"type":"Polygon","coordinates":[[[-54.32111,-26.14229],[-54.15323,-26.14269],[-54.16853,-26.21543],[-54.17410,-26.45039],[-54.26461,-26.44941],[-54.27724,-26.50510],[-54.29688,-26.48700],[-54.30501,-26.50061],[-54.31236,-26.48773],[-54.33855,-26.49067],[-54.32862,-26.50226],[-54.34949,-26.50437],[-54.34597,-26.48403],[-54.36824,-26.49630],[-54.36697,-26.47276],[-54.38491,-26.50679],[-54.40502,-26.50588],[-54.41022,-26.52903],[-54.41330,-26.49701],[-54.42769,-26.51383],[-54.44410,-26.50222],[-54.44284,-26.52445],[-54.45655,-26.51126],[-54.48634,-26.51974],[-54.49127,-26.49713],[-54.51573,-26.50694],[-54.52645,-26.48573],[-54.53879,-26.48973],[-54.53609,-26.47535],[-54.55494,-26.48218],[-54.55597,-26.45668],[-54.56661,-26.47104],[-54.58511,-26.46689],[-54.58740,-26.48518],[-54.60460,-26.48480],[-54.60380,-26.50376],[-54.62903,-26.48963],[-54.62216,-26.50796],[-54.63061,-26.51290],[-54.67015,-26.47061],[-54.65741,-26.45637],[-54.70796,-26.45155],[-54.69665,-26.37771],[-54.64757,-26.31147],[-54.67859,-26.26254],[-54.61848,-26.21649],[-54.64723,-26.18399],[-54.64018,-26.15095],[-54.62510,-26.16514],[-54.61786,-26.14867],[-54.60134,-26.16183],[-54.58619,-26.13248],[-54.57220,-26.14862],[-54.56976,-26.13783],[-54.54632,-26.14114],[-54.54586,-26.15985],[-54.52592,-26.15434],[-54.51829,-26.17325],[-54.51350,-26.15663],[-54.48495,-26.15630],[-54.48534,-26.14207],[-54.47620,-26.14989],[-54.46399,-26.12641],[-54.45240,-26.14939],[-54.43432,-26.15395],[-54.43263,-26.12143],[-54.32111,-26.14229]]]}},{"type":"Feature","properties":{"departamento": "Libertador General San Martín", "provincia": "Misiones", "hechos": 415, "nivel": "bajo"},"geometry":{"type":"Polygon","coordinates":[[[-54.80155,-26.64953],[-54.65989,-26.96685],[-54.70296,-26.97934],[-54.72010,-26.93644],[-54.75685,-26.94665],[-54.72765,-27.04543],[-54.76065,-27.05174],[-54.78667,-27.00792],[-54.81381,-27.00312],[-54.81453,-26.98921],[-54.84542,-26.99553],[-54.88625,-26.98152],[-54.90185,-26.98966],[-54.88303,-27.00550],[-54.88521,-27.07664],[-54.89840,-27.08559],[-54.96764,-27.10234],[-55.01208,-27.06210],[-55.14975,-27.06093],[-55.18306,-27.01988],[-55.17669,-26.99910],[-55.20751,-26.99873],[-55.19820,-26.99049],[-55.20451,-26.96948],[-55.13206,-26.94451],[-55.15029,-26.89595],[-55.13579,-26.85905],[-55.09313,-26.83672],[-55.05754,-26.79898],[-54.95626,-26.78136],[-54.94424,-26.75273],[-54.94775,-26.69290],[-54.92696,-26.67232],[-54.86246,-26.65508],[-54.82619,-26.67436],[-54.80155,-26.64953]]]}},{"type":"Feature","properties":{"departamento": "Federación", "provincia": "Entre Ríos", "hechos": 738, "nivel": "bajo"},"geometry":{"type":"Polygon","coordinates":[[[-58.26961,-30.25240],[-58.20692,-30.28862],[-58.19195,-30.33563],[-58.14228,-30.40524],[-58.07257,-30.42519],[-58.07735,-30.46580],[-58.05778,-30.49642],[-58.06913,-30.54491],[-58.03702,-30.56790],[-58.03332,-30.59793],[-57.98023,-30.62940],[-57.97485,-30.64734],[-57.89478,-30.66941],[-57.85483,-30.69465],[-57.84375,-30.72166],[-57.80949,-30.73020],[-57.79923,-30.85317],[-57.82181,-30.90783],[-57.84543,-30.91996],[-57.89436,-30.90721],[-57.91495,-30.92085],[-57.86162,-31.04201],[-57.91906,-31.12991],[-57.91198,-31.18368],[-57.92194,-31.23159],[-57.95742,-31.21703],[-58.02760,-31.12346],[-58.06512,-31.11423],[-58.10524,-31.08449],[-58.12503,-31.08933],[-58.20383,-31.05654],[-58.22054,-31.04639],[-58.21901,-31.02802],[-58.24444,-31.02424],[-58.23152,-31.01255],[-58.24923,-30.99205],[-58.24381,-30.94788],[-58.25122,-30.92742],[-58.27418,-30.91803],[-58.27660,-30.88294],[-58.24909,-30.85339],[-58.36039,-30.84072],[-58.38934,-30.82639],[-58.41562,-30.83489],[-58.47128,-30.79868],[-58.49154,-30.73215],[-58.57750,-30.69066],[-58.56796,-30.66646],[-58.50104,-30.62628],[-58.52203,-30.60811],[-58.47808,-30.57228],[-58.46403,-30.57962],[-58.39847,-30.44022],[-58.39129,-30.40073],[-58.33901,-30.35643],[-58.36375,-30.33379],[-58.40638,-30.34614],[-58.40792,-30.31613],[-58.35383,-30.32899],[-58.33853,-30.31373],[-58.31279,-30.33467],[-58.26961,-30.25240]]]}},{"type":"Feature","properties":{"departamento": "Islas del Ibicuy", "provincia": "Entre Ríos", "hechos": 166, "nivel": "bajo"},"geometry":{"type":"Polygon","coordinates":[[[-59.26706,-33.17400],[-59.22316,-33.32303],[-59.14700,-33.41019],[-58.95334,-33.48101],[-58.84854,-33.49827],[-58.83606,-33.49706],[-58.86122,-33.48074],[-58.84086,-33.44224],[-58.80192,-33.45835],[-58.79339,-33.44000],[-58.74637,-33.47651],[-58.68384,-33.43633],[-58.60227,-33.45989],[-58.59786,-33.47603],[-58.57919,-33.44079],[-58.56227,-33.45763],[-58.54909,-33.45170],[-58.54024,-33.46861],[-58.43450,-33.50146],[-58.44501,-33.54105],[-58.49462,-33.58718],[-58.47534,-33.65023],[-58.43437,-33.72189],[-58.42354,-33.91667],[-58.34499,-34.03840],[-58.37892,-34.01223],[-58.46320,-34.00189],[-58.60717,-34.03787],[-58.65048,-34.03668],[-58.76374,-33.94531],[-58.83060,-33.95530],[-58.85487,-33.94721],[-58.89978,-33.89099],[-58.97789,-33.87036],[-58.99288,-33.84180],[-59.02048,-33.84894],[-59.05548,-33.83240],[-59.11261,-33.84833],[-59.13861,-33.84381],[-59.17439,-33.80350],[-59.17886,-33.74603],[-59.23519,-33.71049],[-59.25960,-33.63739],[-59.30555,-33.59504],[-59.32059,-33.54304],[-59.36483,-33.54251],[-59.43087,-33.46111],[-59.53090,-33.43017],[-59.54237,-33.37618],[-59.59149,-33.37040],[-59.63191,-33.34583],[-59.60793,-33.32775],[-59.63157,-33.32103],[-59.64409,-33.29583],[-59.55096,-33.19837],[-59.52237,-33.19839],[-59.49788,-33.22584],[-59.42398,-33.22808],[-59.41586,-33.21288],[-59.39119,-33.23127],[-59.35333,-33.23069],[-59.33439,-33.22729],[-59.34275,-33.20535],[-59.31313,-33.20660],[-59.33699,-33.18341],[-59.29469,-33.18427],[-59.30887,-33.17887],[-59.29198,-33.15352],[-59.26706,-33.17400]]]}},{"type":"Feature","properties":{"departamento": "Uruguay", "provincia": "Entre Ríos", "hechos": 1822, "nivel": "bajo"},"geometry":{"type":"Polygon","coordinates":[[[-58.70766,-31.96806],[-58.69755,-32.02929],[-58.67767,-32.04182],[-58.67612,-32.06063],[-58.66584,-32.06194],[-58.67228,-32.07403],[-58.65736,-32.08645],[-58.65199,-32.16268],[-58.62906,-32.19295],[-58.59331,-32.19431],[-58.56312,-32.21158],[-58.56123,-32.24534],[-58.54011,-32.22772],[-58.54343,-32.20453],[-58.53019,-32.19061],[-58.41218,-32.18364],[-58.41409,-32.25033],[-58.34070,-32.26458],[-58.28641,-32.33168],[-58.23987,-32.34373],[-58.22520,-32.36661],[-58.21078,-32.35421],[-58.18914,-32.37023],[-58.18428,-32.39198],[-58.20443,-32.46330],[-58.18739,-32.53287],[-58.16056,-32.57077],[-58.14505,-32.67113],[-58.15005,-32.73198],[-58.11980,-32.81523],[-58.11558,-32.91977],[-58.08680,-32.96081],[-58.08493,-33.00406],[-58.11028,-33.02826],[-58.12528,-33.02944],[-58.13067,-33.02383],[-58.26378,-33.02734],[-58.26272,-32.87568],[-58.49802,-32.87398],[-58.49488,-32.86086],[-58.48469,-32.86366],[-58.49550,-32.83632],[-58.48880,-32.81078],[-58.50135,-32.80116],[-58.49333,-32.77477],[-58.50533,-32.75653],[-58.48966,-32.74546],[-58.51802,-32.70027],[-58.51390,-32.67389],[-58.53366,-32.66866],[-58.51977,-32.65621],[-58.53155,-32.61092],[-58.51154,-32.59659],[-58.52117,-32.56185],[-58.58242,-32.55355],[-58.64151,-32.51132],[-58.72628,-32.55270],[-58.80296,-32.55836],[-58.91175,-32.51042],[-58.92131,-32.49190],[-58.97104,-32.52273],[-59.11414,-32.45629],[-59.08745,-32.42580],[-59.10570,-32.40325],[-59.09071,-32.39794],[-59.09702,-32.39036],[-59.08388,-32.37704],[-59.09421,-32.37310],[-59.08281,-32.36123],[-59.10301,-32.34788],[-59.08402,-32.34215],[-59.09629,-32.32957],[-59.07378,-32.31202],[-59.08440,-32.25031],[-59.10447,-32.25041],[-59.11307,-32.23575],[-59.10084,-32.19642],[-59.07719,-32.17756],[-59.09771,-32.13579],[-59.07115,-32.11911],[-59.09570,-32.08404],[-59.06217,-32.06921],[-59.00335,-32.08338],[-58.96799,-32.05121],[-58.91918,-32.06551],[-58.87153,-32.04656],[-58.86148,-32.02630],[-58.76802,-32.00920],[-58.72666,-31.97111],[-58.70766,-31.96806]],[[-58.10778,-32.96224],[-58.10766,-33.00167],[-58.10912,-33.01038],[-58.11455,-33.02470],[-58.08738,-32.99677],[-58.08891,-32.95785],[-58.09972,-32.95157],[-58.10117,-32.95638],[-58.10778,-32.96224]],[[-58.11404,-33.02106],[-58.10811,-33.00148],[-58.11574,-32.99035],[-58.12875,-33.02539],[-58.11404,-33.02106]],[[-58.11495,-32.97419],[-58.10859,-32.96181],[-58.10143,-32.95435],[-58.11248,-32.93116],[-58.11495,-32.97419]],[[-58.11438,-32.99014],[-58.11134,-32.98002],[-58.11198,-32.97167],[-58.11808,-32.98203],[-58.11438,-32.99014]],[[-58.12440,-33.00856],[-58.12644,-33.00785],[-58.12574,-33.01140],[-58.12440,-33.00856]]]}},{"type":"Feature","properties":{"departamento": "Colón", "provincia": "Entre Ríos", "hechos": 940, "nivel": "bajo"},"geometry":{"type":"Polygon","coordinates":[[[-58.28852,-31.66868],[-58.27744,-31.69952],[-58.24039,-31.71711],[-58.23430,-31.73261],[-58.18387,-31.74483],[-58.15839,-31.74362],[-58.12260,-31.72119],[-58.08696,-31.73429],[-58.08556,-31.71958],[-58.06483,-31.73835],[-58.03717,-31.72806],[-58.03849,-31.75989],[-58.08394,-31.81958],[-58.18955,-31.85272],[-58.20671,-31.87120],[-58.19133,-31.92034],[-58.16873,-31.93209],[-58.13828,-32.00184],[-58.14309,-32.06056],[-58.16739,-32.09138],[-58.18333,-32.15920],[-58.10492,-32.24451],[-58.09894,-32.27288],[-58.10152,-32.30560],[-58.12350,-32.34077],[-58.16905,-32.36101],[-58.18461,-32.38093],[-58.19822,-32.35669],[-58.22520,-32.36661],[-58.23987,-32.34373],[-58.28641,-32.33168],[-58.34070,-32.26458],[-58.41409,-32.25033],[-58.41218,-32.18364],[-58.53019,-32.19061],[-58.54343,-32.20453],[-58.54011,-32.22772],[-58.56123,-32.24534],[-58.56312,-32.21158],[-58.59331,-32.19431],[-58.62906,-32.19295],[-58.65289,-32.15973],[-58.66584,-32.06194],[-58.69755,-32.02929],[-58.69970,-31.97782],[-58.70716,-31.96449],[-58.72666,-31.97111],[-58.74306,-31.92104],[-58.72955,-31.85625],[-58.69862,-31.86057],[-58.70860,-31.88798],[-58.60763,-31.90234],[-58.62783,-31.88276],[-58.59513,-31.84540],[-58.56517,-31.86130],[-58.53712,-31.84326],[-58.54355,-31.82209],[-58.50738,-31.78729],[-58.45286,-31.81724],[-58.40145,-31.81129],[-58.43113,-31.74020],[-58.37894,-31.74347],[-58.37433,-31.72177],[-58.28852,-31.66868]]]}},{"type":"Feature","properties":{"departamento": "Gualeguaychú", "provincia": "Entre Ríos", "hechos": 911, "nivel": "bajo"},"geometry":{"type":"Polygon","coordinates":[[[-59.08954,-32.46594],[-59.06802,-32.48600],[-58.97104,-32.52273],[-58.92131,-32.49190],[-58.91175,-32.51042],[-58.80296,-32.55836],[-58.72628,-32.55270],[-58.64151,-32.51132],[-58.58242,-32.55355],[-58.52117,-32.56185],[-58.51154,-32.59659],[-58.53155,-32.61092],[-58.51977,-32.65621],[-58.53366,-32.66866],[-58.51390,-32.67389],[-58.51802,-32.70027],[-58.48966,-32.74546],[-58.50533,-32.75653],[-58.49333,-32.77477],[-58.50135,-32.80116],[-58.48880,-32.81078],[-58.49550,-32.83632],[-58.48469,-32.86366],[-58.49488,-32.86086],[-58.49802,-32.87398],[-58.26272,-32.87568],[-58.26378,-33.02734],[-58.11400,-33.03017],[-58.17679,-33.07724],[-58.36972,-33.12775],[-58.40445,-33.18059],[-58.40985,-33.23556],[-58.39046,-33.27912],[-58.39719,-33.31377],[-58.43171,-33.36333],[-58.44315,-33.44808],[-58.43450,-33.50146],[-58.54024,-33.46861],[-58.54909,-33.45170],[-58.56227,-33.45763],[-58.57919,-33.44079],[-58.59800,-33.47601],[-58.60211,-33.45997],[-58.65885,-33.43660],[-58.68384,-33.43633],[-58.74637,-33.47651],[-58.79339,-33.44000],[-58.80192,-33.45835],[-58.84086,-33.44224],[-58.86122,-33.48074],[-58.84255,-33.49844],[-58.93014,-33.48638],[-59.14800,-33.40969],[-59.22287,-33.32354],[-59.25192,-33.20764],[-59.27089,-33.16555],[-59.29198,-33.15352],[-59.25148,-33.11682],[-59.26813,-33.11821],[-59.25908,-33.10758],[-59.27760,-33.09136],[-59.26270,-33.07717],[-59.26655,-33.05995],[-59.23460,-33.03423],[-59.21915,-32.98595],[-59.20113,-32.98599],[-59.18792,-32.93495],[-59.14209,-32.91197],[-59.16245,-32.87388],[-59.14704,-32.87372],[-59.14254,-32.84882],[-59.12720,-32.84863],[-59.12501,-32.83552],[-59.14221,-32.82586],[-59.11493,-32.80664],[-59.13161,-32.77681],[-59.11461,-32.77389],[-59.12314,-32.76765],[-59.11169,-32.75229],[-59.13557,-32.75010],[-59.12798,-32.72577],[-59.14585,-32.71016],[-59.11776,-32.68491],[-59.12670,-32.66336],[-59.10849,-32.66603],[-59.10578,-32.63317],[-59.09237,-32.62356],[-59.10303,-32.61543],[-59.09466,-32.59287],[-59.10960,-32.58795],[-59.08857,-32.57367],[-59.11005,-32.56379],[-59.09701,-32.55898],[-59.09672,-32.54340],[-59.11779,-32.53081],[-59.10724,-32.53374],[-59.11211,-32.51522],[-59.09716,-32.50603],[-59.10626,-32.48429],[-59.08954,-32.46594]]]}},{"type":"Feature","properties":{"departamento": "Concordia", "provincia": "Entre Ríos", "hechos": 3735, "nivel": "medio"},"geometry":{"type":"Polygon","coordinates":[[[-58.38737,-30.82891],[-58.24909,-30.85339],[-58.27660,-30.88294],[-58.27418,-30.91803],[-58.25122,-30.92742],[-58.24381,-30.94788],[-58.24923,-30.99205],[-58.23152,-31.01255],[-58.24444,-31.02424],[-58.21901,-31.02802],[-58.22054,-31.04639],[-58.20383,-31.05654],[-58.12503,-31.08933],[-58.10524,-31.08449],[-58.06512,-31.11423],[-58.02760,-31.12346],[-57.95742,-31.21703],[-57.92194,-31.23159],[-57.99694,-31.36051],[-57.98049,-31.39045],[-58.08239,-31.45783],[-58.07827,-31.48881],[-58.00382,-31.53191],[-57.98042,-31.58283],[-58.01328,-31.68762],[-58.03717,-31.72806],[-58.05914,-31.73782],[-58.08556,-31.71958],[-58.08696,-31.73429],[-58.12202,-31.72113],[-58.18387,-31.74483],[-58.23350,-31.73301],[-58.24039,-31.71711],[-58.27744,-31.69952],[-58.28990,-31.67129],[-58.27541,-31.66536],[-58.26536,-31.60236],[-58.29746,-31.60264],[-58.28706,-31.53956],[-58.32879,-31.54483],[-58.34630,-31.50650],[-58.32750,-31.50137],[-58.32563,-31.48589],[-58.34625,-31.49032],[-58.44970,-31.43133],[-58.45987,-31.38908],[-58.43126,-31.36500],[-58.41983,-31.36894],[-58.41190,-31.35117],[-58.47189,-31.26650],[-58.40920,-31.23860],[-58.38788,-31.21049],[-58.54357,-31.13685],[-58.57252,-31.10758],[-58.57691,-31.07239],[-58.59875,-31.06174],[-58.58049,-31.04103],[-58.54962,-31.04566],[-58.54430,-31.03444],[-58.53771,-31.04144],[-58.49610,-31.02429],[-58.48436,-31.00872],[-58.50729,-30.98230],[-58.46226,-30.93562],[-58.46446,-30.90822],[-58.43863,-30.89780],[-58.44610,-30.88924],[-58.41826,-30.83346],[-58.38737,-30.82891]]]}},{"type":"Feature","properties":{"departamento": "San Luis del Palmar", "provincia": "Corrientes", "hechos": 79, "nivel": "bajo"},"geometry":{"type":"Polygon","coordinates":[[[-58.35546,-27.39787],[-58.30926,-27.42611],[-58.22031,-27.44337],[-58.12852,-27.40336],[-57.98083,-27.40286],[-57.87595,-27.43956],[-57.83110,-27.48562],[-57.89254,-27.56337],[-57.92917,-27.57972],[-57.95409,-27.62561],[-58.14553,-27.69708],[-58.30368,-27.79553],[-58.24281,-27.83758],[-58.17409,-27.83162],[-58.14733,-27.85418],[-58.16332,-27.90131],[-58.19468,-27.90118],[-58.29390,-27.95291],[-58.30344,-27.95341],[-58.32513,-27.89956],[-58.31660,-27.86650],[-58.32985,-27.86486],[-58.32824,-27.85314],[-58.39661,-27.85787],[-58.38572,-27.78468],[-58.46655,-27.78059],[-58.46743,-27.75453],[-58.50097,-27.75947],[-58.49754,-27.72819],[-58.54711,-27.72111],[-58.54373,-27.70450],[-58.60103,-27.71850],[-58.59587,-27.64750],[-58.60584,-27.63017],[-58.64537,-27.60347],[-58.66842,-27.61224],[-58.64653,-27.51748],[-58.61214,-27.50912],[-58.60339,-27.52010],[-58.58215,-27.51698],[-58.54789,-27.48720],[-58.51860,-27.49175],[-58.48925,-27.47499],[-58.48069,-27.44979],[-58.49135,-27.42965],[-58.45583,-27.41655],[-58.45180,-27.40019],[-58.41381,-27.40890],[-58.35546,-27.39787]]]}},{"type":"Feature","properties":{"departamento": "Chilecito", "provincia": "La Rioja", "hechos": 430, "nivel": "bajo"},"geometry":{"type":"Polygon","coordinates":[[[-67.09004,-29.40551],[-67.10141,-29.43002],[-67.09555,-29.45915],[-67.04884,-29.50115],[-67.03027,-29.54486],[-67.05958,-29.63009],[-67.05590,-29.66379],[-67.02857,-29.75747],[-66.97627,-29.81896],[-67.53680,-29.78613],[-67.68423,-29.53238],[-67.72273,-29.44134],[-67.75424,-29.40361],[-67.76791,-29.35420],[-67.83372,-29.26578],[-67.85815,-29.14085],[-67.83970,-29.01867],[-67.21588,-29.01323],[-67.19910,-29.11339],[-67.21868,-29.13667],[-67.22164,-29.17460],[-67.18092,-29.27452],[-67.15063,-29.29551],[-67.09004,-29.40551]]]}},{"type":"Feature","properties":{"departamento": "Ángel Vicente Peñaloza", "provincia": "La Rioja", "hechos": 8, "nivel": "bajo"},"geometry":{"type":"Polygon","coordinates":[[[-66.48224,-30.18642],[-66.50101,-30.26815],[-66.40211,-30.47125],[-66.37180,-30.50970],[-66.37157,-30.53065],[-66.42028,-30.61373],[-66.41670,-30.63889],[-66.38471,-30.67670],[-66.58244,-30.73953],[-66.61581,-30.67456],[-66.74837,-30.63152],[-66.77869,-30.57349],[-66.78130,-30.53471],[-66.91708,-30.53126],[-66.90022,-30.46692],[-66.86102,-30.40358],[-66.85656,-30.11510],[-66.87799,-30.03718],[-66.86110,-30.00254],[-66.84724,-29.82966],[-66.60916,-29.84908],[-66.63225,-30.11019],[-66.52559,-30.14715],[-66.48224,-30.18642]]]}},{"type":"Feature","properties":{"departamento": "General Juan Facundo Quiroga", "provincia": "La Rioja", "hechos": 10, "nivel": "bajo"},"geometry":{"type":"Polygon","coordinates":[[[-66.62034,-30.67253],[-66.58244,-30.73953],[-66.38471,-30.67670],[-66.32570,-30.79290],[-66.39016,-30.84883],[-66.41143,-30.93892],[-66.48990,-30.98694],[-66.48067,-31.09575],[-67.06687,-31.08405],[-67.11644,-31.01600],[-67.08207,-30.91610],[-67.12884,-30.89563],[-67.28279,-30.69528],[-67.41949,-30.61997],[-67.50785,-30.51568],[-66.78130,-30.53471],[-66.77869,-30.57349],[-66.74496,-30.63457],[-66.62034,-30.67253]]]}},{"type":"Feature","properties":{"departamento": "Rosario Vera Peñaloza", "provincia": "La Rioja", "hechos": 67, "nivel": "bajo"},"geometry":{"type":"Polygon","coordinates":[[[-67.06687,-31.08405],[-66.46300,-31.09605],[-66.42763,-31.13614],[-66.41927,-31.18753],[-66.30807,-31.18865],[-66.26526,-31.20318],[-66.34110,-31.25814],[-66.35679,-31.43122],[-66.29307,-31.53656],[-66.28470,-31.62564],[-66.26079,-31.68546],[-66.31119,-31.82695],[-66.50526,-31.76711],[-66.82526,-31.76135],[-66.86818,-31.63330],[-66.95197,-31.63330],[-67.10123,-31.38299],[-67.06687,-31.08405]]]}},{"type":"Feature","properties":{"departamento": "Mburucuyá", "provincia": "Corrientes", "hechos": 35, "nivel": "bajo"},"geometry":{"type":"Polygon","coordinates":[[[-58.16792,-27.90060],[-58.14733,-27.85418],[-58.17409,-27.83162],[-58.09984,-27.81117],[-58.02438,-27.82600],[-58.08985,-27.87109],[-58.08144,-27.90526],[-58.03541,-27.90337],[-58.02394,-27.95349],[-57.99419,-27.94506],[-57.98977,-27.96449],[-57.93765,-27.94173],[-57.91947,-28.00932],[-58.01542,-28.03178],[-58.13330,-28.12083],[-58.31751,-28.21502],[-58.36848,-28.14335],[-58.33445,-28.11835],[-58.44149,-27.99114],[-58.39344,-27.99422],[-58.21735,-27.92158],[-58.19468,-27.90118],[-58.16792,-27.90060]]]}},{"type":"Feature","properties":{"departamento": "Concepción", "provincia": "Corrientes", "hechos": 180, "nivel": "bajo"},"geometry":{"type":"Polygon","coordinates":[[[-57.77760,-27.97132],[-57.62757,-28.13620],[-57.66998,-28.16405],[-57.60473,-28.25299],[-57.68056,-28.31961],[-57.62934,-28.36912],[-57.65883,-28.41052],[-57.63983,-28.42378],[-57.63842,-28.46138],[-57.69065,-28.50132],[-57.65695,-28.52933],[-57.61227,-28.59565],[-57.77959,-28.65959],[-57.93833,-28.70342],[-58.10630,-28.71296],[-58.11097,-28.70035],[-58.18379,-28.74666],[-58.22169,-28.74606],[-58.22745,-28.75860],[-58.28156,-28.76930],[-58.30514,-28.79531],[-58.30757,-28.83277],[-58.42289,-28.74057],[-58.47621,-28.78025],[-58.50857,-28.78373],[-58.52827,-28.76993],[-58.54733,-28.71928],[-58.49042,-28.64681],[-58.50715,-28.61023],[-58.49976,-28.59022],[-58.41538,-28.53985],[-58.31189,-28.45084],[-58.43109,-28.30141],[-58.40319,-28.29301],[-58.39880,-28.27617],[-58.30697,-28.20558],[-58.13330,-28.12083],[-58.00741,-28.02767],[-57.82727,-27.99193],[-57.77760,-27.97132]]]}},{"type":"Feature","properties":{"departamento": "Mercedes", "provincia": "Corrientes", "hechos": 323, "nivel": "bajo"},"geometry":{"type":"Polygon","coordinates":[[[-57.17045,-28.57092],[-57.16465,-28.65069],[-57.18229,-28.83396],[-57.22577,-28.90581],[-57.31558,-29.00981],[-57.43059,-29.06815],[-57.45806,-29.12031],[-57.48179,-29.13249],[-57.48166,-29.14637],[-57.50224,-29.14922],[-57.50942,-29.17620],[-57.54694,-29.21246],[-57.53915,-29.26056],[-57.58244,-29.32328],[-57.56482,-29.33284],[-57.57220,-29.34067],[-57.56938,-29.34723],[-57.52918,-29.37254],[-57.54293,-29.39893],[-57.52207,-29.40408],[-57.53696,-29.43892],[-57.50353,-29.44978],[-57.52236,-29.46549],[-57.52008,-29.50362],[-57.50579,-29.51663],[-57.51516,-29.52476],[-57.50799,-29.56594],[-57.53563,-29.57913],[-57.55827,-29.67364],[-57.59972,-29.67478],[-57.60201,-29.68508],[-57.58777,-29.68968],[-57.60663,-29.70429],[-57.60108,-29.72259],[-57.61344,-29.74434],[-57.64679,-29.71717],[-57.65723,-29.72641],[-57.68865,-29.71226],[-57.73472,-29.74127],[-57.75590,-29.72683],[-57.75561,-29.71372],[-57.80484,-29.70936],[-57.87290,-29.62970],[-57.86774,-29.60443],[-57.90308,-29.55795],[-57.89801,-29.54928],[-57.95236,-29.53529],[-58.01488,-29.48097],[-58.05900,-29.47978],[-58.11147,-29.44299],[-58.15112,-29.43917],[-58.19207,-29.40367],[-58.21614,-29.35530],[-58.30652,-29.25250],[-58.37105,-29.22953],[-58.39016,-29.18820],[-58.40919,-29.19323],[-58.44214,-29.17261],[-58.49196,-29.10544],[-58.53624,-29.09452],[-58.52614,-29.09467],[-58.53292,-29.06740],[-58.55933,-29.05875],[-58.55926,-29.04661],[-58.60151,-29.04490],[-58.58049,-29.02175],[-58.57094,-29.02563],[-58.55898,-28.98395],[-58.53437,-28.98949],[-58.53484,-28.96811],[-58.49781,-28.93913],[-58.50064,-28.92335],[-58.47917,-28.93125],[-58.46307,-28.91614],[-58.45249,-28.93003],[-58.45113,-28.92173],[-58.40150,-28.92721],[-58.39413,-28.91283],[-58.37967,-28.91555],[-58.37754,-28.89300],[-58.34023,-28.88230],[-58.33695,-28.85840],[-58.30396,-28.83725],[-58.30514,-28.79531],[-58.28156,-28.76930],[-58.22745,-28.75860],[-58.22169,-28.74606],[-58.18379,-28.74666],[-58.11097,-28.70035],[-58.10630,-28.71296],[-57.93979,-28.70372],[-57.77959,-28.65959],[-57.61227,-28.59565],[-57.32939,-28.57366],[-57.21562,-28.49937],[-57.17045,-28.57092]]]}},{"type":"Feature","properties":{"departamento": "San Roque", "provincia": "Corrientes", "hechos": 62, "nivel": "bajo"},"geometry":{"type":"Polygon","coordinates":[[[-58.42908,-28.30886],[-58.31189,-28.45084],[-58.41538,-28.53985],[-58.49976,-28.59022],[-58.50715,-28.61023],[-58.49042,-28.64681],[-58.53358,-28.69182],[-58.54815,-28.72633],[-58.53010,-28.76743],[-58.50857,-28.78373],[-58.46042,-28.77466],[-58.42289,-28.74057],[-58.37924,-28.77255],[-58.30396,-28.83725],[-58.33695,-28.85840],[-58.34023,-28.88230],[-58.37754,-28.89300],[-58.37967,-28.91555],[-58.39413,-28.91283],[-58.40150,-28.92721],[-58.45113,-28.92173],[-58.45249,-28.93003],[-58.46307,-28.91614],[-58.47917,-28.93125],[-58.50064,-28.92335],[-58.49781,-28.93913],[-58.53484,-28.96811],[-58.53437,-28.98949],[-58.55898,-28.98395],[-58.57094,-29.02563],[-58.58049,-29.02175],[-58.60102,-29.04624],[-58.71484,-28.94915],[-58.89000,-28.84446],[-58.98868,-28.82788],[-58.98116,-28.80056],[-58.95212,-28.77311],[-58.95772,-28.76337],[-58.92790,-28.74640],[-58.92250,-28.73114],[-58.93255,-28.72898],[-58.85722,-28.63972],[-58.73605,-28.58792],[-58.60059,-28.45738],[-58.54515,-28.37615],[-58.51048,-28.36362],[-58.49098,-28.33884],[-58.46042,-28.33644],[-58.44784,-28.31249],[-58.42908,-28.30886]]]}},{"type":"Feature","properties":{"departamento": "General Paz", "provincia": "Corrientes", "hechos": 47, "nivel": "bajo"},"geometry":{"type":"Polygon","coordinates":[[[-57.33286,-27.40943],[-57.23212,-27.46803],[-57.25469,-27.47476],[-57.22516,-27.49653],[-57.22771,-27.51270],[-57.30389,-27.55071],[-57.42287,-27.65356],[-57.49858,-27.69160],[-57.59328,-27.76637],[-57.73233,-27.93806],[-57.80380,-27.98464],[-57.91947,-28.00932],[-57.93765,-27.94173],[-57.98977,-27.96449],[-57.99419,-27.94506],[-58.02394,-27.95349],[-58.03541,-27.90337],[-58.08144,-27.90526],[-58.08985,-27.87109],[-58.03050,-27.82356],[-58.10482,-27.81158],[-58.22685,-27.84112],[-58.30368,-27.79553],[-58.14553,-27.69708],[-57.95409,-27.62561],[-57.92917,-27.57972],[-57.89254,-27.56337],[-57.83110,-27.48562],[-57.77616,-27.50928],[-57.68705,-27.49455],[-57.67912,-27.50074],[-57.68951,-27.57296],[-57.63834,-27.57305],[-57.64167,-27.59687],[-57.57032,-27.60547],[-57.58412,-27.61456],[-57.57619,-27.64948],[-57.54853,-27.65106],[-57.51599,-27.61363],[-57.49336,-27.61352],[-57.45487,-27.58346],[-57.44763,-27.55788],[-57.40374,-27.51552],[-57.38949,-27.42143],[-57.33286,-27.40943]]]}},{"type":"Feature","properties":{"departamento": "Empedrado", "provincia": "Corrientes", "hechos": 77, "nivel": "bajo"},"geometry":{"type":"Polygon","coordinates":[[[-58.65103,-27.60290],[-58.59587,-27.64750],[-58.60103,-27.71850],[-58.54373,-27.70450],[-58.54711,-27.72111],[-58.49754,-27.72819],[-58.50097,-27.75947],[-58.46743,-27.75453],[-58.46655,-27.78059],[-58.38572,-27.78468],[-58.39661,-27.85787],[-58.32824,-27.85314],[-58.32985,-27.86486],[-58.31660,-27.86650],[-58.32513,-27.89956],[-58.30344,-27.95341],[-58.39344,-27.99422],[-58.43662,-27.99335],[-58.46103,-27.97470],[-58.58405,-27.99615],[-58.63048,-28.02025],[-58.63879,-28.03909],[-58.66992,-28.04500],[-58.67316,-28.06386],[-58.68478,-28.06010],[-58.69760,-28.08156],[-58.71622,-28.09009],[-58.72327,-28.07874],[-58.73877,-28.08260],[-58.75613,-28.11229],[-58.78902,-28.12710],[-58.81766,-28.12191],[-58.83464,-28.16600],[-58.85572,-28.17497],[-58.86863,-28.16501],[-58.87410,-28.17586],[-58.90714,-28.17380],[-58.93513,-28.19087],[-58.95517,-28.18345],[-58.97496,-28.19473],[-58.99230,-28.17289],[-59.00888,-28.18227],[-59.01712,-28.17213],[-59.01160,-28.18740],[-59.03034,-28.19083],[-59.04416,-28.22336],[-59.06094,-28.19539],[-59.08766,-28.20174],[-59.08763,-28.17177],[-59.06241,-28.12811],[-58.95297,-28.13711],[-58.85973,-28.05032],[-58.85774,-28.01161],[-58.82926,-27.96187],[-58.84401,-27.88045],[-58.80971,-27.78341],[-58.82367,-27.67078],[-58.81169,-27.67538],[-58.80400,-27.65465],[-58.77649,-27.65985],[-58.72740,-27.62750],[-58.68751,-27.62432],[-58.65103,-27.60290]]]}},{"type":"Feature","properties":{"departamento": "Saladas", "provincia": "Corrientes", "hechos": 114, "nivel": "bajo"},"geometry":{"type":"Polygon","coordinates":[[[-58.46066,-27.97478],[-58.33445,-28.11835],[-58.36848,-28.14335],[-58.31751,-28.21502],[-58.39880,-28.27617],[-58.40319,-28.29301],[-58.44784,-28.31249],[-58.46042,-28.33644],[-58.49098,-28.33884],[-58.51048,-28.36362],[-58.54515,-28.37615],[-58.60059,-28.45738],[-58.65419,-28.50884],[-58.71408,-28.44034],[-58.69774,-28.41854],[-58.70702,-28.40398],[-58.75372,-28.38390],[-58.75878,-28.33611],[-58.81371,-28.24049],[-58.84957,-28.25752],[-58.85950,-28.28030],[-58.90493,-28.28293],[-58.95195,-28.30394],[-59.03324,-28.26612],[-59.01638,-28.25502],[-59.02168,-28.21404],[-59.01152,-28.20639],[-58.99742,-28.21039],[-58.95517,-28.18345],[-58.94374,-28.19264],[-58.92156,-28.17665],[-58.83574,-28.16731],[-58.81766,-28.12191],[-58.78902,-28.12710],[-58.75613,-28.11229],[-58.73877,-28.08260],[-58.72327,-28.07874],[-58.71941,-28.08049],[-58.72242,-28.08340],[-58.71959,-28.08892],[-58.71622,-28.09009],[-58.69760,-28.08156],[-58.68478,-28.06010],[-58.67316,-28.06386],[-58.66992,-28.04500],[-58.63879,-28.03909],[-58.63048,-28.02025],[-58.58432,-27.99626],[-58.46066,-27.97478]]]}},{"type":"Feature","properties":{"departamento": "Bella Vista", "provincia": "Corrientes", "hechos": 135, "nivel": "bajo"},"geometry":{"type":"Polygon","coordinates":[[[-59.01037,-28.18188],[-58.99230,-28.17289],[-58.98373,-28.19344],[-58.99742,-28.21039],[-59.02114,-28.21285],[-59.01638,-28.25502],[-59.03324,-28.26612],[-58.95195,-28.30394],[-58.90493,-28.28293],[-58.85950,-28.28030],[-58.84957,-28.25752],[-58.81371,-28.24049],[-58.75878,-28.33611],[-58.75372,-28.38390],[-58.70702,-28.40398],[-58.69774,-28.41854],[-58.71408,-28.44034],[-58.65971,-28.50960],[-58.73605,-28.58792],[-58.85722,-28.63972],[-58.93255,-28.72898],[-58.92250,-28.73114],[-58.92790,-28.74640],[-58.95772,-28.76337],[-58.95212,-28.77311],[-58.96748,-28.78036],[-58.98302,-28.81825],[-59.04151,-28.80950],[-59.03849,-28.79308],[-59.11789,-28.78182],[-59.12235,-28.76884],[-59.14266,-28.77447],[-59.07860,-28.66749],[-59.10501,-28.63394],[-59.10072,-28.58009],[-59.04886,-28.49331],[-59.08598,-28.43597],[-59.07621,-28.36534],[-59.10346,-28.32882],[-59.10953,-28.22967],[-59.07448,-28.19549],[-59.05905,-28.19636],[-59.05563,-28.21747],[-59.03989,-28.22200],[-59.03390,-28.19482],[-59.01160,-28.18740],[-59.02027,-28.17321],[-59.01037,-28.18188]]]}},{"type":"Feature","properties":{"departamento": "Lavalle", "provincia": "Corrientes", "hechos": 94, "nivel": "bajo"},"geometry":{"type":"Polygon","coordinates":[[[-59.14261,-28.77443],[-59.03849,-28.79308],[-59.04151,-28.80950],[-58.98302,-28.81825],[-58.98868,-28.82788],[-58.89000,-28.84446],[-58.71484,-28.94915],[-58.60057,-29.05020],[-58.61864,-29.06678],[-58.64419,-29.06393],[-58.64681,-29.07892],[-58.66849,-29.08261],[-58.67364,-29.10320],[-58.69021,-29.10115],[-58.68729,-29.11831],[-58.71785,-29.13528],[-58.73039,-29.17923],[-58.75480,-29.19058],[-58.76162,-29.21750],[-58.80258,-29.25917],[-58.81323,-29.23844],[-58.85779,-29.25545],[-58.86901,-29.22254],[-58.84629,-29.17349],[-58.83040,-29.17390],[-58.78798,-29.11233],[-58.94262,-29.07138],[-58.94770,-29.07982],[-59.01893,-29.06499],[-59.02650,-29.08996],[-59.11722,-29.08245],[-59.11798,-29.06614],[-59.13761,-29.07927],[-59.14537,-29.05061],[-59.16396,-29.06626],[-59.18274,-29.05958],[-59.19323,-29.09015],[-59.21152,-29.09446],[-59.21239,-29.07874],[-59.23439,-29.07142],[-59.19972,-29.03154],[-59.20947,-28.96897],[-59.15807,-28.87736],[-59.16045,-28.79479],[-59.14261,-28.77443]]]}},{"type":"Feature","properties":{"departamento": "Goya", "provincia": "Corrientes", "hechos": 817, "nivel": "bajo"},"geometry":{"type":"Polygon","coordinates":[[[-59.14036,-29.05637],[-59.13761,-29.07927],[-59.11798,-29.06614],[-59.11722,-29.08245],[-59.02650,-29.08996],[-59.01893,-29.06499],[-58.94770,-29.07982],[-58.94262,-29.07138],[-58.78798,-29.11233],[-58.83040,-29.17390],[-58.84629,-29.17349],[-58.86901,-29.22254],[-58.85823,-29.25519],[-58.81323,-29.23844],[-58.79231,-29.26936],[-58.83607,-29.32176],[-58.86171,-29.32999],[-58.86280,-29.34616],[-58.84374,-29.34913],[-58.87436,-29.39107],[-58.86799,-29.41108],[-58.88615,-29.41510],[-58.90762,-29.46520],[-58.96048,-29.51902],[-58.95791,-29.53060],[-59.05644,-29.58048],[-59.07467,-29.63936],[-59.08851,-29.64658],[-59.08119,-29.65689],[-59.14435,-29.68503],[-59.13715,-29.70881],[-59.17164,-29.71824],[-59.16986,-29.73280],[-59.24934,-29.76630],[-59.26228,-29.78345],[-59.31240,-29.78497],[-59.30776,-29.80034],[-59.33354,-29.81621],[-59.35292,-29.79967],[-59.38248,-29.82428],[-59.40906,-29.81195],[-59.47409,-29.85186],[-59.51658,-29.98514],[-59.54557,-30.01655],[-59.55207,-30.00855],[-59.56948,-30.01901],[-59.60470,-29.90267],[-59.65967,-29.84318],[-59.61755,-29.77584],[-59.61398,-29.66876],[-59.59018,-29.56978],[-59.57995,-29.45985],[-59.60428,-29.39474],[-59.51979,-29.34319],[-59.50063,-29.24352],[-59.40207,-29.21690],[-59.34677,-29.11435],[-59.27530,-29.09957],[-59.23439,-29.07142],[-59.20084,-29.09297],[-59.18274,-29.05958],[-59.16472,-29.06636],[-59.14036,-29.05637]]]}},{"type":"Feature","properties":{"departamento": "Esquina", "provincia": "Corrientes", "hechos": 205, "nivel": "bajo"},"geometry":{"type":"Polygon","coordinates":[[[-59.10810,-30.27311],[-59.13658,-30.28657],[-59.14358,-30.31713],[-59.17168,-30.31809],[-59.22970,-30.36417],[-59.27351,-30.35243],[-59.28827,-30.36188],[-59.29889,-30.34671],[-59.32373,-30.35424],[-59.34715,-30.32466],[-59.41965,-30.31574],[-59.44097,-30.32945],[-59.46403,-30.32432],[-59.46482,-30.33703],[-59.49021,-30.34433],[-59.55774,-30.33265],[-59.55684,-30.35230],[-59.56585,-30.34761],[-59.57466,-30.37097],[-59.57244,-30.40842],[-59.59061,-30.43499],[-59.61510,-30.41921],[-59.63682,-30.35775],[-59.67167,-30.33866],[-59.66895,-30.32383],[-59.69345,-30.31312],[-59.71201,-30.27624],[-59.63658,-30.23746],[-59.61208,-30.10254],[-59.56948,-30.01901],[-59.55207,-30.00855],[-59.54557,-30.01655],[-59.51658,-29.98514],[-59.47409,-29.85186],[-59.40906,-29.81195],[-59.38248,-29.82428],[-59.35292,-29.79967],[-59.33354,-29.81621],[-59.30776,-29.80034],[-59.31414,-29.78581],[-59.26228,-29.78345],[-59.24934,-29.76630],[-59.16986,-29.73280],[-59.17164,-29.71824],[-59.13454,-29.70564],[-59.14435,-29.68503],[-59.08028,-29.65591],[-59.08851,-29.64658],[-59.07467,-29.63936],[-59.05644,-29.58048],[-58.96025,-29.53270],[-58.92543,-29.47371],[-58.90762,-29.46520],[-58.86034,-29.47434],[-58.87357,-29.55181],[-58.77320,-29.56846],[-58.73027,-29.58916],[-58.71791,-29.64479],[-58.80467,-29.68093],[-58.84353,-29.71662],[-58.87388,-29.72635],[-58.87632,-29.73892],[-58.84957,-29.75420],[-58.86139,-29.81738],[-58.90851,-29.81050],[-58.95727,-29.83093],[-58.96222,-29.85824],[-59.02484,-29.84918],[-59.07351,-30.09953],[-59.06941,-30.12856],[-59.05178,-30.13396],[-59.06847,-30.16447],[-59.12595,-30.18214],[-59.10810,-30.27311]]]}},{"type":"Feature","properties":{"departamento": "Sauce", "provincia": "Corrientes", "hechos": 27, "nivel": "bajo"},"geometry":{"type":"Polygon","coordinates":[[[-58.69613,-29.62934],[-58.71812,-29.72635],[-58.68244,-29.77250],[-58.70049,-29.77843],[-58.75286,-29.86075],[-58.69464,-29.83197],[-58.63767,-29.84586],[-58.58082,-29.83778],[-58.53683,-29.88149],[-58.53166,-29.92826],[-58.50817,-29.96372],[-58.46907,-29.99032],[-58.44528,-30.09640],[-58.47143,-30.12299],[-58.51424,-30.11992],[-58.53933,-30.15190],[-58.63001,-30.17686],[-58.64714,-30.16319],[-58.68166,-30.16358],[-58.68168,-30.17575],[-58.72106,-30.18640],[-58.75484,-30.21588],[-58.80375,-30.21083],[-58.83102,-30.23130],[-58.90212,-30.24858],[-58.96458,-30.21846],[-59.00865,-30.21852],[-59.06425,-30.23082],[-59.08146,-30.24907],[-59.07532,-30.25698],[-59.10779,-30.27338],[-59.12595,-30.18214],[-59.06847,-30.16447],[-59.05178,-30.13396],[-59.06941,-30.12856],[-59.07351,-30.09953],[-59.02484,-29.84918],[-58.96222,-29.85824],[-58.95727,-29.83093],[-58.90851,-29.81050],[-58.86139,-29.81738],[-58.84957,-29.75420],[-58.87632,-29.73892],[-58.87388,-29.72635],[-58.69613,-29.62934]]]}},{"type":"Feature","properties":{"departamento": "Curuzú Cuatiá", "provincia": "Corrientes", "hechos": 323, "nivel": "bajo"},"geometry":{"type":"Polygon","coordinates":[[[-58.61307,-29.05276],[-58.55926,-29.04661],[-58.55933,-29.05875],[-58.53292,-29.06740],[-58.52614,-29.09467],[-58.53624,-29.09452],[-58.49196,-29.10544],[-58.44214,-29.17261],[-58.40919,-29.19323],[-58.39016,-29.18820],[-58.37105,-29.22953],[-58.30652,-29.25250],[-58.21614,-29.35530],[-58.19207,-29.40367],[-58.15112,-29.43917],[-58.11147,-29.44299],[-58.05900,-29.47978],[-58.01488,-29.48097],[-57.95236,-29.53529],[-57.89801,-29.54928],[-57.90308,-29.55795],[-57.86774,-29.60443],[-57.87290,-29.62970],[-57.80484,-29.70936],[-57.75561,-29.71372],[-57.75590,-29.72683],[-57.73472,-29.74127],[-57.68865,-29.71226],[-57.65723,-29.72641],[-57.64679,-29.71717],[-57.61010,-29.74943],[-57.69090,-29.77147],[-57.67765,-29.81961],[-57.64637,-29.82693],[-57.68455,-29.83498],[-57.67316,-29.85819],[-57.70416,-29.85693],[-57.68760,-29.89848],[-57.70119,-29.93629],[-57.67862,-29.94042],[-57.68900,-29.96034],[-57.66765,-29.98271],[-57.63973,-29.98660],[-57.68881,-30.02566],[-57.75057,-29.96429],[-57.78650,-29.96569],[-57.85442,-29.92754],[-57.86082,-29.89955],[-57.88141,-29.87042],[-57.90331,-29.86539],[-57.91652,-29.83592],[-57.99226,-29.82111],[-58.03093,-29.85082],[-58.07058,-29.85896],[-58.07720,-29.89144],[-58.05399,-29.89975],[-58.04677,-29.95112],[-57.99210,-29.97821],[-58.06144,-30.10560],[-58.04813,-30.14053],[-58.02492,-30.14808],[-58.02214,-30.22058],[-58.03651,-30.23311],[-58.03293,-30.25756],[-58.05150,-30.28993],[-58.03720,-30.30608],[-58.05768,-30.33102],[-58.04798,-30.35047],[-58.06764,-30.36006],[-58.08186,-30.39873],[-58.07147,-30.42003],[-58.07090,-30.43063],[-58.14228,-30.40524],[-58.19195,-30.33563],[-58.20692,-30.28862],[-58.26219,-30.25567],[-58.29590,-30.24600],[-58.34645,-30.27126],[-58.40400,-30.24979],[-58.43705,-30.22167],[-58.45153,-30.22486],[-58.47016,-30.20304],[-58.49656,-30.20769],[-58.56367,-30.17919],[-58.57487,-30.15711],[-58.53842,-30.15138],[-58.50943,-30.11717],[-58.47143,-30.12299],[-58.44528,-30.09640],[-58.46907,-29.99032],[-58.50817,-29.96372],[-58.53166,-29.92826],[-58.53725,-29.88080],[-58.59004,-29.83341],[-58.63767,-29.84586],[-58.69464,-29.83197],[-58.75286,-29.86075],[-58.70049,-29.77843],[-58.68244,-29.77250],[-58.71812,-29.72635],[-58.69613,-29.62934],[-58.71916,-29.64224],[-58.73027,-29.58916],[-58.77320,-29.56846],[-58.87357,-29.55181],[-58.86034,-29.47434],[-58.90762,-29.46520],[-58.90972,-29.44998],[-58.88416,-29.41305],[-58.86909,-29.41327],[-58.87436,-29.39107],[-58.84374,-29.34913],[-58.86280,-29.34616],[-58.86171,-29.32999],[-58.83607,-29.32176],[-58.79293,-29.27053],[-58.80265,-29.26046],[-58.79301,-29.24071],[-58.76162,-29.21750],[-58.75480,-29.19058],[-58.73039,-29.17923],[-58.71785,-29.13528],[-58.68729,-29.11831],[-58.69021,-29.10115],[-58.67364,-29.10320],[-58.66849,-29.08261],[-58.64681,-29.07892],[-58.64419,-29.06393],[-58.61864,-29.06678],[-58.61307,-29.05276]]]}},{"type":"Feature","properties":{"departamento": "Monte Caseros", "provincia": "Corrientes", "hechos": 280, "nivel": "bajo"},"geometry":{"type":"Polygon","coordinates":[[[-57.97527,-29.81970],[-57.91593,-29.83632],[-57.90331,-29.86539],[-57.88141,-29.87042],[-57.86082,-29.89955],[-57.85442,-29.92754],[-57.78650,-29.96569],[-57.75057,-29.96429],[-57.69213,-30.02520],[-57.67081,-30.00580],[-57.60913,-30.02080],[-57.57678,-30.00748],[-57.56179,-30.02116],[-57.56668,-30.04218],[-57.58966,-30.04292],[-57.60112,-30.05966],[-57.55926,-30.07400],[-57.61182,-30.08733],[-57.62327,-30.10490],[-57.61442,-30.16352],[-57.65560,-30.15371],[-57.62823,-30.17446],[-57.65357,-30.19627],[-57.61522,-30.25447],[-57.64292,-30.34190],[-57.84402,-30.46930],[-57.88956,-30.51066],[-57.88727,-30.58757],[-57.84647,-30.62071],[-57.84354,-30.65928],[-57.80897,-30.69527],[-57.80951,-30.73019],[-57.84375,-30.72166],[-57.85483,-30.69465],[-57.89478,-30.66941],[-57.97485,-30.64734],[-57.98023,-30.62940],[-58.03332,-30.59793],[-58.03702,-30.56790],[-58.06913,-30.54491],[-58.05790,-30.49371],[-58.07380,-30.48177],[-58.07952,-30.45513],[-58.06848,-30.43553],[-58.08186,-30.39873],[-58.06764,-30.36006],[-58.04798,-30.35047],[-58.05768,-30.33102],[-58.03720,-30.30608],[-58.05150,-30.28993],[-58.03293,-30.25756],[-58.03651,-30.23311],[-58.02214,-30.22058],[-58.02492,-30.14808],[-58.04813,-30.14053],[-58.06144,-30.10560],[-57.99210,-29.97821],[-58.04677,-29.95112],[-58.05399,-29.89975],[-58.07720,-29.89144],[-58.07405,-29.86592],[-57.97527,-29.81970]]]}},{"type":"Feature","properties":{"departamento": "Paso de los Libres", "provincia": "Corrientes", "hechos": 574, "nivel": "bajo"},"geometry":{"type":"Polygon","coordinates":[[[-57.50878,-29.17762],[-57.47585,-29.18236],[-57.42376,-29.22334],[-57.28090,-29.24581],[-57.13533,-29.24480],[-57.10081,-29.25723],[-56.95025,-29.20124],[-56.91954,-29.20958],[-56.86669,-29.20162],[-56.85960,-29.30986],[-56.84842,-29.32282],[-56.86222,-29.34020],[-56.85271,-29.37321],[-56.86495,-29.38836],[-56.85170,-29.42581],[-56.86834,-29.44427],[-56.86977,-29.46935],[-56.83865,-29.49822],[-56.89992,-29.53339],[-56.96958,-29.60502],[-56.96824,-29.63911],[-57.00587,-29.65612],[-57.03018,-29.69176],[-57.11022,-29.75700],[-57.16990,-29.78116],[-57.22995,-29.77916],[-57.28947,-29.82535],[-57.32783,-29.88326],[-57.32604,-29.96501],[-57.34293,-30.00000],[-57.40854,-30.03202],[-57.47424,-30.11977],[-57.54904,-30.16602],[-57.59989,-30.17921],[-57.62823,-30.17446],[-57.65560,-30.15371],[-57.61442,-30.16352],[-57.62327,-30.10490],[-57.61182,-30.08733],[-57.55926,-30.07400],[-57.60112,-30.05966],[-57.58966,-30.04292],[-57.56668,-30.04218],[-57.56179,-30.02116],[-57.57678,-30.00748],[-57.60913,-30.02080],[-57.66002,-30.00939],[-57.64013,-29.98497],[-57.66765,-29.98271],[-57.68900,-29.96034],[-57.67862,-29.94042],[-57.70062,-29.93769],[-57.68688,-29.91821],[-57.70210,-29.91584],[-57.68760,-29.89848],[-57.70416,-29.85693],[-57.67316,-29.85819],[-57.68455,-29.83498],[-57.64637,-29.82693],[-57.67765,-29.81961],[-57.69025,-29.76920],[-57.61035,-29.75172],[-57.62068,-29.74252],[-57.60108,-29.72259],[-57.60663,-29.70429],[-57.58777,-29.68968],[-57.60201,-29.68508],[-57.59972,-29.67478],[-57.55827,-29.67364],[-57.53563,-29.57913],[-57.50799,-29.56594],[-57.51516,-29.52476],[-57.50579,-29.51663],[-57.52008,-29.50362],[-57.52236,-29.46549],[-57.50353,-29.44978],[-57.53696,-29.43892],[-57.52207,-29.40408],[-57.54293,-29.39893],[-57.52918,-29.37254],[-57.56938,-29.34723],[-57.56482,-29.33284],[-57.57893,-29.33384],[-57.58247,-29.32244],[-57.53915,-29.26056],[-57.54694,-29.21246],[-57.50878,-29.17762]]]}},{"type":"Feature","properties":{"departamento": "San Martín", "provincia": "Corrientes", "hechos": 90, "nivel": "bajo"},"geometry":{"type":"Polygon","coordinates":[[[-57.21562,-28.49937],[-56.88093,-28.23503],[-56.79992,-28.26021],[-56.64034,-28.26249],[-56.63790,-28.29249],[-56.57174,-28.29889],[-56.54597,-28.33430],[-56.52176,-28.34192],[-56.53426,-28.36105],[-56.51033,-28.38926],[-56.52040,-28.41125],[-56.54163,-28.41595],[-56.54186,-28.44037],[-56.55816,-28.44381],[-56.59693,-28.49296],[-56.59294,-28.53760],[-56.62428,-28.53732],[-56.65855,-28.55796],[-56.65249,-28.56776],[-56.66986,-28.58531],[-56.65862,-28.61220],[-56.67493,-28.63548],[-56.63998,-28.66507],[-56.65676,-28.69727],[-56.66734,-28.69363],[-56.66058,-28.68852],[-56.67183,-28.69098],[-56.70755,-28.74270],[-56.68680,-28.75296],[-56.68939,-28.77166],[-56.70302,-28.77532],[-56.69116,-28.79864],[-56.70367,-28.82621],[-56.69157,-28.82951],[-56.69155,-28.84526],[-56.68243,-28.84091],[-56.68605,-28.87839],[-56.66228,-28.89577],[-56.67171,-28.91022],[-56.65397,-28.94018],[-56.66351,-28.96577],[-56.63990,-28.96848],[-56.64892,-28.98345],[-56.63885,-29.00479],[-56.60938,-29.00640],[-56.61077,-29.04418],[-56.59323,-29.04435],[-56.58074,-29.06751],[-56.60037,-29.07644],[-56.59710,-29.09538],[-56.60942,-29.09897],[-56.57855,-29.11661],[-56.64541,-29.19930],[-56.64958,-29.27241],[-56.70394,-29.36224],[-56.76746,-29.38256],[-56.77886,-29.43645],[-56.83865,-29.49822],[-56.86977,-29.46935],[-56.86834,-29.44427],[-56.85170,-29.42581],[-56.86495,-29.38836],[-56.85271,-29.37321],[-56.86222,-29.34020],[-56.84842,-29.32282],[-56.85960,-29.30986],[-56.86669,-29.20162],[-56.91954,-29.20958],[-56.95025,-29.20124],[-57.10081,-29.25723],[-57.13533,-29.24480],[-57.28090,-29.24581],[-57.42376,-29.22334],[-57.47585,-29.18236],[-57.51509,-29.17177],[-57.49617,-29.14425],[-57.47864,-29.14431],[-57.48179,-29.13249],[-57.45851,-29.12086],[-57.41493,-29.05532],[-57.31558,-29.00981],[-57.21500,-28.88919],[-57.17334,-28.80977],[-57.17644,-28.69822],[-57.16440,-28.63133],[-57.17990,-28.58484],[-57.16976,-28.57232],[-57.21562,-28.49937]]]}},{"type":"Feature","properties":{"departamento": "General Alvear", "provincia": "Corrientes", "hechos": 57, "nivel": "bajo"},"geometry":{"type":"Polygon","coordinates":[[[-56.54210,-28.43098],[-56.43006,-28.44138],[-56.37083,-28.51560],[-56.37666,-28.58879],[-56.36521,-28.61960],[-56.45174,-28.69355],[-56.41586,-28.70064],[-56.41341,-28.74667],[-56.38109,-28.76433],[-56.33904,-28.78262],[-56.29005,-28.77914],[-56.30670,-28.79302],[-56.29702,-28.80239],[-56.29783,-28.88939],[-56.33241,-28.93134],[-56.38655,-28.95273],[-56.40991,-28.97765],[-56.41548,-29.00070],[-56.39877,-29.02581],[-56.41953,-29.07898],[-56.57855,-29.11661],[-56.60942,-29.09897],[-56.59710,-29.09538],[-56.60037,-29.07644],[-56.58074,-29.06751],[-56.59323,-29.04435],[-56.61077,-29.04418],[-56.60938,-29.00640],[-56.63885,-29.00479],[-56.64892,-28.98345],[-56.63990,-28.96848],[-56.66351,-28.96577],[-56.65397,-28.94018],[-56.67171,-28.91022],[-56.66228,-28.89577],[-56.68605,-28.87839],[-56.68243,-28.84091],[-56.69155,-28.84526],[-56.69157,-28.82951],[-56.70367,-28.82621],[-56.69116,-28.79864],[-56.70302,-28.77532],[-56.68939,-28.77166],[-56.68680,-28.75296],[-56.70736,-28.74133],[-56.67183,-28.69098],[-56.65676,-28.69727],[-56.63998,-28.66507],[-56.67493,-28.63548],[-56.65862,-28.61220],[-56.66986,-28.58531],[-56.65249,-28.56776],[-56.65855,-28.55796],[-56.62428,-28.53732],[-56.61279,-28.54297],[-56.59294,-28.53760],[-56.59693,-28.49296],[-56.54210,-28.43098]]]}},{"type":"Feature","properties":{"departamento": "Santo Tomé", "provincia": "Corrientes", "hechos": 523, "nivel": "bajo"},"geometry":{"type":"Polygon","coordinates":[[[-56.22912,-27.76987],[-56.21130,-27.78596],[-56.15263,-27.79860],[-56.13821,-27.83132],[-56.04450,-27.84643],[-56.04515,-27.85802],[-56.01116,-27.86895],[-56.01007,-27.88669],[-55.97885,-27.90902],[-55.91325,-27.89876],[-55.87463,-27.95661],[-55.88633,-28.02104],[-55.82064,-27.95002],[-55.80993,-27.95412],[-55.77641,-28.00868],[-55.74943,-28.02710],[-55.75803,-28.06081],[-55.71672,-28.06127],[-55.71258,-28.08818],[-55.67658,-28.10056],[-55.62026,-28.14575],[-55.62919,-28.17377],[-55.69162,-28.21721],[-55.78254,-28.25394],[-55.77269,-28.27394],[-55.73287,-28.28582],[-55.66994,-28.33076],[-55.69633,-28.42316],[-55.71750,-28.42216],[-55.73216,-28.38435],[-55.75745,-28.36859],[-55.87830,-28.36116],[-55.90303,-28.40810],[-55.88236,-28.47771],[-56.00865,-28.50600],[-56.02567,-28.53596],[-56.00227,-28.57849],[-56.00760,-28.60495],[-56.05561,-28.62808],[-56.11857,-28.68168],[-56.18552,-28.77000],[-56.25915,-28.77832],[-56.29702,-28.80239],[-56.30655,-28.79227],[-56.29005,-28.77914],[-56.33904,-28.78262],[-56.38109,-28.76433],[-56.41341,-28.74667],[-56.41586,-28.70064],[-56.45174,-28.69355],[-56.36521,-28.61960],[-56.37666,-28.58879],[-56.37083,-28.51560],[-56.43006,-28.44138],[-56.54598,-28.43224],[-56.51083,-28.39252],[-56.53426,-28.36105],[-56.52176,-28.34192],[-56.54597,-28.33430],[-56.57174,-28.29889],[-56.63790,-28.29249],[-56.64034,-28.26249],[-56.79992,-28.26021],[-56.88093,-28.23503],[-56.83188,-28.17676],[-56.77954,-28.08066],[-56.66338,-27.95268],[-56.62463,-27.85047],[-56.46788,-27.93946],[-56.42487,-27.87940],[-56.40584,-27.89657],[-56.40091,-27.88931],[-56.37132,-27.91598],[-56.36837,-27.91634],[-56.36026,-27.92321],[-56.35951,-27.92233],[-56.34151,-27.93598],[-56.34067,-27.93585],[-56.33535,-27.91088],[-56.31365,-27.89470],[-56.31676,-27.87838],[-56.28494,-27.88656],[-56.26013,-27.86190],[-56.26742,-27.82991],[-56.24063,-27.81832],[-56.24624,-27.79645],[-56.22912,-27.76987]]]}},{"type":"Feature","properties":{"departamento": "San Miguel", "provincia": "Corrientes", "hechos": 35, "nivel": "bajo"},"geometry":{"type":"Polygon","coordinates":[[[-57.25456,-27.47355],[-57.12055,-27.49345],[-57.03647,-27.48060],[-56.97431,-27.49523],[-56.94424,-27.57205],[-57.09683,-27.66506],[-57.11671,-27.70624],[-57.17924,-27.75414],[-57.19469,-27.80737],[-57.25405,-27.86647],[-57.35462,-27.93461],[-57.41279,-28.06933],[-57.39834,-28.14830],[-57.44206,-28.26985],[-57.51043,-28.34025],[-57.58963,-28.37499],[-57.64429,-28.41973],[-57.65883,-28.41052],[-57.62934,-28.36912],[-57.68056,-28.31961],[-57.60473,-28.25299],[-57.66998,-28.16405],[-57.62757,-28.13620],[-57.77760,-27.97132],[-57.72687,-27.93218],[-57.59328,-27.76637],[-57.49858,-27.69160],[-57.42287,-27.65356],[-57.30389,-27.55071],[-57.22771,-27.51270],[-57.22516,-27.49653],[-57.25456,-27.47355]]]}},{"type":"Feature","properties":{"departamento": "Ituzaingó", "provincia": "Corrientes", "hechos": 311, "nivel": "bajo"},"geometry":{"type":"MultiPolygon","coordinates":[[[[-56.03242,-27.31639],[-56.02462,-27.33842],[-56.03991,-27.34922],[-56.02889,-27.38285],[-56.04322,-27.40499],[-56.03694,-27.41519],[-56.05542,-27.42069],[-56.05450,-27.45121],[-56.02664,-27.50728],[-55.97890,-27.54020],[-55.82554,-27.79166],[-55.84630,-27.83244],[-55.82712,-27.85460],[-55.83598,-27.88977],[-55.81308,-27.93187],[-55.82334,-27.95765],[-55.88455,-28.01996],[-55.87463,-27.95661],[-55.91325,-27.89876],[-55.97885,-27.90902],[-56.01007,-27.88669],[-56.01116,-27.86895],[-56.04515,-27.85802],[-56.04450,-27.84643],[-56.13821,-27.83132],[-56.15263,-27.79860],[-56.21130,-27.78596],[-56.22912,-27.76987],[-56.24624,-27.79645],[-56.24063,-27.81832],[-56.26742,-27.82991],[-56.26013,-27.86190],[-56.28494,-27.88656],[-56.31676,-27.87838],[-56.31365,-27.89470],[-56.33535,-27.91088],[-56.34067,-27.93585],[-56.42487,-27.87940],[-56.46788,-27.93946],[-56.62243,-27.84935],[-56.66338,-27.95268],[-56.77954,-28.08066],[-56.87529,-28.22999],[-57.30296,-28.56412],[-57.36612,-28.57932],[-57.61227,-28.59565],[-57.65695,-28.52933],[-57.69065,-28.50132],[-57.63983,-28.46480],[-57.64429,-28.41973],[-57.62842,-28.39898],[-57.51795,-28.34559],[-57.44206,-28.26985],[-57.39834,-28.14830],[-57.41279,-28.06933],[-57.35462,-27.93461],[-57.25405,-27.86647],[-57.19469,-27.80737],[-57.17924,-27.75414],[-57.11671,-27.70624],[-57.09683,-27.66506],[-56.94496,-27.57331],[-56.95239,-27.53549],[-56.93191,-27.56660],[-56.85328,-27.60523],[-56.79406,-27.58686],[-56.73739,-27.60373],[-56.68600,-27.57694],[-56.67736,-27.56002],[-56.71705,-27.49694],[-56.71878,-27.46456],[-56.69103,-27.45434],[-56.64960,-27.46080],[-56.60355,-27.43142],[-56.55673,-27.45678],[-56.48705,-27.56368],[-56.42438,-27.60292],[-56.38884,-27.60602],[-56.35616,-27.58589],[-56.33837,-27.52403],[-56.29369,-27.49414],[-56.28413,-27.45978],[-56.29496,-27.42298],[-56.28423,-27.40849],[-56.23757,-27.40239],[-56.15192,-27.32874],[-56.07522,-27.30703],[-56.03242,-27.31639]]],[[[-56.91483,-27.42354],[-56.87176,-27.43044],[-56.76403,-27.50256],[-56.72940,-27.50196],[-56.73797,-27.55058],[-56.84042,-27.59618],[-56.87158,-27.58346],[-56.88790,-27.55494],[-56.90306,-27.53740],[-56.91207,-27.53148],[-56.93278,-27.52678],[-56.94364,-27.51785],[-56.95244,-27.51477],[-56.97011,-27.49273],[-57.03207,-27.48065],[-56.91483,-27.42354]]],[[[-56.70576,-27.55742],[-56.73424,-27.59143],[-56.78390,-27.58269],[-56.76137,-27.57749],[-56.75605,-27.57477],[-56.74200,-27.56351],[-56.74009,-27.56349],[-56.73404,-27.55873],[-56.71693,-27.51994],[-56.69967,-27.53652],[-56.70576,-27.55742]]],[[[-56.95694,-27.51605],[-56.94616,-27.52506],[-56.92591,-27.53537],[-56.91073,-27.53905],[-56.89413,-27.55172],[-56.87599,-27.58357],[-56.90085,-27.56943],[-56.91961,-27.56257],[-56.93237,-27.53511],[-56.95199,-27.52331],[-56.95694,-27.51605]]],[[[-56.68607,-27.56089],[-56.70668,-27.58077],[-56.69332,-27.54506],[-56.68607,-27.56089]]],[[[-56.35707,-27.51788],[-56.36473,-27.53363],[-56.37120,-27.53853],[-56.36744,-27.52041],[-56.35707,-27.51788]]],[[[-56.94473,-27.53584],[-56.93100,-27.54867],[-56.93002,-27.55710],[-56.94152,-27.54612],[-56.94473,-27.53584]]],[[[-56.92460,-27.53469],[-56.91199,-27.53290],[-56.90788,-27.53865],[-56.92460,-27.53469]]],[[[-56.92109,-27.56308],[-56.90218,-27.57029],[-56.89907,-27.57314],[-56.91280,-27.57092],[-56.92109,-27.56308]]],[[[-56.94276,-27.52044],[-56.94781,-27.52228],[-56.95482,-27.51490],[-56.94276,-27.52044]]],[[[-56.32070,-27.49547],[-56.34320,-27.50850],[-56.34430,-27.50799],[-56.32070,-27.49547]]],[[[-56.76404,-27.57206],[-56.77222,-27.57220],[-56.75618,-27.56944],[-56.75872,-27.57136],[-56.76404,-27.57206]]],[[[-56.76717,-27.57341],[-56.76008,-27.57512],[-56.77222,-27.57644],[-56.76717,-27.57341]]],[[[-56.72273,-27.58574],[-56.71851,-27.58551],[-56.73299,-27.59268],[-56.72273,-27.58574]]],[[[-56.72584,-27.52537],[-56.73118,-27.52757],[-56.72610,-27.51971],[-56.72584,-27.52537]]],[[[-56.74911,-27.59396],[-56.75339,-27.59210],[-56.74942,-27.59346],[-56.74911,-27.59396]]],[[[-56.94678,-27.53269],[-56.93708,-27.53788],[-56.93389,-27.54408],[-56.94678,-27.53269]]],[[[-56.70503,-27.55840],[-56.70123,-27.55839],[-56.70374,-27.56356],[-56.70503,-27.55840]]],[[[-56.72761,-27.53742],[-56.73192,-27.53660],[-56.72945,-27.53338],[-56.72761,-27.53742]]],[[[-56.87196,-27.58654],[-56.86358,-27.58762],[-56.86224,-27.58876],[-56.87196,-27.58654]]],[[[-56.86625,-27.59188],[-56.85520,-27.59290],[-56.85571,-27.59483],[-56.86625,-27.59188]]],[[[-56.78452,-27.57165],[-56.78896,-27.57624],[-56.78947,-27.57567],[-56.78452,-27.57165]]],[[[-56.70607,-27.57774],[-56.71182,-27.58195],[-56.70668,-27.57508],[-56.70607,-27.57774]]],[[[-56.90351,-27.53785],[-56.90589,-27.54055],[-56.90736,-27.53566],[-56.90351,-27.53785]]],[[[-56.76245,-27.56880],[-56.76808,-27.56907],[-56.76105,-27.56759],[-56.76245,-27.56880]]],[[[-56.94562,-27.53197],[-56.93928,-27.53251],[-56.93789,-27.53443],[-56.94562,-27.53197]]],[[[-56.73613,-27.56007],[-56.74197,-27.56167],[-56.73684,-27.55856],[-56.73613,-27.56007]]],[[[-56.69086,-27.57004],[-56.69030,-27.57218],[-56.69367,-27.57442],[-56.69086,-27.57004]]],[[[-56.93406,-27.52754],[-56.92891,-27.52783],[-56.92751,-27.52875],[-56.93406,-27.52754]]]]}},{"type":"Feature","properties":{"departamento": "Berón de Astrada", "provincia": "Corrientes", "hechos": 4, "nivel": "bajo"},"geometry":{"type":"MultiPolygon","coordinates":[[[[-57.70535,-27.32556],[-57.60979,-27.39571],[-57.54351,-27.43297],[-57.50752,-27.44420],[-57.43900,-27.43828],[-57.38771,-27.42156],[-57.40374,-27.51552],[-57.44763,-27.55788],[-57.45487,-27.58346],[-57.49336,-27.61352],[-57.51599,-27.61363],[-57.54853,-27.65106],[-57.57619,-27.64948],[-57.58412,-27.61456],[-57.57032,-27.60547],[-57.64167,-27.59687],[-57.63834,-27.57305],[-57.68951,-27.57296],[-57.67912,-27.50074],[-57.68705,-27.49455],[-57.79060,-27.50571],[-57.83672,-27.48200],[-57.87595,-27.43956],[-57.82798,-27.40115],[-57.75400,-27.40817],[-57.74203,-27.35476],[-57.78425,-27.36458],[-57.79378,-27.34148],[-57.70535,-27.32556]]],[[[-57.56661,-27.38512],[-57.50245,-27.40332],[-57.40419,-27.41660],[-57.46560,-27.43165],[-57.47802,-27.43662],[-57.48435,-27.43552],[-57.49219,-27.43870],[-57.59341,-27.39245],[-57.56661,-27.38512]]],[[[-57.46320,-27.43393],[-57.45157,-27.43658],[-57.47295,-27.43856],[-57.46320,-27.43393]]],[[[-57.55194,-27.41953],[-57.53946,-27.42779],[-57.55317,-27.41974],[-57.55194,-27.41953]]],[[[-57.44205,-27.42751],[-57.45003,-27.43195],[-57.45481,-27.43092],[-57.44205,-27.42751]]],[[[-57.48412,-27.43612],[-57.47992,-27.43849],[-57.48784,-27.43915],[-57.48412,-27.43612]]],[[[-57.54123,-27.42758],[-57.54287,-27.42970],[-57.54839,-27.42649],[-57.54123,-27.42758]]],[[[-57.56456,-27.41053],[-57.55719,-27.41414],[-57.55460,-27.41694],[-57.56456,-27.41053]]],[[[-57.60637,-27.38225],[-57.61059,-27.38164],[-57.60579,-27.38121],[-57.60637,-27.38225]]],[[[-57.47547,-27.43809],[-57.47868,-27.44000],[-57.47929,-27.43884],[-57.47547,-27.43809]]]]}},{"type":"Feature","properties":{"departamento": "Itatí", "provincia": "Corrientes", "hechos": 88, "nivel": "bajo"},"geometry":{"type":"MultiPolygon","coordinates":[[[[-57.97099,-27.27499],[-57.93231,-27.26411],[-57.89134,-27.26772],[-57.86242,-27.27860],[-57.82409,-27.33049],[-57.79378,-27.34148],[-57.78856,-27.36285],[-57.74203,-27.35476],[-57.75400,-27.40817],[-57.82798,-27.40115],[-57.87595,-27.43956],[-57.97751,-27.40347],[-58.01951,-27.40046],[-58.13228,-27.40402],[-58.22031,-27.44337],[-58.33531,-27.41464],[-58.32330,-27.36005],[-58.30323,-27.36008],[-58.36075,-27.28336],[-58.24674,-27.26152],[-58.19134,-27.28083],[-58.02650,-27.25903],[-57.97099,-27.27499]],[[-57.90335,-27.27382],[-57.91058,-27.27440],[-57.91287,-27.27664],[-57.89824,-27.27752],[-57.86239,-27.29436],[-57.90335,-27.27382]],[[-57.91839,-27.28246],[-57.89590,-27.28811],[-57.89473,-27.28032],[-57.91839,-27.28246]],[[-57.95291,-27.27601],[-57.93943,-27.27729],[-57.94487,-27.28617],[-57.92393,-27.27524],[-57.95291,-27.27601]],[[-57.94228,-27.26892],[-57.92674,-27.26881],[-57.92148,-27.26698],[-57.93007,-27.26534],[-57.94228,-27.26892]],[[-57.91793,-27.27427],[-57.91773,-27.27616],[-57.91354,-27.27390],[-57.91793,-27.27427]]],[[[-57.82595,-27.30260],[-57.77523,-27.31500],[-57.76895,-27.32111],[-57.81945,-27.31870],[-57.82595,-27.30260]]],[[[-57.78707,-27.32563],[-57.74152,-27.32331],[-57.75212,-27.32792],[-57.78277,-27.32782],[-57.79809,-27.32502],[-57.79408,-27.32573],[-57.79136,-27.32401],[-57.78707,-27.32563]]],[[[-58.22305,-27.25624],[-58.21535,-27.25862],[-58.20412,-27.25965],[-58.19670,-27.25914],[-58.19082,-27.26246],[-58.18788,-27.26310],[-58.18477,-27.26332],[-58.18369,-27.26294],[-58.18309,-27.26136],[-58.17048,-27.26922],[-58.21135,-27.26318],[-58.22305,-27.25624]]],[[[-58.30364,-27.26246],[-58.31784,-27.27250],[-58.33556,-27.27342],[-58.32165,-27.26257],[-58.30364,-27.26246]]],[[[-58.15643,-27.25586],[-58.13857,-27.26555],[-58.17800,-27.25927],[-58.15643,-27.25586]]],[[[-58.22467,-27.25490],[-58.18940,-27.25770],[-58.18384,-27.26183],[-58.19681,-27.25887],[-58.21473,-27.25844],[-58.22467,-27.25490]]],[[[-57.82147,-27.31831],[-57.83728,-27.30730],[-57.83882,-27.29783],[-57.82702,-27.30907],[-57.82147,-27.31831]]],[[[-58.29162,-27.26643],[-58.30133,-27.27159],[-58.31214,-27.27169],[-58.30039,-27.26581],[-58.29162,-27.26643]]],[[[-57.81848,-27.32012],[-57.78783,-27.32061],[-57.78413,-27.32254],[-57.78696,-27.32534],[-57.79025,-27.32373],[-57.79218,-27.32408],[-57.79459,-27.32527],[-57.81848,-27.32012]]],[[[-58.33267,-27.26627],[-58.33769,-27.27377],[-58.34560,-27.27481],[-58.34144,-27.26944],[-58.33267,-27.26627]]],[[[-58.23581,-27.25869],[-58.22400,-27.26211],[-58.24408,-27.25397],[-58.23581,-27.25869]]],[[[-58.09052,-27.25987],[-58.09368,-27.26626],[-58.10004,-27.26630],[-58.09052,-27.25987]]],[[[-57.82048,-27.32457],[-57.80631,-27.32555],[-57.80260,-27.32785],[-57.82048,-27.32457]]],[[[-57.78682,-27.32855],[-57.77221,-27.32942],[-57.76910,-27.33017],[-57.77917,-27.33315],[-57.78483,-27.33222],[-57.78682,-27.32855]]],[[[-58.20073,-27.26895],[-58.18768,-27.26989],[-58.18453,-27.27252],[-58.20073,-27.26895]]],[[[-58.32500,-27.26205],[-58.33515,-27.26402],[-58.32407,-27.26136],[-58.32500,-27.26205]]],[[[-58.29953,-27.25564],[-58.28824,-27.25622],[-58.28642,-27.25658],[-58.29138,-27.26012],[-58.29953,-27.25564]]],[[[-58.16500,-27.27140],[-58.16873,-27.27404],[-58.16978,-27.26980],[-58.16500,-27.27140]]],[[[-58.35111,-27.27401],[-58.36128,-27.27470],[-58.34907,-27.27180],[-58.35111,-27.27401]]],[[[-58.19778,-27.27596],[-58.19411,-27.27943],[-58.19979,-27.27706],[-58.19778,-27.27596]]],[[[-58.26564,-27.25969],[-58.26382,-27.26125],[-58.26771,-27.26129],[-58.26564,-27.25969]]]]}},{"type":"Feature","properties":{"departamento": "San Cosme", "provincia": "Corrientes", "hechos": 267, "nivel": "bajo"},"geometry":{"type":"MultiPolygon","coordinates":[[[[-58.41966,-27.28945],[-58.36075,-27.28336],[-58.30323,-27.36008],[-58.32330,-27.36005],[-58.33531,-27.41464],[-58.35546,-27.39787],[-58.41381,-27.40890],[-58.45180,-27.40019],[-58.45583,-27.41655],[-58.49135,-27.42965],[-58.48069,-27.44979],[-58.48881,-27.47467],[-58.51860,-27.49175],[-58.54789,-27.48720],[-58.59000,-27.51878],[-58.62773,-27.51263],[-58.63617,-27.47448],[-58.67876,-27.47143],[-58.66329,-27.42242],[-58.70792,-27.36618],[-58.66879,-27.35909],[-58.61649,-27.31863],[-58.59290,-27.32082],[-58.54975,-27.29479],[-58.51572,-27.29103],[-58.49702,-27.27136],[-58.41966,-27.28945]]],[[[-58.43113,-27.26823],[-58.42037,-27.27965],[-58.42201,-27.28063],[-58.43113,-27.26823]]],[[[-58.60902,-27.31614],[-58.61309,-27.31328],[-58.60710,-27.31285],[-58.60902,-27.31614]]],[[[-58.41821,-27.28320],[-58.41395,-27.28110],[-58.41312,-27.28159],[-58.41821,-27.28320]]],[[[-58.44106,-27.26564],[-58.43653,-27.27075],[-58.44171,-27.26704],[-58.44106,-27.26564]]],[[[-58.45788,-27.27170],[-58.46260,-27.27182],[-58.46332,-27.27085],[-58.45788,-27.27170]]]]}},{"type":"Feature","properties":{"departamento": "Capital", "provincia": "Corrientes", "hechos": 4910, "nivel": "medio"},"geometry":{"type":"Polygon","coordinates":[[[-58.70353,-27.37189],[-58.66329,-27.42242],[-58.67876,-27.47143],[-58.63617,-27.47448],[-58.62635,-27.50883],[-58.64757,-27.51872],[-58.66842,-27.61224],[-58.72740,-27.62750],[-58.77649,-27.65985],[-58.80400,-27.65465],[-58.81544,-27.67548],[-58.88275,-27.60852],[-58.87102,-27.57127],[-58.88140,-27.49789],[-58.78101,-27.38178],[-58.70353,-27.37189]]]}},{"type":"Feature","properties":{"departamento": "Tulumba", "provincia": "Córdoba", "hechos": 98, "nivel": "bajo"},"geometry":{"type":"Polygon","coordinates":[[[-64.49218,-29.82076],[-64.40518,-29.82762],[-64.41011,-29.93009],[-64.21069,-29.97807],[-64.17364,-30.06304],[-64.05260,-30.08766],[-64.04461,-30.06664],[-63.99597,-30.06278],[-63.98173,-30.08366],[-63.95351,-30.07707],[-63.93039,-30.09865],[-63.88686,-30.09724],[-63.85850,-30.12474],[-63.49370,-30.18868],[-63.49253,-30.27218],[-63.38097,-30.27041],[-63.38090,-30.32147],[-63.34848,-30.32366],[-63.32544,-30.23040],[-62.52698,-30.37850],[-62.55047,-30.47011],[-62.32509,-30.51158],[-62.32851,-30.57715],[-62.42859,-30.55449],[-62.44473,-30.56858],[-62.51431,-30.56414],[-62.55396,-30.54804],[-62.54513,-30.54418],[-62.55654,-30.52585],[-62.62918,-30.53258],[-62.65142,-30.51165],[-62.70431,-30.54881],[-62.67979,-30.56723],[-62.68527,-30.59266],[-62.77242,-30.60217],[-62.88461,-30.63528],[-62.87666,-30.66202],[-62.91234,-30.65873],[-62.91443,-30.63981],[-62.92661,-30.66499],[-62.95164,-30.67481],[-62.93731,-30.68352],[-62.98585,-30.67734],[-63.01127,-30.68693],[-63.00129,-30.69577],[-63.02544,-30.69678],[-63.21364,-30.66208],[-63.20751,-30.63901],[-63.36504,-30.60944],[-63.35698,-30.57586],[-63.60433,-30.52615],[-63.61545,-30.57192],[-63.79570,-30.56919],[-63.80238,-30.51026],[-63.84550,-30.51082],[-63.84710,-30.41660],[-63.96357,-30.41491],[-63.97922,-30.45868],[-63.99419,-30.45537],[-64.00559,-30.48322],[-64.08331,-30.46569],[-64.29826,-30.46372],[-64.28372,-30.38876],[-64.37480,-30.37859],[-64.38630,-30.34026],[-64.37890,-30.29057],[-64.36777,-30.29083],[-64.35653,-30.19740],[-64.28324,-30.20189],[-64.26987,-30.11601],[-64.29871,-30.11407],[-64.29615,-30.08632],[-64.98940,-30.01506],[-64.98596,-29.89106],[-64.93793,-29.84751],[-64.96405,-29.59609],[-64.48938,-29.52813],[-64.49218,-29.82076]]]}},{"type":"Feature","properties":{"departamento": "Cruz del Eje", "provincia": "Córdoba", "hechos": 1198, "nivel": "bajo"},"geometry":{"type":"Polygon","coordinates":[[[-64.87082,-30.63453],[-64.71485,-30.63413],[-64.71470,-30.68994],[-64.62430,-30.69011],[-64.61974,-30.77122],[-64.67099,-30.82878],[-64.64469,-30.85623],[-64.64817,-30.92225],[-64.67453,-30.92191],[-64.67455,-30.94365],[-64.69986,-30.94942],[-64.67611,-30.97189],[-64.68671,-31.01878],[-64.65249,-31.00939],[-64.64018,-31.02770],[-64.64306,-31.04587],[-64.67568,-31.06705],[-64.67752,-31.13726],[-64.70407,-31.17879],[-64.69626,-31.22397],[-64.71117,-31.26188],[-64.70051,-31.27762],[-64.72116,-31.28901],[-64.75084,-31.37076],[-64.80654,-31.40387],[-64.80140,-31.41600],[-64.76111,-31.41715],[-64.76136,-31.42654],[-64.83168,-31.41791],[-64.83160,-31.40904],[-64.92332,-31.41239],[-64.90949,-31.39930],[-64.89979,-31.34600],[-64.90537,-31.22139],[-64.94025,-31.16704],[-65.10611,-31.04393],[-65.11949,-31.02117],[-65.10964,-31.00151],[-65.15233,-30.94682],[-65.15812,-30.87428],[-65.33502,-30.88248],[-65.34817,-30.84625],[-65.34701,-30.73785],[-65.37348,-30.69318],[-65.59906,-30.65671],[-65.52524,-30.49082],[-65.42299,-30.11960],[-65.15827,-30.04727],[-64.98596,-29.89106],[-65.00408,-30.22612],[-65.00187,-30.41852],[-65.06526,-30.41867],[-65.03347,-30.47506],[-64.87082,-30.63453]]]}},{"type":"Feature","properties":{"departamento": "Punilla", "provincia": "Córdoba", "hechos": 7599, "nivel": "alto"},"geometry":{"type":"Polygon","coordinates":[[[-64.62430,-30.69011],[-64.51482,-30.70303],[-64.51402,-30.77149],[-64.42540,-30.77757],[-64.44719,-30.83341],[-64.42965,-30.97259],[-64.44922,-31.06055],[-64.41481,-31.17388],[-64.41432,-31.21809],[-64.43579,-31.32771],[-64.42705,-31.41837],[-64.44559,-31.43364],[-64.44802,-31.42101],[-64.48042,-31.42081],[-64.52108,-31.52000],[-64.54920,-31.55320],[-64.54213,-31.68975],[-64.59760,-31.70961],[-64.60038,-31.69352],[-64.63293,-31.69468],[-64.63999,-31.67831],[-64.66442,-31.69230],[-64.69357,-31.67052],[-64.72887,-31.67375],[-64.77244,-31.56011],[-64.75137,-31.51613],[-64.78849,-31.49343],[-64.79296,-31.42469],[-64.76136,-31.42654],[-64.76109,-31.41723],[-64.80140,-31.41600],[-64.80654,-31.40387],[-64.75084,-31.37076],[-64.72116,-31.28901],[-64.70051,-31.27762],[-64.71117,-31.26188],[-64.69626,-31.22397],[-64.70407,-31.17879],[-64.67752,-31.13726],[-64.67568,-31.06705],[-64.64306,-31.04587],[-64.64018,-31.02770],[-64.65249,-31.00939],[-64.68671,-31.01878],[-64.67611,-30.97189],[-64.69986,-30.94942],[-64.67455,-30.94365],[-64.67453,-30.92191],[-64.64817,-30.92225],[-64.64469,-30.85623],[-64.66486,-30.84664],[-64.67095,-30.82849],[-64.61974,-30.77122],[-64.62430,-30.69011]]]}},{"type":"Feature","properties":{"departamento": "Santa María", "provincia": "Córdoba", "hechos": 2819, "nivel": "medio"},"geometry":{"type":"Polygon","coordinates":[[[-64.40689,-31.35512],[-64.35109,-31.37134],[-64.30979,-31.36329],[-64.30979,-31.52498],[-64.05738,-31.52498],[-64.05738,-31.41929],[-64.00228,-31.44703],[-63.97358,-31.45190],[-63.95210,-31.43969],[-63.95675,-31.53647],[-63.93411,-31.55825],[-64.01661,-31.62040],[-63.98528,-31.65114],[-64.01461,-31.65600],[-64.02911,-31.67746],[-64.02727,-31.76868],[-64.01055,-31.74996],[-63.94779,-31.75286],[-63.94687,-31.87444],[-63.91809,-31.87460],[-63.91929,-32.00983],[-63.97445,-31.99801],[-63.97379,-31.95175],[-64.08410,-31.95059],[-64.08451,-32.00465],[-64.24141,-32.00447],[-64.22344,-31.91244],[-64.27429,-31.91266],[-64.27477,-31.94498],[-64.28825,-31.94997],[-64.28807,-31.85364],[-64.31398,-31.85398],[-64.31115,-31.84200],[-64.38482,-31.84650],[-64.40499,-31.83730],[-64.42609,-31.85713],[-64.43213,-31.84000],[-64.44547,-31.83838],[-64.45956,-31.85254],[-64.47563,-31.83727],[-64.48480,-31.85136],[-64.49870,-31.84384],[-64.49147,-31.83104],[-64.50600,-31.82844],[-64.50417,-31.81663],[-64.52855,-31.82937],[-64.52743,-31.85206],[-64.55003,-31.86355],[-64.54918,-31.88240],[-64.58216,-31.87841],[-64.60914,-31.89660],[-64.63426,-31.89695],[-64.63923,-31.88462],[-64.65357,-31.89557],[-64.67759,-31.89454],[-64.67529,-31.88282],[-64.69148,-31.88034],[-64.73277,-31.88625],[-64.76044,-31.86658],[-64.83453,-31.86526],[-64.89494,-31.90693],[-64.92882,-31.90929],[-64.88470,-31.84671],[-64.88733,-31.82806],[-64.78352,-31.82665],[-64.75997,-31.75987],[-64.72686,-31.73537],[-64.72754,-31.71374],[-64.71265,-31.70120],[-64.71739,-31.67136],[-64.67767,-31.67590],[-64.66442,-31.69230],[-64.63999,-31.67831],[-64.63293,-31.69468],[-64.60038,-31.69352],[-64.59808,-31.70958],[-64.54213,-31.68975],[-64.54920,-31.55320],[-64.52108,-31.52000],[-64.48002,-31.42021],[-64.44802,-31.42101],[-64.44559,-31.43364],[-64.42810,-31.42091],[-64.42957,-31.36342],[-64.40689,-31.35512]]]}},{"type":"Feature","properties":{"departamento": "Minas", "provincia": "Córdoba", "hechos": 74, "nivel": "bajo"},"geometry":{"type":"Polygon","coordinates":[[[-65.59901,-30.65672],[-65.37348,-30.69318],[-65.34701,-30.73785],[-65.34817,-30.84625],[-65.33502,-30.88248],[-65.15812,-30.87428],[-65.15233,-30.94682],[-65.10964,-31.00151],[-65.11949,-31.02117],[-65.10611,-31.04393],[-64.94025,-31.16704],[-64.90537,-31.22139],[-64.89944,-31.27688],[-65.77104,-31.26141],[-65.77146,-31.04416],[-65.59901,-30.65672]]]}},{"type":"Feature","properties":{"departamento": "San Alberto", "provincia": "Córdoba", "hechos": 500, "nivel": "bajo"},"geometry":{"type":"Polygon","coordinates":[[[-64.97518,-31.40264],[-64.80245,-31.41833],[-64.78377,-31.50463],[-64.75137,-31.51613],[-64.77244,-31.56011],[-64.71173,-31.69296],[-64.72686,-31.73537],[-64.75997,-31.75987],[-64.78352,-31.82665],[-64.88733,-31.82806],[-64.88470,-31.84671],[-64.92882,-31.90929],[-64.99560,-31.86000],[-65.01872,-31.87859],[-65.04497,-31.87202],[-65.10570,-31.91578],[-65.25199,-31.94840],[-65.35227,-31.92061],[-65.35263,-31.90423],[-65.55064,-31.90692],[-65.55047,-31.89624],[-65.60585,-31.89546],[-65.60637,-31.90846],[-65.76982,-31.88861],[-65.77010,-31.74335],[-65.50223,-31.75937],[-65.48456,-31.69107],[-65.47010,-31.69103],[-65.46926,-31.61985],[-65.39927,-31.62013],[-65.39947,-31.64904],[-65.27340,-31.64983],[-65.26129,-31.67369],[-65.23681,-31.67548],[-65.23550,-31.62104],[-65.25201,-31.62075],[-65.25071,-31.56703],[-65.16652,-31.55958],[-65.16649,-31.49082],[-65.18206,-31.49039],[-65.17195,-31.45331],[-65.13350,-31.45060],[-65.12605,-31.43638],[-65.06651,-31.41353],[-64.97518,-31.40264]]]}},{"type":"Feature","properties":{"departamento": "Río Segundo", "provincia": "Córdoba", "hechos": 2148, "nivel": "bajo"},"geometry":{"type":"Polygon","coordinates":[[[-63.26310,-31.33391],[-63.25978,-31.46465],[-63.22987,-31.47236],[-63.20342,-31.45904],[-63.18624,-31.46928],[-63.20659,-31.55260],[-63.18722,-31.54714],[-63.18419,-31.56334],[-63.16385,-31.56355],[-63.15269,-31.62296],[-63.11136,-31.62279],[-63.11166,-31.66528],[-63.05305,-31.66578],[-63.05243,-31.69247],[-63.03538,-31.69238],[-63.03554,-31.72343],[-63.01472,-31.72343],[-63.00971,-31.79998],[-62.98292,-31.79887],[-62.98247,-31.83359],[-62.96862,-31.83610],[-62.96393,-31.86745],[-62.94958,-31.86744],[-62.94941,-31.91972],[-62.89986,-31.96595],[-62.88176,-31.96611],[-62.88105,-32.01282],[-62.83859,-32.01134],[-62.85118,-32.06053],[-62.95411,-32.04813],[-62.95116,-32.03643],[-63.00624,-32.03661],[-63.00631,-32.02150],[-63.09701,-32.00547],[-63.08348,-31.95221],[-63.11148,-31.95894],[-63.12563,-31.94740],[-63.18259,-32.00156],[-63.21161,-32.01070],[-63.24445,-31.92484],[-63.34252,-31.94178],[-63.34810,-31.96384],[-63.40003,-31.98208],[-63.39625,-31.97068],[-63.42439,-31.98398],[-63.55499,-31.98138],[-63.57001,-31.96423],[-63.65890,-32.02075],[-63.67761,-31.99906],[-63.67788,-32.03505],[-63.69969,-32.03546],[-63.69978,-31.98838],[-63.91895,-31.98699],[-63.91809,-31.87460],[-63.94687,-31.87444],[-63.94779,-31.75286],[-64.01055,-31.74996],[-64.02727,-31.76868],[-64.02911,-31.67746],[-64.01461,-31.65600],[-63.98528,-31.65114],[-64.01661,-31.62040],[-63.93411,-31.55825],[-63.95675,-31.53647],[-63.89827,-31.54297],[-63.73525,-31.51579],[-63.69088,-31.52226],[-63.68077,-31.49291],[-63.61898,-31.49409],[-63.57222,-31.47000],[-63.55791,-31.45790],[-63.54748,-31.41409],[-63.53054,-31.41371],[-63.53063,-31.40328],[-63.48952,-31.40237],[-63.44962,-31.37535],[-63.35843,-31.36761],[-63.36561,-31.31506],[-63.26310,-31.33391]]]}},{"type":"Feature","properties":{"departamento": "San Justo", "provincia": "Córdoba", "hechos": 2187, "nivel": "bajo"},"geometry":{"type":"Polygon","coordinates":[[[-62.13065,-30.48043],[-61.84218,-30.74432],[-62.12349,-31.60541],[-62.24168,-31.69968],[-62.21809,-31.74057],[-62.22349,-31.88393],[-62.18889,-31.92231],[-62.16780,-31.98601],[-62.18214,-32.06368],[-62.32462,-32.03898],[-62.31627,-32.00436],[-62.52083,-31.96724],[-62.52896,-31.99889],[-62.61937,-31.98329],[-62.63563,-32.04721],[-62.83783,-32.00835],[-62.88105,-32.01282],[-62.88176,-31.96611],[-62.89986,-31.96595],[-62.94941,-31.91972],[-62.94958,-31.86744],[-62.96393,-31.86745],[-62.96862,-31.83610],[-62.98247,-31.83359],[-62.98292,-31.79887],[-63.00971,-31.79998],[-63.01472,-31.72343],[-63.03554,-31.72343],[-63.03538,-31.69238],[-63.05243,-31.69247],[-63.05305,-31.66578],[-63.11166,-31.66528],[-63.11136,-31.62279],[-63.15269,-31.62296],[-63.16385,-31.56355],[-63.18419,-31.56334],[-63.18722,-31.54714],[-63.20659,-31.55260],[-63.18624,-31.46928],[-63.20342,-31.45904],[-63.22987,-31.47236],[-63.25984,-31.46450],[-63.26310,-31.33391],[-63.24592,-31.26482],[-63.17758,-31.28344],[-63.15392,-31.15946],[-63.13124,-31.16337],[-63.11963,-31.11722],[-63.04031,-31.13152],[-63.03244,-31.09805],[-63.00994,-31.07189],[-62.95517,-31.07980],[-62.93376,-30.96746],[-62.83405,-30.93251],[-62.81522,-30.85070],[-62.84377,-30.82079],[-62.84227,-30.80501],[-62.90578,-30.78579],[-62.92943,-30.75221],[-62.92201,-30.73059],[-62.93535,-30.71851],[-62.95762,-30.72091],[-62.97126,-30.70723],[-62.99458,-30.71674],[-63.01659,-30.70402],[-63.03971,-30.71296],[-63.04289,-30.70811],[-63.03002,-30.69535],[-63.00082,-30.69553],[-63.01127,-30.68693],[-62.98585,-30.67734],[-62.93731,-30.68352],[-62.95164,-30.67481],[-62.92661,-30.66499],[-62.91443,-30.63981],[-62.91234,-30.65873],[-62.87666,-30.66202],[-62.88461,-30.63528],[-62.77242,-30.60217],[-62.68527,-30.59266],[-62.67979,-30.56723],[-62.70431,-30.54881],[-62.65142,-30.51165],[-62.62918,-30.53258],[-62.55654,-30.52585],[-62.54513,-30.54418],[-62.55396,-30.54804],[-62.51431,-30.56414],[-62.44473,-30.56858],[-62.42859,-30.55449],[-62.32851,-30.57715],[-62.32145,-30.36789],[-62.15756,-30.39616],[-62.13065,-30.48043]]]}},{"type":"Feature","properties":{"departamento": "Unión", "provincia": "Córdoba", "hechos": 1234, "nivel": "bajo"},"geometry":{"type":"Polygon","coordinates":[[[-62.52083,-31.96724],[-62.31627,-32.00436],[-62.32462,-32.03898],[-62.28246,-32.04652],[-62.30650,-32.14208],[-62.33939,-32.13681],[-62.37595,-32.28748],[-62.29468,-32.30135],[-62.29908,-32.31953],[-62.24503,-32.32905],[-62.26601,-32.42905],[-62.34719,-32.41484],[-62.35448,-32.44463],[-62.39052,-32.43815],[-62.45627,-32.68469],[-62.48630,-32.67913],[-62.50381,-32.78216],[-62.49263,-32.78919],[-62.48739,-32.76430],[-62.45113,-32.84827],[-62.51590,-32.83704],[-62.54289,-32.94671],[-62.50780,-32.95275],[-62.53060,-33.04345],[-62.62523,-33.10796],[-62.52081,-33.12753],[-62.57490,-33.21152],[-62.68842,-33.28567],[-62.60334,-33.30135],[-62.64566,-33.35852],[-62.75337,-33.78347],[-62.77669,-33.77933],[-62.80515,-33.89600],[-63.22471,-33.81526],[-63.08166,-33.27276],[-63.21845,-33.24701],[-63.20430,-33.19428],[-63.21528,-33.19204],[-63.13175,-32.91910],[-63.10980,-32.92319],[-63.09061,-32.85025],[-63.05585,-32.85705],[-63.05482,-32.81973],[-63.10332,-32.81103],[-63.05880,-32.63284],[-63.11806,-32.61610],[-63.10113,-32.54796],[-63.08105,-32.52588],[-63.08975,-32.51289],[-63.14658,-32.50608],[-63.16339,-32.47230],[-63.12648,-32.42233],[-63.09770,-32.43832],[-63.09237,-32.41790],[-63.06643,-32.42664],[-63.05784,-32.39324],[-63.06759,-32.39585],[-63.06655,-32.38398],[-63.05350,-32.37636],[-63.02043,-32.38202],[-63.01743,-32.37030],[-62.92738,-32.39146],[-62.86147,-32.16055],[-62.87812,-32.15717],[-62.83783,-32.00835],[-62.63563,-32.04721],[-62.61937,-31.98329],[-62.52896,-31.99889],[-62.52083,-31.96724]]]}},{"type":"Feature","properties":{"departamento": "Tercero Arriba", "provincia": "Córdoba", "hechos": 472, "nivel": "bajo"},"geometry":{"type":"Polygon","coordinates":[[[-63.24445,-31.92484],[-63.21161,-32.01070],[-63.18259,-32.00156],[-63.12563,-31.94740],[-63.11148,-31.95894],[-63.08348,-31.95221],[-63.09701,-32.00547],[-63.11595,-32.00094],[-63.18592,-32.09596],[-63.20132,-32.04827],[-63.35870,-32.08791],[-63.40728,-32.08436],[-63.44772,-32.10373],[-63.37124,-32.19102],[-63.45931,-32.24741],[-63.51618,-32.22239],[-63.52584,-32.25821],[-63.54278,-32.26191],[-63.57244,-32.37882],[-63.49889,-32.39285],[-63.58138,-32.70314],[-63.56029,-32.70710],[-63.57677,-32.76939],[-63.55025,-32.82266],[-63.72152,-32.79069],[-63.69992,-32.70977],[-63.90745,-32.70038],[-63.97740,-32.73769],[-63.97342,-32.72322],[-64.04401,-32.75036],[-63.97794,-32.47556],[-63.94413,-32.45872],[-63.92039,-32.37452],[-63.98860,-32.36090],[-63.98621,-32.32763],[-64.08942,-32.30813],[-64.24586,-32.30822],[-64.24564,-32.32694],[-64.29348,-32.31822],[-64.29389,-32.20491],[-64.30740,-32.18109],[-64.27434,-32.14613],[-64.24141,-32.00447],[-64.08451,-32.00465],[-64.08410,-31.95059],[-63.97379,-31.95175],[-63.97445,-31.99801],[-63.91929,-32.00983],[-63.91895,-31.98699],[-63.69978,-31.98838],[-63.69969,-32.03546],[-63.67788,-32.03505],[-63.67761,-31.99906],[-63.65890,-32.02075],[-63.57001,-31.96423],[-63.55499,-31.98138],[-63.42439,-31.98398],[-63.39625,-31.97068],[-63.40003,-31.98208],[-63.34810,-31.96384],[-63.34252,-31.94178],[-63.24445,-31.92484]]]}},{"type":"Feature","properties":{"departamento": "Río Cuarto", "provincia": "Córdoba", "hechos": 3707, "nivel": "medio"},"geometry":{"type":"Polygon","coordinates":[[[-64.16323,-32.30616],[-63.98621,-32.32763],[-63.98860,-32.36090],[-63.92039,-32.37452],[-63.94413,-32.45872],[-63.97794,-32.47556],[-64.04401,-32.75036],[-63.97342,-32.72322],[-64.02236,-32.90277],[-64.03759,-32.89974],[-64.04266,-32.91077],[-64.04646,-32.92532],[-64.02934,-32.93051],[-64.04803,-33.00187],[-64.06384,-33.00052],[-64.07518,-33.04628],[-63.97658,-33.05428],[-63.99206,-33.11133],[-64.04883,-33.10968],[-64.04794,-33.19264],[-64.02683,-33.19246],[-64.02284,-33.17963],[-63.99578,-33.19630],[-63.96235,-33.19099],[-63.95549,-33.20160],[-63.94431,-33.19149],[-63.92692,-33.20695],[-63.90642,-33.20521],[-63.90376,-33.19283],[-63.89015,-33.19949],[-63.88538,-33.64329],[-64.03921,-33.64310],[-64.03171,-34.17423],[-64.07674,-34.17903],[-64.08829,-34.19868],[-64.16020,-34.20841],[-64.20854,-34.23910],[-64.23925,-34.23890],[-64.25422,-34.22722],[-64.28245,-34.22937],[-64.29432,-34.21395],[-64.31764,-34.22633],[-64.39837,-34.20671],[-64.41052,-34.22230],[-64.42523,-34.20559],[-64.46678,-34.21058],[-64.47270,-34.19725],[-64.52083,-34.18208],[-64.54765,-34.19141],[-64.57826,-34.17081],[-64.62180,-34.17032],[-64.65336,-34.15475],[-64.64494,-34.14237],[-64.68715,-34.11571],[-64.70586,-34.12797],[-64.71170,-34.11250],[-64.73377,-34.10880],[-64.75976,-34.08386],[-64.78716,-34.09408],[-64.80582,-34.08395],[-64.81444,-34.06075],[-64.85128,-34.05594],[-64.85904,-34.06744],[-64.86945,-34.05183],[-64.91260,-34.04235],[-64.99733,-34.03739],[-65.02358,-34.00826],[-65.06143,-34.00622],[-65.06351,-33.97943],[-65.07555,-33.98931],[-65.10435,-33.97143],[-65.14300,-33.19477],[-65.07080,-33.13828],[-65.04491,-33.06251],[-64.99970,-33.00266],[-65.02231,-32.97304],[-64.99278,-32.94517],[-64.98003,-32.88519],[-64.96306,-32.86325],[-64.97067,-32.80505],[-64.94462,-32.76734],[-64.94819,-32.72284],[-64.90946,-32.68540],[-64.92439,-32.65871],[-64.90992,-32.64217],[-64.92147,-32.62362],[-64.88994,-32.57957],[-64.66319,-32.63205],[-64.59450,-32.61685],[-64.57848,-32.63072],[-64.55009,-32.63082],[-64.52679,-32.61770],[-64.48750,-32.47655],[-64.45907,-32.48156],[-64.44850,-32.46696],[-64.42610,-32.37988],[-64.32495,-32.39881],[-64.32199,-32.37637],[-64.24569,-32.39011],[-64.24586,-32.30822],[-64.16323,-32.30616]]]}},{"type":"Feature","properties":{"departamento": "Presidente Roque Sáenz Peña", "provincia": "Córdoba", "hechos": 260, "nivel": "bajo"},"geometry":{"type":"Polygon","coordinates":[[[-63.19319,-33.82258],[-62.54427,-33.94323],[-62.88391,-34.38655],[-63.38508,-34.38576],[-63.38530,-34.52964],[-63.50240,-34.52105],[-63.50154,-34.54484],[-63.82982,-34.54543],[-63.83494,-34.36424],[-64.16220,-34.37046],[-64.16551,-34.25735],[-64.20854,-34.23910],[-64.16020,-34.20841],[-64.08829,-34.19868],[-64.07674,-34.17903],[-64.03171,-34.17423],[-64.03483,-33.83283],[-63.19319,-33.82258]]]}},{"type":"Feature","properties":{"departamento": "General Roca", "provincia": "Córdoba", "hechos": 292, "nivel": "bajo"},"geometry":{"type":"Polygon","coordinates":[[[-65.10904,-33.95568],[-65.07555,-33.98931],[-65.06351,-33.97943],[-65.06143,-34.00622],[-65.02358,-34.00826],[-64.99733,-34.03739],[-64.91260,-34.04235],[-64.86945,-34.05183],[-64.85904,-34.06744],[-64.85128,-34.05594],[-64.81444,-34.06075],[-64.80582,-34.08395],[-64.78716,-34.09408],[-64.75976,-34.08386],[-64.73377,-34.10880],[-64.71170,-34.11250],[-64.70586,-34.12797],[-64.68715,-34.11571],[-64.64494,-34.14237],[-64.65336,-34.15475],[-64.62180,-34.17032],[-64.57826,-34.17081],[-64.54765,-34.19141],[-64.52083,-34.18208],[-64.47270,-34.19725],[-64.46678,-34.21058],[-64.42523,-34.20559],[-64.41052,-34.22230],[-64.39837,-34.20671],[-64.31764,-34.22633],[-64.29432,-34.21395],[-64.27793,-34.23101],[-64.19918,-34.24292],[-64.16551,-34.25735],[-64.16220,-34.37046],[-63.83494,-34.36424],[-63.82982,-34.54543],[-63.50154,-34.54484],[-63.50240,-34.52105],[-63.38530,-34.52964],[-63.38573,-35.00222],[-65.10676,-35.01533],[-65.10904,-33.95568]]]}},{"type":"Feature","properties":{"departamento": "Río Seco", "provincia": "Córdoba", "hechos": 174, "nivel": "bajo"},"geometry":{"type":"Polygon","coordinates":[[[-63.72122,-29.66517],[-63.62790,-29.65500],[-63.46535,-29.66448],[-63.48047,-29.72555],[-63.45970,-29.72552],[-63.45962,-29.75693],[-62.80634,-29.83377],[-62.82923,-29.84159],[-62.83855,-29.86588],[-62.82028,-29.90394],[-62.79955,-29.90876],[-62.78585,-29.94002],[-62.79134,-29.96059],[-62.75362,-29.96642],[-62.72388,-29.99081],[-62.66237,-29.99926],[-62.65499,-30.00735],[-62.67474,-30.03519],[-62.65544,-30.05529],[-62.55648,-30.06279],[-62.56767,-30.12307],[-62.59680,-30.16574],[-62.59362,-30.25958],[-62.53453,-30.31202],[-62.52008,-30.34190],[-62.17379,-30.34531],[-62.15756,-30.39616],[-62.32145,-30.36789],[-62.32509,-30.51158],[-62.55047,-30.47011],[-62.52698,-30.37850],[-63.32544,-30.23040],[-63.34848,-30.32366],[-63.38090,-30.32147],[-63.38097,-30.27041],[-63.49253,-30.27218],[-63.49370,-30.18868],[-63.85850,-30.12474],[-63.88773,-30.09687],[-63.93039,-30.09865],[-63.94455,-30.02727],[-63.88738,-29.95649],[-63.87996,-29.90080],[-63.83495,-29.87690],[-63.81135,-29.80452],[-63.79134,-29.79503],[-63.77883,-29.75747],[-63.76537,-29.70608],[-63.79222,-29.70425],[-63.79147,-29.66250],[-63.77921,-29.63934],[-63.72122,-29.66517]]]}},{"type":"Feature","properties":{"departamento": "Sobremonte", "provincia": "Córdoba", "hechos": 44, "nivel": "bajo"},"geometry":{"type":"Polygon","coordinates":[[[-63.95780,-29.62350],[-63.87386,-29.63079],[-63.84191,-29.58077],[-63.81182,-29.57913],[-63.78377,-29.58417],[-63.79605,-29.61443],[-63.75615,-29.62155],[-63.74715,-29.64965],[-63.77921,-29.63934],[-63.79147,-29.66250],[-63.79222,-29.70425],[-63.76537,-29.70608],[-63.79134,-29.79503],[-63.80602,-29.79395],[-63.83495,-29.87690],[-63.88573,-29.90874],[-63.88738,-29.95649],[-63.94455,-30.02727],[-63.93758,-30.08351],[-63.98245,-30.08341],[-63.99616,-30.06275],[-64.04461,-30.06664],[-64.05260,-30.08766],[-64.17364,-30.06304],[-64.21069,-29.97807],[-64.41011,-29.93009],[-64.40518,-29.82762],[-64.49218,-29.82076],[-64.48938,-29.52813],[-64.27548,-29.49867],[-64.08226,-29.53013],[-63.98080,-29.55103],[-63.95780,-29.62350]]]}},{"type":"Feature","properties":{"departamento": "Capital", "provincia": "Córdoba", "hechos": 79155, "nivel": "alto"},"geometry":{"type":"Polygon","coordinates":[[[-64.05738,-31.30853],[-64.05738,-31.52498],[-64.30979,-31.52498],[-64.30979,-31.30853],[-64.05738,-31.30853]]]}},{"type":"Feature","properties":{"departamento": "Juárez Celman", "provincia": "Córdoba", "hechos": 707, "nivel": "bajo"},"geometry":{"type":"Polygon","coordinates":[[[-63.52445,-32.87208],[-63.42081,-32.90983],[-63.40479,-32.85013],[-63.34538,-32.86131],[-63.39300,-33.04581],[-63.45868,-33.03324],[-63.48134,-33.11890],[-63.33949,-33.14539],[-63.31660,-33.14326],[-63.30033,-33.08145],[-63.19097,-33.10060],[-63.21845,-33.24701],[-63.08166,-33.27276],[-63.22851,-33.83058],[-64.03599,-33.83282],[-64.03921,-33.64310],[-63.88538,-33.64329],[-63.89015,-33.19949],[-63.90376,-33.19283],[-63.90642,-33.20521],[-63.92692,-33.20695],[-63.94431,-33.19149],[-63.95549,-33.20160],[-63.96235,-33.19099],[-63.99578,-33.19630],[-64.02284,-33.17963],[-64.02683,-33.19246],[-64.04794,-33.19264],[-64.04883,-33.10968],[-63.99206,-33.11133],[-63.97658,-33.05428],[-64.07518,-33.04628],[-64.06384,-33.00052],[-64.04803,-33.00187],[-64.02934,-32.93051],[-64.04646,-32.92532],[-64.04266,-32.91077],[-64.03759,-32.89974],[-64.02236,-32.90277],[-63.97740,-32.73769],[-63.90745,-32.70038],[-63.69992,-32.70977],[-63.72152,-32.79069],[-63.51314,-32.82931],[-63.52445,-32.87208]]]}},{"type":"Feature","properties":{"departamento": "Colón", "provincia": "Córdoba", "hechos": 7191, "nivel": "alto"},"geometry":{"type":"Polygon","coordinates":[[[-64.37487,-30.91138],[-64.34423,-30.93824],[-64.30679,-30.93352],[-64.28207,-30.95788],[-64.24173,-30.96877],[-64.20567,-30.96074],[-64.17929,-30.97625],[-64.03937,-30.96010],[-63.99062,-30.94370],[-63.99118,-30.91820],[-63.88799,-30.95297],[-63.89570,-31.01873],[-63.82310,-31.01814],[-63.82320,-31.07339],[-63.83949,-31.06972],[-63.83099,-31.09342],[-63.84454,-31.11197],[-63.86440,-31.11194],[-63.86608,-31.22606],[-63.89517,-31.23112],[-63.89508,-31.24573],[-63.92247,-31.24595],[-63.92218,-31.27408],[-63.95088,-31.27394],[-63.95072,-31.32065],[-63.96476,-31.32067],[-63.96469,-31.34435],[-63.97525,-31.34561],[-63.96411,-31.34952],[-63.96673,-31.37567],[-63.95324,-31.36574],[-63.95210,-31.43969],[-63.97504,-31.45211],[-64.05564,-31.42196],[-64.05738,-31.30853],[-64.30979,-31.30853],[-64.30979,-31.36329],[-64.35109,-31.37134],[-64.41985,-31.35524],[-64.41795,-31.36697],[-64.42650,-31.36148],[-64.43210,-31.37328],[-64.41474,-31.17559],[-64.44922,-31.06055],[-64.42965,-30.97259],[-64.43875,-30.91377],[-64.37487,-30.91138]]]}},{"type":"Feature","properties":{"departamento": "General San Martín", "provincia": "La Rioja", "hechos": 21, "nivel": "bajo"},"geometry":{"type":"Polygon","coordinates":[[[-65.77083,-31.36835],[-65.77040,-31.88900],[-65.89028,-31.91063],[-65.97903,-31.88916],[-66.06924,-31.93647],[-66.07925,-31.97193],[-66.13912,-31.94098],[-66.16103,-31.94034],[-66.16019,-31.96279],[-66.29903,-31.93131],[-66.33746,-31.94321],[-66.34944,-31.99840],[-66.36695,-31.99802],[-66.56882,-31.94981],[-66.60477,-31.93435],[-66.60454,-31.92338],[-66.66179,-31.92054],[-66.77751,-31.83992],[-66.82526,-31.76135],[-66.50526,-31.76711],[-66.31119,-31.82695],[-66.26079,-31.68546],[-66.28470,-31.62564],[-66.29307,-31.53656],[-66.35679,-31.43122],[-66.34110,-31.25814],[-66.26526,-31.20318],[-65.77083,-31.36835]]]}},{"type":"Feature","properties":{"departamento": "Famatina", "provincia": "La Rioja", "hechos": 23, "nivel": "bajo"},"geometry":{"type":"Polygon","coordinates":[[[-67.86102,-28.29535],[-67.84129,-28.31790],[-67.85096,-28.37064],[-67.83578,-28.37620],[-67.81321,-28.37168],[-67.79995,-28.34555],[-67.75683,-28.35415],[-67.76040,-28.32936],[-67.69575,-28.31183],[-67.44640,-28.36802],[-67.43736,-28.41701],[-67.27368,-28.52077],[-67.25365,-28.57154],[-67.26491,-28.68733],[-67.25701,-28.74227],[-67.22549,-28.85017],[-67.17480,-28.90553],[-67.20914,-28.97100],[-67.21588,-29.01323],[-67.83520,-29.01464],[-67.82471,-28.88128],[-67.87713,-28.76106],[-67.82976,-28.53550],[-67.87631,-28.36477],[-67.86102,-28.29535]]]}},{"type":"Feature","properties":{"departamento": "Ischilín", "provincia": "Córdoba", "hechos": 546, "nivel": "bajo"},"geometry":{"type":"Polygon","coordinates":[[[-64.26987,-30.11601],[-64.28324,-30.20189],[-64.35653,-30.19740],[-64.38536,-30.36271],[-64.37480,-30.37859],[-64.28372,-30.38876],[-64.29836,-30.46579],[-64.22900,-30.54610],[-64.18515,-30.64925],[-64.11743,-30.75022],[-64.11349,-30.76113],[-64.12679,-30.76621],[-64.10458,-30.78013],[-64.10155,-30.79989],[-64.14250,-30.78342],[-64.17319,-30.79541],[-64.21736,-30.79025],[-64.26201,-30.81276],[-64.33670,-30.80152],[-64.41574,-30.77153],[-64.51402,-30.77149],[-64.51482,-30.70303],[-64.54423,-30.70380],[-64.54470,-30.69061],[-64.71470,-30.68994],[-64.71485,-30.63413],[-64.87529,-30.63423],[-65.03347,-30.47506],[-65.06526,-30.41867],[-65.00187,-30.41852],[-65.00408,-30.22612],[-64.98940,-30.01506],[-64.29615,-30.08632],[-64.29871,-30.11407],[-64.26987,-30.11601]]]}},{"type":"Feature","properties":{"departamento": "San Blas de Los Sauces", "provincia": "La Rioja", "hechos": 7, "nivel": "bajo"},"geometry":{"type":"Polygon","coordinates":[[[-67.01034,-28.25582],[-66.94256,-28.26617],[-67.02283,-28.35687],[-66.98771,-28.47977],[-67.01271,-28.56990],[-67.01241,-28.61681],[-67.02683,-28.63858],[-67.06469,-28.65265],[-67.06866,-28.71863],[-67.17480,-28.90553],[-67.22549,-28.85017],[-67.25805,-28.73811],[-67.26223,-28.53713],[-67.30007,-28.49814],[-67.43736,-28.41701],[-67.44640,-28.36802],[-67.37531,-28.38453],[-67.15544,-28.38441],[-67.07466,-28.27019],[-67.01034,-28.25582]]]}},{"type":"Feature","properties":{"departamento": "San Antonio", "provincia": "Jujuy", "hechos": 42, "nivel": "bajo"},"geometry":{"type":"Polygon","coordinates":[[[-65.58759,-24.29070],[-65.48810,-24.29572],[-65.45012,-24.26981],[-65.37963,-24.27770],[-65.34579,-24.25499],[-65.20397,-24.28645],[-65.17869,-24.27835],[-65.13757,-24.32640],[-65.18142,-24.33086],[-65.26949,-24.31383],[-65.26941,-24.36202],[-65.35719,-24.38304],[-65.36793,-24.41098],[-65.35065,-24.42904],[-65.35726,-24.46242],[-65.42529,-24.45045],[-65.43466,-24.46218],[-65.46429,-24.43058],[-65.48444,-24.42787],[-65.50436,-24.43809],[-65.50633,-24.45542],[-65.54042,-24.45152],[-65.57127,-24.42225],[-65.60015,-24.41704],[-65.62136,-24.38177],[-65.65633,-24.37742],[-65.65591,-24.35510],[-65.68269,-24.30772],[-65.67247,-24.24870],[-65.58759,-24.29070]]]}},{"type":"Feature","properties":{"departamento": "Totoral", "provincia": "Córdoba", "hechos": 308, "nivel": "bajo"},"geometry":{"type":"Polygon","coordinates":[[[-64.11743,-30.75022],[-64.22900,-30.54610],[-64.29826,-30.46372],[-64.08331,-30.46569],[-64.00559,-30.48322],[-63.99419,-30.45537],[-63.97922,-30.45868],[-63.96357,-30.41491],[-63.84710,-30.41660],[-63.84550,-30.51082],[-63.80238,-30.51026],[-63.79570,-30.56919],[-63.61545,-30.57192],[-63.60433,-30.52615],[-63.56504,-30.53403],[-63.59851,-30.67219],[-63.66238,-30.66703],[-63.72824,-30.93437],[-63.76442,-30.92778],[-63.76427,-30.97132],[-63.82011,-30.97157],[-63.82019,-31.01804],[-63.89570,-31.01873],[-63.88799,-30.95297],[-63.99118,-30.91820],[-63.99062,-30.94370],[-64.03937,-30.96010],[-64.17929,-30.97625],[-64.20567,-30.96074],[-64.24173,-30.96877],[-64.28207,-30.95788],[-64.30679,-30.93352],[-64.34423,-30.93824],[-64.37709,-30.90898],[-64.43875,-30.91377],[-64.44719,-30.83341],[-64.42811,-30.77293],[-64.26201,-30.81276],[-64.21736,-30.79025],[-64.17319,-30.79541],[-64.14250,-30.78342],[-64.10155,-30.79989],[-64.10458,-30.78013],[-64.12679,-30.76621],[-64.11349,-30.76113],[-64.11743,-30.75022]]]}},{"type":"Feature","properties":{"departamento": "General San Martín", "provincia": "Córdoba", "hechos": 2411, "nivel": "bajo"},"geometry":{"type":"Polygon","coordinates":[[[-63.00624,-32.03661],[-62.95116,-32.03643],[-62.95411,-32.04813],[-62.85118,-32.06053],[-62.87812,-32.15717],[-62.86147,-32.16055],[-62.92738,-32.39146],[-63.01743,-32.37030],[-63.02043,-32.38202],[-63.05350,-32.37636],[-63.06655,-32.38398],[-63.06759,-32.39585],[-63.05784,-32.39324],[-63.06643,-32.42664],[-63.09237,-32.41790],[-63.09770,-32.43832],[-63.12648,-32.42233],[-63.16339,-32.47230],[-63.14658,-32.50608],[-63.08975,-32.51289],[-63.08105,-32.52588],[-63.10113,-32.54796],[-63.11806,-32.61610],[-63.05880,-32.63284],[-63.10332,-32.81103],[-63.05482,-32.81973],[-63.05585,-32.85705],[-63.09061,-32.85025],[-63.10980,-32.92319],[-63.13175,-32.91910],[-63.18019,-33.10250],[-63.30033,-33.08145],[-63.31660,-33.14326],[-63.33949,-33.14539],[-63.48134,-33.11890],[-63.45868,-33.03324],[-63.39300,-33.04581],[-63.34538,-32.86131],[-63.40479,-32.85013],[-63.42081,-32.90983],[-63.52445,-32.87208],[-63.51314,-32.82931],[-63.55025,-32.82266],[-63.57677,-32.76939],[-63.56029,-32.70710],[-63.58138,-32.70314],[-63.49889,-32.39285],[-63.57244,-32.37882],[-63.54278,-32.26191],[-63.52584,-32.25821],[-63.51618,-32.22239],[-63.45931,-32.24741],[-63.37124,-32.19102],[-63.44772,-32.10373],[-63.40894,-32.08492],[-63.35870,-32.08791],[-63.20132,-32.04827],[-63.18592,-32.09596],[-63.11595,-32.00094],[-63.00631,-32.02150],[-63.00624,-32.03661]]]}},{"type":"Feature","properties":{"departamento": "San Javier", "provincia": "Córdoba", "hechos": 280, "nivel": "bajo"},"geometry":{"type":"Polygon","coordinates":[[[-65.01047,-31.86456],[-64.92882,-31.90929],[-64.94272,-32.01585],[-64.93356,-32.04772],[-64.96223,-32.22681],[-64.95156,-32.23753],[-64.96137,-32.28197],[-64.95280,-32.30860],[-64.97718,-32.32135],[-65.05685,-32.31400],[-65.21205,-32.32674],[-65.21918,-32.27949],[-65.20833,-32.24918],[-65.23223,-32.20999],[-65.22490,-32.16780],[-65.24583,-32.08901],[-65.31629,-32.04017],[-65.60637,-31.90846],[-65.60585,-31.89546],[-65.55047,-31.89624],[-65.55064,-31.90692],[-65.35263,-31.90423],[-65.35227,-31.92061],[-65.25199,-31.94840],[-65.21041,-31.94239],[-65.20413,-31.93073],[-65.17988,-31.93971],[-65.17398,-31.92580],[-65.10400,-31.91499],[-65.04497,-31.87202],[-65.01872,-31.87859],[-65.01047,-31.86456]]]}},{"type":"Feature","properties":{"departamento": "Río Primero", "provincia": "Córdoba", "hechos": 650, "nivel": "bajo"},"geometry":{"type":"Polygon","coordinates":[[[-63.56504,-30.53403],[-63.35698,-30.57586],[-63.36504,-30.60944],[-63.20751,-30.63901],[-63.21364,-30.66208],[-63.03002,-30.69535],[-63.04043,-30.71293],[-63.02616,-30.70334],[-63.01364,-30.71379],[-62.97126,-30.70723],[-62.95762,-30.72091],[-62.93242,-30.71994],[-62.92201,-30.73059],[-62.92943,-30.75221],[-62.90578,-30.78579],[-62.84227,-30.80501],[-62.84377,-30.82079],[-62.81529,-30.85046],[-62.83405,-30.93251],[-62.93376,-30.96746],[-62.95517,-31.07980],[-63.00994,-31.07189],[-63.03244,-31.09805],[-63.04031,-31.13152],[-63.11963,-31.11722],[-63.13124,-31.16337],[-63.15392,-31.15946],[-63.17758,-31.28344],[-63.24592,-31.26482],[-63.26026,-31.33439],[-63.36561,-31.31506],[-63.35843,-31.36761],[-63.44962,-31.37535],[-63.48952,-31.40237],[-63.53063,-31.40328],[-63.53054,-31.41371],[-63.54748,-31.41409],[-63.55791,-31.45790],[-63.57222,-31.47000],[-63.61898,-31.49409],[-63.68077,-31.49291],[-63.69088,-31.52226],[-63.73525,-31.51579],[-63.89827,-31.54297],[-63.95435,-31.53538],[-63.95324,-31.36574],[-63.96673,-31.37567],[-63.96411,-31.34952],[-63.97525,-31.34561],[-63.96469,-31.34435],[-63.96476,-31.32067],[-63.95072,-31.32065],[-63.95088,-31.27394],[-63.92218,-31.27408],[-63.92247,-31.24595],[-63.89508,-31.24573],[-63.89517,-31.23112],[-63.86608,-31.22606],[-63.86440,-31.11194],[-63.84454,-31.11197],[-63.83099,-31.09342],[-63.83949,-31.06972],[-63.82320,-31.07339],[-63.82011,-30.97157],[-63.76427,-30.97132],[-63.76442,-30.92778],[-63.72824,-30.93437],[-63.66238,-30.66703],[-63.59851,-30.67219],[-63.56504,-30.53403]]]}},{"type":"Feature","properties":{"departamento": "Marcos Juárez", "provincia": "Córdoba", "hechos": 504, "nivel": "bajo"},"geometry":{"type":"Polygon","coordinates":[[[-62.18214,-32.06368],[-62.19678,-32.11477],[-62.17888,-32.15942],[-62.12768,-32.20922],[-62.03789,-32.26291],[-62.01163,-32.34733],[-61.91451,-32.49466],[-61.91207,-32.52647],[-61.93057,-32.54451],[-61.90505,-32.55255],[-61.90248,-32.56862],[-61.92638,-32.58403],[-61.92059,-32.59428],[-61.89183,-32.59053],[-61.88949,-32.61080],[-61.94617,-32.65103],[-61.94663,-32.67848],[-61.90741,-32.69575],[-61.85799,-32.69455],[-61.82840,-32.75451],[-61.81015,-32.75937],[-61.78579,-32.79562],[-61.77769,-32.83040],[-61.79282,-32.87325],[-61.77155,-32.90147],[-61.79100,-32.95841],[-61.78767,-33.00620],[-61.88875,-33.10599],[-61.92325,-33.11958],[-62.54427,-33.94323],[-62.80515,-33.89600],[-62.77669,-33.77933],[-62.75337,-33.78347],[-62.64566,-33.35852],[-62.60334,-33.30135],[-62.68842,-33.28567],[-62.57490,-33.21152],[-62.52081,-33.12753],[-62.62523,-33.10796],[-62.53060,-33.04345],[-62.50780,-32.95275],[-62.54289,-32.94671],[-62.51590,-32.83704],[-62.45113,-32.84827],[-62.48739,-32.76430],[-62.49263,-32.78919],[-62.50381,-32.78216],[-62.48630,-32.67913],[-62.45627,-32.68469],[-62.39052,-32.43815],[-62.35448,-32.44463],[-62.34719,-32.41484],[-62.26601,-32.42905],[-62.24503,-32.32905],[-62.29908,-32.31953],[-62.29468,-32.30135],[-62.37595,-32.28748],[-62.33939,-32.13681],[-62.30650,-32.14208],[-62.28246,-32.04652],[-62.18214,-32.06368]]]}},{"type":"Feature","properties":{"departamento": "Calamuchita", "provincia": "Córdoba", "hechos": 1787, "nivel": "bajo"},"geometry":{"type":"Polygon","coordinates":[[[-64.53050,-31.83315],[-64.50354,-31.81701],[-64.50163,-31.83128],[-64.49427,-31.82319],[-64.48999,-31.83987],[-64.49933,-31.84242],[-64.48480,-31.85136],[-64.47563,-31.83727],[-64.45956,-31.85254],[-64.44547,-31.83838],[-64.43213,-31.84000],[-64.42609,-31.85713],[-64.40499,-31.83730],[-64.38482,-31.84650],[-64.31115,-31.84200],[-64.31398,-31.85398],[-64.28807,-31.85364],[-64.28825,-31.94997],[-64.27477,-31.94498],[-64.27429,-31.91266],[-64.22344,-31.91244],[-64.27434,-32.14613],[-64.30748,-32.18183],[-64.29389,-32.20491],[-64.29348,-32.31822],[-64.24564,-32.32694],[-64.24569,-32.39011],[-64.32199,-32.37637],[-64.32495,-32.39881],[-64.42610,-32.37988],[-64.44850,-32.46696],[-64.45907,-32.48156],[-64.48750,-32.47655],[-64.52679,-32.61770],[-64.55009,-32.63082],[-64.57848,-32.63072],[-64.59450,-32.61685],[-64.66319,-32.63205],[-64.88994,-32.57957],[-64.88287,-32.52972],[-64.91915,-32.48379],[-64.92984,-32.42325],[-64.92333,-32.32779],[-64.94141,-32.29834],[-64.95280,-32.30860],[-64.96137,-32.28197],[-64.92882,-31.90929],[-64.89494,-31.90693],[-64.83453,-31.86526],[-64.76044,-31.86658],[-64.73277,-31.88625],[-64.69148,-31.88034],[-64.67529,-31.88282],[-64.67759,-31.89454],[-64.65357,-31.89557],[-64.63923,-31.88462],[-64.63426,-31.89695],[-64.60914,-31.89660],[-64.58216,-31.87841],[-64.54732,-31.88088],[-64.55272,-31.86876],[-64.52743,-31.85206],[-64.53050,-31.83315]]]}},{"type":"Feature","properties":{"departamento": "Pocho", "provincia": "Córdoba", "hechos": 56, "nivel": "bajo"},"geometry":{"type":"Polygon","coordinates":[[[-65.77104,-31.26141],[-64.89944,-31.27688],[-64.90949,-31.39930],[-64.92401,-31.41318],[-64.98592,-31.39900],[-65.06651,-31.41353],[-65.12605,-31.43638],[-65.13350,-31.45060],[-65.17195,-31.45331],[-65.18206,-31.49039],[-65.16649,-31.49082],[-65.16652,-31.55958],[-65.25071,-31.56703],[-65.25201,-31.62075],[-65.23550,-31.62104],[-65.23681,-31.67548],[-65.26129,-31.67369],[-65.27340,-31.64983],[-65.39947,-31.64904],[-65.39927,-31.62013],[-65.46926,-31.61985],[-65.47010,-31.69103],[-65.48456,-31.69107],[-65.50223,-31.75937],[-65.77010,-31.74335],[-65.77104,-31.26141]]]}},{"type":"Feature","properties":{"departamento": "General Lamadrid", "provincia": "La Rioja", "hechos": 8, "nivel": "bajo"},"geometry":{"type":"Polygon","coordinates":[[[-69.46219,-28.19286],[-68.21880,-28.86913],[-68.01266,-28.90265],[-67.83548,-29.00802],[-67.85344,-29.07709],[-68.24531,-29.22432],[-68.94836,-28.97097],[-68.94889,-28.92002],[-68.90871,-28.85932],[-69.16197,-28.76114],[-69.20958,-28.68241],[-69.21655,-28.60617],[-69.20265,-28.59596],[-69.31617,-28.41161],[-69.37450,-28.44770],[-69.42996,-28.45099],[-69.46877,-28.41526],[-69.49655,-28.41588],[-69.51621,-28.43188],[-69.55524,-28.40582],[-69.60571,-28.41901],[-69.62981,-28.39369],[-69.62456,-28.37818],[-69.59695,-28.39203],[-69.58276,-28.35244],[-69.52357,-28.32966],[-69.49913,-28.28308],[-69.50267,-28.26431],[-69.47442,-28.23717],[-69.47840,-28.20700],[-69.46219,-28.19286]]]}},{"type":"Feature","properties":{"departamento": "Aluminé", "provincia": "Neuquén", "hechos": 29, "nivel": "bajo"},"geometry":{"type":"Polygon","coordinates":[[[-70.88951,-38.72151],[-70.84903,-38.72366],[-70.81776,-38.74343],[-70.78185,-38.73241],[-70.78190,-38.75216],[-70.76187,-38.77688],[-70.74074,-38.78989],[-70.69800,-38.78866],[-70.69999,-38.80858],[-70.64669,-38.85804],[-70.66337,-38.88971],[-70.66031,-38.92314],[-70.60282,-38.99162],[-70.62745,-39.00888],[-70.61031,-39.03773],[-70.62478,-39.06261],[-70.68201,-39.04907],[-70.70684,-39.01357],[-70.71705,-39.03600],[-70.74199,-39.04967],[-70.72723,-39.07910],[-70.73710,-39.11142],[-70.72743,-39.13866],[-70.74849,-39.23927],[-70.72708,-39.27504],[-70.75980,-39.28652],[-70.77837,-39.31036],[-70.78583,-39.36039],[-70.81399,-39.37401],[-70.79261,-39.39266],[-70.76517,-39.39572],[-70.77911,-39.41717],[-70.76952,-39.43627],[-70.75455,-39.43601],[-70.75153,-39.46494],[-70.79997,-39.46510],[-70.83378,-39.48319],[-70.83402,-39.52264],[-70.92866,-39.54001],[-70.95790,-39.52264],[-70.98785,-39.53293],[-71.00162,-39.51947],[-71.01806,-39.52902],[-71.06523,-39.51416],[-71.07615,-39.52570],[-71.12937,-39.51735],[-71.15784,-39.52897],[-71.17465,-39.52113],[-71.20214,-39.46583],[-71.23101,-39.46603],[-71.24438,-39.44781],[-71.28573,-39.48093],[-71.30096,-39.46886],[-71.33337,-39.48267],[-71.36236,-39.46564],[-71.38038,-39.46965],[-71.39030,-39.45582],[-71.44169,-39.45783],[-71.45073,-39.42531],[-71.46389,-39.41931],[-71.44500,-39.40820],[-71.45683,-39.37001],[-71.43314,-39.37198],[-71.39967,-39.35030],[-71.38585,-39.31840],[-71.39511,-39.30180],[-71.37407,-39.28166],[-71.39174,-39.25876],[-71.38229,-39.23791],[-71.39203,-39.21598],[-71.38104,-39.21224],[-71.40148,-39.16491],[-71.42146,-39.15122],[-71.40782,-39.09664],[-71.41850,-39.06985],[-71.39637,-39.04574],[-71.42197,-39.02590],[-71.41383,-39.00820],[-71.44169,-38.98124],[-71.43382,-38.92888],[-71.37480,-38.90653],[-71.33650,-38.87607],[-71.29556,-38.87299],[-71.26788,-38.85344],[-71.26857,-38.82831],[-71.23801,-38.80244],[-71.18520,-38.81521],[-71.18012,-38.80166],[-71.11746,-38.78130],[-71.09452,-38.75471],[-71.06989,-38.76985],[-71.05262,-38.75750],[-71.00069,-38.77014],[-70.98053,-38.75991],[-70.92878,-38.76391],[-70.88951,-38.72151]]]}},{"type":"Feature","properties":{"departamento": "Formosa", "provincia": "Formosa", "hechos": 5687, "nivel": "medio"},"geometry":{"type":"Polygon","coordinates":[[[-58.19608,-25.57609],[-58.15269,-25.56292],[-58.03716,-25.60830],[-58.03555,-25.65834],[-58.02058,-25.68728],[-57.92613,-25.73260],[-57.83281,-25.75245],[-57.79519,-25.81572],[-57.81124,-25.84410],[-57.85847,-25.85800],[-57.86304,-25.88220],[-57.83677,-25.91560],[-57.87897,-25.93227],[-57.89399,-25.95318],[-57.89370,-25.96425],[-57.85247,-25.98955],[-57.85476,-26.00845],[-57.91952,-26.03233],[-57.94641,-26.06602],[-58.01540,-26.10167],[-58.09093,-26.11628],[-58.11864,-26.15435],[-58.11966,-26.18650],[-58.15901,-26.18119],[-58.10423,-26.22989],[-58.16656,-26.26952],[-58.15436,-26.31390],[-58.16601,-26.35768],[-58.21585,-26.38414],[-58.26735,-26.34418],[-58.50413,-26.34335],[-58.50539,-26.17364],[-58.56897,-26.17350],[-58.56870,-26.15921],[-58.75666,-26.15730],[-58.75766,-26.18355],[-58.92603,-26.18530],[-58.92586,-25.77856],[-58.60475,-25.77724],[-58.60497,-25.58307],[-58.22121,-25.58795],[-58.22062,-25.56041],[-58.19608,-25.57609]]]}},{"type":"Feature","properties":{"departamento": "Pilcomayo", "provincia": "Formosa", "hechos": 1854, "nivel": "bajo"},"geometry":{"type":"Polygon","coordinates":[[[-58.22721,-24.92878],[-58.19347,-24.96803],[-58.14978,-24.97521],[-58.13716,-25.01168],[-58.11315,-25.01963],[-58.09057,-25.00875],[-58.06867,-25.04571],[-58.00574,-25.03506],[-57.99071,-25.08179],[-57.94177,-25.07168],[-57.86087,-25.08177],[-57.83701,-25.13143],[-57.78023,-25.15251],[-57.75350,-25.17647],[-57.74862,-25.20674],[-57.75906,-25.22027],[-57.73568,-25.23464],[-57.74103,-25.25325],[-57.72269,-25.25305],[-57.72243,-25.27753],[-57.71183,-25.27305],[-57.70510,-25.29173],[-57.69445,-25.28597],[-57.70723,-25.30006],[-57.70285,-25.32220],[-57.57038,-25.43344],[-57.55939,-25.46178],[-57.57971,-25.51253],[-57.56985,-25.53972],[-57.57813,-25.56747],[-57.60457,-25.56879],[-57.61685,-25.61607],[-57.67498,-25.59700],[-57.67807,-25.66107],[-57.71993,-25.64634],[-57.74251,-25.65161],[-57.76665,-25.70013],[-57.72723,-25.71541],[-57.77658,-25.75960],[-57.82881,-25.75768],[-57.97926,-25.71280],[-58.02058,-25.68728],[-58.03555,-25.65834],[-58.03716,-25.60830],[-58.15269,-25.56292],[-58.19014,-25.57775],[-58.22062,-25.56041],[-58.22121,-25.58795],[-58.60497,-25.58307],[-58.60517,-25.39435],[-58.37835,-25.39297],[-58.38084,-24.95624],[-58.34936,-24.97070],[-58.32958,-25.00088],[-58.25537,-24.93186],[-58.22721,-24.92878]]]}},{"type":"Feature","properties":{"departamento": "Los Lagos", "provincia": "Neuquén", "hechos": 209, "nivel": "bajo"},"geometry":{"type":"Polygon","coordinates":[[[-71.79782,-40.40740],[-71.77324,-40.42276],[-71.75932,-40.41598],[-71.74241,-40.43659],[-71.70874,-40.42252],[-71.65531,-40.45046],[-71.61445,-40.44497],[-71.60577,-40.46198],[-71.57465,-40.45242],[-71.51660,-40.50582],[-71.46337,-40.52034],[-71.44910,-40.53679],[-71.42394,-40.52741],[-71.35623,-40.54026],[-71.32806,-40.56973],[-71.27634,-40.59488],[-71.19562,-40.58230],[-71.15258,-40.59923],[-70.86489,-40.59704],[-70.87909,-40.62042],[-70.97650,-40.64868],[-71.01178,-40.67932],[-71.02972,-40.72443],[-71.09322,-40.72654],[-71.12064,-40.75787],[-71.11933,-40.80406],[-71.09308,-40.82594],[-71.09995,-40.84036],[-71.04684,-40.87122],[-71.05363,-40.88211],[-71.03899,-40.88902],[-71.03202,-40.93315],[-71.06033,-40.98082],[-71.10245,-40.99080],[-71.08858,-40.99721],[-71.11470,-41.00695],[-71.14189,-41.05609],[-71.17488,-41.05620],[-71.24048,-41.09509],[-71.30621,-41.10010],[-71.36072,-41.08868],[-71.45642,-41.04169],[-71.55060,-41.02319],[-71.60760,-41.03491],[-71.78528,-41.01880],[-71.86070,-41.03073],[-71.87519,-40.99919],[-71.90632,-40.98560],[-71.90927,-40.97247],[-71.90018,-40.96040],[-71.85671,-40.95957],[-71.86973,-40.89385],[-71.85865,-40.88117],[-71.88029,-40.88145],[-71.90937,-40.85699],[-71.93471,-40.82168],[-71.92126,-40.78514],[-71.96792,-40.74485],[-71.96244,-40.71901],[-71.86718,-40.66314],[-71.84400,-40.62756],[-71.84105,-40.59751],[-71.82459,-40.57777],[-71.85682,-40.59212],[-71.89041,-40.55502],[-71.85823,-40.55487],[-71.85913,-40.53476],[-71.84305,-40.52513],[-71.85592,-40.51104],[-71.84027,-40.48844],[-71.84162,-40.45210],[-71.82073,-40.43533],[-71.82487,-40.42124],[-71.79782,-40.40740]]]}},{"type":"Feature","properties":{"departamento": "Lácar", "provincia": "Neuquén", "hechos": 639, "nivel": "bajo"},"geometry":{"type":"Polygon","coordinates":[[[-71.36295,-40.03038],[-71.32937,-40.06549],[-71.24028,-40.09945],[-71.17882,-40.09773],[-71.13210,-40.06704],[-71.07007,-40.05676],[-71.02291,-40.09065],[-70.97116,-40.10707],[-70.94636,-40.10693],[-70.87693,-40.06610],[-70.81936,-40.05941],[-70.80292,-40.06796],[-70.78188,-40.09697],[-70.75318,-40.10375],[-70.73716,-40.14490],[-70.70970,-40.15832],[-70.69848,-40.18630],[-70.66716,-40.20161],[-70.66314,-40.22597],[-70.63878,-40.23775],[-70.67263,-40.27507],[-70.65738,-40.30690],[-70.69319,-40.35784],[-70.66443,-40.37556],[-70.67655,-40.39830],[-70.65103,-40.45445],[-70.60794,-40.49558],[-70.57287,-40.48992],[-70.53223,-40.50452],[-70.62140,-40.55151],[-70.64284,-40.58481],[-70.67090,-40.59472],[-70.73313,-40.58005],[-70.86489,-40.59704],[-71.15258,-40.59923],[-71.19562,-40.58230],[-71.27634,-40.59488],[-71.32806,-40.56973],[-71.35623,-40.54026],[-71.42394,-40.52741],[-71.44910,-40.53679],[-71.46337,-40.52034],[-71.51660,-40.50582],[-71.57465,-40.45242],[-71.60577,-40.46198],[-71.61445,-40.44497],[-71.65531,-40.45046],[-71.69603,-40.43344],[-71.70874,-40.42252],[-71.68841,-40.39293],[-71.69341,-40.37363],[-71.65709,-40.36440],[-71.65916,-40.34776],[-71.67256,-40.34358],[-71.67156,-40.31136],[-71.71618,-40.27870],[-71.73657,-40.30617],[-71.75499,-40.30310],[-71.76108,-40.27700],[-71.79891,-40.25578],[-71.80673,-40.23331],[-71.82342,-40.23257],[-71.82849,-40.20733],[-71.79832,-40.18741],[-71.82877,-40.17322],[-71.80870,-40.15124],[-71.81175,-40.13888],[-71.79904,-40.13720],[-71.80358,-40.10999],[-71.83112,-40.10666],[-71.82660,-40.08887],[-71.81087,-40.08047],[-71.69098,-40.11503],[-71.66647,-40.08850],[-71.68917,-40.03615],[-71.67444,-40.02413],[-71.61313,-40.04061],[-71.59034,-40.02802],[-71.52072,-40.03874],[-71.48461,-40.02843],[-71.36295,-40.03038]]]}},{"type":"Feature","properties":{"departamento": "Picunches", "provincia": "Neuquén", "hechos": 55, "nivel": "bajo"},"geometry":{"type":"Polygon","coordinates":[[[-71.02135,-38.11224],[-70.92746,-38.26091],[-70.84435,-38.29585],[-70.81781,-38.32353],[-70.76814,-38.32939],[-70.70931,-38.30925],[-70.64744,-38.26897],[-70.61355,-38.26708],[-70.58935,-38.31213],[-69.90180,-38.32178],[-69.88376,-38.30620],[-69.73492,-38.33781],[-69.70479,-38.37233],[-69.66952,-38.37797],[-69.67173,-38.39462],[-69.64915,-38.40367],[-69.64165,-38.42210],[-69.57516,-38.43617],[-69.54120,-38.47660],[-69.61746,-38.47813],[-69.66141,-38.50910],[-69.74889,-38.52435],[-69.77805,-38.60462],[-69.90226,-38.64073],[-69.94519,-38.68527],[-70.00063,-38.71001],[-70.06052,-38.77575],[-70.14006,-38.78284],[-70.61153,-39.12256],[-70.61052,-39.09162],[-70.62630,-39.06804],[-70.61031,-39.03773],[-70.62776,-39.01207],[-70.60282,-38.99162],[-70.66031,-38.92314],[-70.65015,-38.84958],[-70.69999,-38.80858],[-70.69800,-38.78866],[-70.74074,-38.78989],[-70.76725,-38.77286],[-70.78185,-38.73241],[-70.81776,-38.74343],[-70.84903,-38.72366],[-70.89032,-38.72084],[-70.88450,-38.69819],[-70.90063,-38.68949],[-70.90456,-38.66690],[-70.83689,-38.61243],[-70.82646,-38.59110],[-70.84248,-38.53820],[-70.86691,-38.51358],[-70.91079,-38.50408],[-70.95209,-38.44986],[-70.98395,-38.43015],[-70.98242,-38.36438],[-70.99682,-38.35562],[-71.00307,-38.32299],[-70.99806,-38.29117],[-71.01065,-38.28241],[-71.00898,-38.26169],[-71.03204,-38.24974],[-71.01758,-38.23911],[-71.02032,-38.21400],[-70.99677,-38.20312],[-70.99585,-38.17145],[-71.04335,-38.12268],[-71.02135,-38.11224]]]}},{"type":"Feature","properties":{"departamento": "Minas", "provincia": "Neuquén", "hechos": 12, "nivel": "bajo"},"geometry":{"type":"Polygon","coordinates":[[[-70.56916,-36.13262],[-70.52343,-36.14715],[-70.49132,-36.17886],[-70.47507,-36.17374],[-70.51178,-37.36528],[-70.53519,-37.36799],[-70.53491,-37.37972],[-70.55775,-37.36492],[-70.56425,-37.37875],[-70.57799,-37.37244],[-70.58573,-37.38291],[-70.59482,-37.36951],[-70.61173,-37.37964],[-70.62013,-37.35842],[-70.69953,-37.33563],[-70.71260,-37.34492],[-70.72642,-37.33147],[-70.79521,-37.35043],[-70.88131,-37.34214],[-70.97898,-37.36602],[-71.09528,-37.36624],[-71.14491,-37.33619],[-71.16581,-37.30283],[-71.15295,-37.25148],[-71.15574,-37.23277],[-71.17042,-37.22539],[-71.11534,-37.20775],[-71.13530,-37.14775],[-71.09239,-37.11424],[-71.12282,-37.09163],[-71.12000,-37.07414],[-71.14177,-37.06954],[-71.14367,-37.03256],[-71.16730,-36.99699],[-71.22240,-36.97825],[-71.10596,-36.97089],[-71.08801,-36.93802],[-71.09562,-36.92534],[-71.14401,-36.92934],[-71.14927,-36.90136],[-71.11912,-36.86918],[-71.13844,-36.85329],[-71.16315,-36.86138],[-71.18001,-36.84142],[-71.16275,-36.81911],[-71.15307,-36.82791],[-71.13194,-36.81467],[-71.12835,-36.76361],[-71.11140,-36.72830],[-71.11325,-36.67944],[-71.08589,-36.67820],[-71.06487,-36.71465],[-71.00921,-36.69124],[-71.01200,-36.66391],[-71.02738,-36.66318],[-71.05718,-36.61866],[-71.04721,-36.60668],[-71.05457,-36.57128],[-71.04068,-36.55067],[-71.05071,-36.52355],[-71.03524,-36.50982],[-71.03855,-36.47772],[-71.02166,-36.47259],[-71.01086,-36.48761],[-70.95637,-36.50358],[-70.92798,-36.47438],[-70.89388,-36.47127],[-70.88378,-36.39624],[-70.86483,-36.39725],[-70.86907,-36.41115],[-70.84917,-36.41867],[-70.81769,-36.39537],[-70.79090,-36.42875],[-70.77318,-36.42883],[-70.74779,-36.40587],[-70.73512,-36.41567],[-70.73942,-36.42981],[-70.71298,-36.42777],[-70.67928,-36.38997],[-70.68181,-36.37266],[-70.71243,-36.34497],[-70.68485,-36.30475],[-70.68546,-36.28376],[-70.70620,-36.27259],[-70.66645,-36.24343],[-70.63211,-36.23901],[-70.62467,-36.22770],[-70.63323,-36.21716],[-70.57091,-36.17555],[-70.58286,-36.14730],[-70.56916,-36.13262]]]}},{"type":"Feature","properties":{"departamento": "Chos Malal", "provincia": "Neuquén", "hechos": 138, "nivel": "bajo"},"geometry":{"type":"Polygon","coordinates":[[[-70.39738,-36.11949],[-70.39499,-36.19433],[-70.37062,-36.22379],[-70.37218,-36.28017],[-70.35149,-36.32427],[-70.30358,-36.34056],[-70.26665,-36.32241],[-70.22013,-36.33217],[-70.21293,-36.39040],[-70.19565,-36.42338],[-70.20168,-36.45362],[-70.18285,-36.49079],[-70.13840,-36.52680],[-70.12278,-36.57078],[-70.07592,-36.60662],[-70.04254,-36.65905],[-70.05781,-37.25797],[-70.02145,-37.28539],[-70.02749,-37.30978],[-70.10040,-37.40574],[-70.10576,-37.43393],[-70.08388,-37.47493],[-70.09951,-37.48976],[-70.09491,-37.50147],[-70.17191,-37.47658],[-70.22457,-37.40902],[-70.27926,-37.39670],[-70.31077,-37.37130],[-70.36709,-37.36392],[-70.41147,-37.38627],[-70.44775,-37.34428],[-70.45922,-37.36529],[-70.51178,-37.36528],[-70.47529,-36.17357],[-70.42144,-36.15643],[-70.41507,-36.10991],[-70.39738,-36.11949]]]}},{"type":"Feature","properties":{"departamento": "Huiliches", "provincia": "Neuquén", "hechos": 130, "nivel": "bajo"},"geometry":{"type":"Polygon","coordinates":[[[-71.24190,-39.44900],[-71.23101,-39.46603],[-71.20214,-39.46583],[-71.17465,-39.52113],[-71.15784,-39.52897],[-71.12937,-39.51735],[-71.07615,-39.52570],[-71.06523,-39.51416],[-71.01806,-39.52902],[-71.00162,-39.51947],[-70.98785,-39.53293],[-70.95776,-39.52283],[-70.95507,-39.55028],[-70.97134,-39.55963],[-70.95773,-39.58511],[-70.93511,-39.59436],[-70.94569,-39.64667],[-70.93435,-39.66344],[-70.88070,-39.66803],[-70.90113,-39.71252],[-70.88195,-39.73623],[-70.91150,-39.74026],[-70.93575,-39.75976],[-70.92274,-39.77850],[-70.87471,-39.79455],[-70.86212,-39.86119],[-70.83387,-39.87748],[-70.84833,-39.90222],[-70.82994,-39.94924],[-70.84769,-39.95448],[-70.84542,-39.98740],[-70.82700,-40.00504],[-70.83929,-40.02604],[-70.81534,-40.06222],[-70.87693,-40.06610],[-70.94795,-40.10736],[-71.01900,-40.09251],[-71.07007,-40.05676],[-71.13210,-40.06704],[-71.17882,-40.09773],[-71.24028,-40.09945],[-71.32937,-40.06549],[-71.37700,-40.02409],[-71.52072,-40.03874],[-71.59034,-40.02802],[-71.61313,-40.04061],[-71.67444,-40.02413],[-71.65108,-39.97204],[-71.61959,-39.97262],[-71.61408,-39.95666],[-71.62516,-39.93866],[-71.59813,-39.92969],[-71.59229,-39.90191],[-71.61293,-39.87495],[-71.63339,-39.88239],[-71.64288,-39.85402],[-71.66977,-39.86374],[-71.69128,-39.84181],[-71.69269,-39.82494],[-71.66673,-39.80757],[-71.68505,-39.80236],[-71.68219,-39.76513],[-71.71285,-39.72445],[-71.69409,-39.70719],[-71.70410,-39.69551],[-71.67164,-39.69247],[-71.66988,-39.68246],[-71.68764,-39.67831],[-71.71829,-39.63705],[-71.69478,-39.62436],[-71.69875,-39.58774],[-71.68875,-39.57400],[-71.67418,-39.56361],[-71.65588,-39.58757],[-71.62386,-39.59187],[-71.60975,-39.62839],[-71.57627,-39.63545],[-71.54165,-39.62364],[-71.50165,-39.63724],[-71.46121,-39.58320],[-71.47464,-39.57187],[-71.46686,-39.55723],[-71.50365,-39.55963],[-71.53381,-39.52825],[-71.51599,-39.50274],[-71.47324,-39.49369],[-71.46129,-39.45387],[-71.39030,-39.45582],[-71.38038,-39.46965],[-71.36236,-39.46564],[-71.33337,-39.48267],[-71.30331,-39.46861],[-71.28385,-39.48053],[-71.24190,-39.44900]]]}},{"type":"Feature","properties":{"departamento": "Malargüe", "provincia": "Mendoza", "hechos": 559, "nivel": "bajo"},"geometry":{"type":"Polygon","coordinates":[[[-70.23547,-34.69042],[-70.18229,-34.70703],[-70.14043,-34.74546],[-70.08933,-34.74906],[-70.01397,-34.80958],[-69.68399,-34.96745],[-69.64721,-34.99848],[-69.64526,-35.02435],[-69.60933,-35.08627],[-69.56931,-35.11067],[-69.54702,-35.16507],[-69.55324,-35.18667],[-69.51375,-35.22925],[-69.35015,-35.27510],[-69.27434,-35.25789],[-68.74602,-35.36938],[-68.48698,-35.58107],[-68.29227,-35.99762],[-68.29613,-36.17255],[-68.25018,-36.17249],[-68.25425,-37.57193],[-68.35495,-37.54723],[-68.40118,-37.55873],[-68.43666,-37.54456],[-68.50491,-37.45409],[-68.56992,-37.45628],[-68.61367,-37.43862],[-68.69658,-37.44234],[-68.72164,-37.38894],[-68.76609,-37.36648],[-68.86517,-37.40125],[-68.88468,-37.38200],[-68.94300,-37.37183],[-68.97713,-37.37930],[-69.02604,-37.36479],[-69.04930,-37.31467],[-69.03829,-37.25564],[-69.06413,-37.22365],[-69.17288,-37.17791],[-69.21964,-37.17739],[-69.26832,-37.14450],[-69.37767,-37.15956],[-69.39699,-37.17190],[-69.43007,-37.15949],[-69.52957,-37.17444],[-69.71154,-37.10148],[-69.75563,-37.06864],[-69.76459,-37.00029],[-69.77626,-36.99122],[-69.77027,-36.92472],[-69.77900,-36.91682],[-69.75208,-36.88617],[-69.75965,-36.87152],[-69.85060,-36.84627],[-69.87357,-36.81140],[-69.92188,-36.79471],[-69.92003,-36.76227],[-69.94393,-36.74492],[-69.94753,-36.72161],[-69.98748,-36.69290],[-70.01216,-36.69553],[-70.02208,-36.66584],[-70.04569,-36.65661],[-70.07592,-36.60662],[-70.12257,-36.57105],[-70.13760,-36.52793],[-70.18269,-36.49108],[-70.20159,-36.45391],[-70.19594,-36.42165],[-70.22535,-36.32712],[-70.26665,-36.32241],[-70.30358,-36.34056],[-70.35149,-36.32427],[-70.37218,-36.28017],[-70.37062,-36.22379],[-70.39499,-36.19433],[-70.39738,-36.11949],[-70.42547,-36.09534],[-70.41054,-36.05641],[-70.36995,-36.03965],[-70.38056,-36.02505],[-70.37815,-35.98997],[-70.42295,-35.97155],[-70.36477,-35.92420],[-70.42399,-35.91466],[-70.42197,-35.87659],[-70.38129,-35.86692],[-70.36956,-35.84122],[-70.31196,-35.81316],[-70.37874,-35.78785],[-70.38009,-35.76696],[-70.35830,-35.74964],[-70.37446,-35.70061],[-70.39884,-35.68665],[-70.40663,-35.67284],[-70.39750,-35.66366],[-70.42380,-35.64106],[-70.38470,-35.60511],[-70.41356,-35.52849],[-70.36827,-35.51950],[-70.39422,-35.48533],[-70.41374,-35.48854],[-70.44653,-35.46323],[-70.43233,-35.44571],[-70.45213,-35.42633],[-70.43831,-35.41317],[-70.45200,-35.39162],[-70.42270,-35.37072],[-70.41839,-35.35368],[-70.43189,-35.31829],[-70.50020,-35.32107],[-70.56629,-35.29949],[-70.58369,-35.26716],[-70.56516,-35.24301],[-70.56811,-35.22382],[-70.53605,-35.19910],[-70.47209,-35.20391],[-70.37502,-35.17022],[-70.36119,-35.13550],[-70.37010,-35.11208],[-70.35758,-35.09898],[-70.37389,-35.08569],[-70.37635,-35.05092],[-70.36045,-35.03489],[-70.36378,-35.00602],[-70.33367,-34.98993],[-70.33113,-34.93648],[-70.27632,-34.87626],[-70.27996,-34.85234],[-70.24820,-34.79887],[-70.30857,-34.76991],[-70.30767,-34.75107],[-70.25927,-34.73016],[-70.25341,-34.70304],[-70.23547,-34.69042]]]}},{"type":"Feature","properties":{"departamento": "Luján de Cuyo", "provincia": "Mendoza", "hechos": 4480, "nivel": "medio"},"geometry":{"type":"Polygon","coordinates":[[[-69.42891,-32.62157],[-69.39739,-32.63531],[-69.34292,-32.69354],[-69.31667,-32.75169],[-69.31251,-32.79841],[-69.26265,-32.84939],[-69.26343,-32.91314],[-69.23699,-32.91552],[-69.14493,-32.99142],[-69.12663,-32.99469],[-69.11482,-33.02739],[-69.10399,-33.03069],[-69.10398,-33.01834],[-69.09757,-33.01762],[-69.09659,-33.04032],[-69.06609,-33.01756],[-69.05950,-33.02544],[-69.00923,-32.96046],[-68.82973,-32.96032],[-68.83344,-32.96910],[-68.81585,-32.97235],[-68.84050,-33.02597],[-68.85279,-33.02444],[-68.86332,-33.04590],[-68.82599,-33.06295],[-68.78540,-33.05408],[-68.70071,-33.11614],[-68.61825,-33.09770],[-68.68161,-33.26103],[-68.72016,-33.29455],[-68.73207,-33.34347],[-68.76781,-33.37989],[-68.79712,-33.39825],[-68.83672,-33.36829],[-68.91268,-33.34528],[-68.92193,-33.33916],[-68.90710,-33.29081],[-68.99642,-33.27159],[-69.10915,-33.19987],[-69.14272,-33.19182],[-69.16886,-33.14872],[-69.25672,-33.07180],[-69.34167,-33.05519],[-69.38455,-33.06319],[-69.41628,-33.04463],[-69.44062,-33.00763],[-69.50991,-33.02691],[-69.76918,-33.34277],[-69.79989,-33.28786],[-69.83723,-33.27261],[-69.85962,-33.28355],[-69.90433,-33.27290],[-69.91663,-33.24425],[-69.91586,-33.26677],[-70.00305,-33.32257],[-70.00602,-33.28560],[-70.03826,-33.27040],[-70.02735,-33.23232],[-70.05454,-33.22628],[-70.06440,-33.20511],[-70.05706,-33.17186],[-70.06558,-33.15573],[-70.05173,-33.13455],[-70.07583,-33.12057],[-70.06712,-33.08816],[-70.07499,-33.06288],[-70.09376,-33.05128],[-70.08092,-33.02830],[-70.03465,-33.02312],[-70.02100,-33.00851],[-70.02737,-32.96988],[-69.99983,-32.94483],[-70.00724,-32.93116],[-69.98938,-32.89896],[-70.00383,-32.88231],[-70.04468,-32.86995],[-70.05624,-32.85697],[-70.05195,-32.83683],[-70.07012,-32.82518],[-70.03334,-32.81559],[-69.92051,-32.85760],[-69.89075,-32.82615],[-69.77254,-32.86785],[-69.73040,-32.83364],[-69.60766,-32.78200],[-69.53958,-32.72090],[-69.48937,-32.63417],[-69.42891,-32.62157]]]}},{"type":"Feature","properties":{"departamento": "Las Heras", "provincia": "Mendoza", "hechos": 5228, "nivel": "medio"},"geometry":{"type":"Polygon","coordinates":[[[-69.12404,-32.00291],[-69.06452,-32.07546],[-69.02752,-32.09202],[-69.01315,-32.11594],[-68.91762,-32.11465],[-68.91761,-32.33804],[-68.66571,-32.33710],[-68.51156,-32.26338],[-68.50359,-32.34028],[-68.52257,-32.37252],[-68.57620,-32.38439],[-68.61858,-32.43563],[-68.67339,-32.60016],[-68.65950,-32.65706],[-68.69542,-32.74680],[-68.67040,-32.74111],[-68.69612,-32.80011],[-68.68461,-32.82892],[-68.82031,-32.87390],[-68.83263,-32.86202],[-68.95823,-32.86353],[-68.95820,-32.90450],[-69.00331,-32.90453],[-69.00339,-32.91849],[-69.01722,-32.91746],[-69.00314,-32.93617],[-69.01006,-32.97232],[-69.05950,-33.02544],[-69.06609,-33.01756],[-69.09443,-33.04097],[-69.09757,-33.01762],[-69.10399,-33.03069],[-69.11482,-33.02739],[-69.12663,-32.99469],[-69.14493,-32.99142],[-69.23699,-32.91552],[-69.26343,-32.91314],[-69.26265,-32.84939],[-69.31251,-32.79841],[-69.31667,-32.75169],[-69.34292,-32.69354],[-69.39739,-32.63531],[-69.43244,-32.61939],[-69.49312,-32.63766],[-69.53958,-32.72090],[-69.60766,-32.78200],[-69.73040,-32.83364],[-69.77308,-32.86801],[-69.89075,-32.82615],[-69.92051,-32.85760],[-70.03334,-32.81559],[-70.07174,-32.82495],[-70.10823,-32.80114],[-70.11256,-32.77233],[-70.14758,-32.72843],[-70.15162,-32.63681],[-70.17230,-32.62209],[-70.15067,-32.58147],[-70.12620,-32.57415],[-70.09177,-32.60140],[-70.08960,-32.62243],[-70.06830,-32.62606],[-70.02583,-32.57877],[-70.02622,-32.55893],[-70.00356,-32.52910],[-69.84686,-32.57050],[-69.82738,-32.56271],[-69.82155,-32.54403],[-69.77876,-32.54241],[-69.75886,-32.51238],[-69.70496,-32.49644],[-69.68921,-32.43018],[-69.70419,-32.40321],[-69.73316,-32.39056],[-69.72887,-32.33083],[-69.72150,-32.31418],[-69.68040,-32.30430],[-69.65204,-32.26953],[-69.63031,-32.26209],[-69.60339,-32.21063],[-69.59623,-32.14091],[-69.56102,-32.13139],[-69.53114,-32.14095],[-69.50556,-32.11382],[-69.47678,-32.11115],[-69.45476,-32.07468],[-69.41574,-32.06653],[-69.39041,-32.07795],[-69.37860,-32.06421],[-69.31420,-32.09111],[-69.27680,-32.07001],[-69.24451,-32.01611],[-69.18399,-31.99938],[-69.12404,-32.00291]]]}},{"type":"Feature","properties":{"departamento": "Tunuyán", "provincia": "Mendoza", "hechos": 1378, "nivel": "bajo"},"geometry":{"type":"Polygon","coordinates":[[[-69.77003,-33.35950],[-69.37578,-33.40175],[-69.23611,-33.47142],[-69.05883,-33.52450],[-69.03071,-33.54384],[-68.99890,-33.54257],[-68.99883,-33.60414],[-69.05413,-33.64235],[-69.06623,-33.66639],[-69.18350,-33.73218],[-69.22662,-33.77673],[-69.26845,-33.77518],[-69.30534,-33.79021],[-69.33429,-33.81787],[-69.34099,-33.85495],[-69.35831,-33.86480],[-69.46821,-33.85024],[-69.54984,-33.88314],[-69.56588,-33.86633],[-69.62333,-33.85324],[-69.67128,-33.85247],[-69.69640,-33.87139],[-69.75204,-33.85200],[-69.81795,-33.86643],[-69.89855,-33.82963],[-69.89374,-33.79123],[-69.90458,-33.77085],[-69.86460,-33.71678],[-69.88485,-33.68323],[-69.87019,-33.65162],[-69.88086,-33.61856],[-69.86533,-33.58300],[-69.87218,-33.53947],[-69.83485,-33.51566],[-69.82949,-33.47632],[-69.81511,-33.46917],[-69.81952,-33.43009],[-69.79608,-33.42326],[-69.81551,-33.38987],[-69.78641,-33.39185],[-69.77003,-33.35950]]]}},{"type":"Feature","properties":{"departamento": "San Carlos", "provincia": "Mendoza", "hechos": 588, "nivel": "bajo"},"geometry":{"type":"Polygon","coordinates":[[[-68.28681,-33.47824],[-68.29174,-34.02001],[-68.45432,-34.04143],[-68.45080,-34.21207],[-68.51289,-34.21072],[-68.58391,-34.23728],[-68.65137,-34.23847],[-68.71548,-34.26335],[-68.75107,-34.25889],[-68.80959,-34.37060],[-69.00423,-34.32048],[-69.05323,-34.58119],[-69.09174,-34.58270],[-69.11289,-34.61266],[-69.13048,-34.61060],[-69.18477,-34.63941],[-69.31520,-34.66440],[-69.37996,-34.69464],[-69.42860,-34.70164],[-69.47069,-34.69259],[-69.64270,-34.52337],[-69.69672,-34.48751],[-69.77068,-34.46755],[-69.79407,-34.40448],[-69.90360,-34.33912],[-69.98087,-34.25842],[-69.96851,-34.25067],[-69.90988,-34.29212],[-69.89698,-34.26586],[-69.80720,-34.24835],[-69.79672,-34.21048],[-69.81526,-34.17787],[-69.87329,-34.13107],[-69.83407,-34.08820],[-69.83208,-34.07213],[-69.85403,-34.05627],[-69.82142,-34.01519],[-69.83924,-34.00695],[-69.85421,-33.96371],[-69.88345,-33.97672],[-69.90552,-33.96516],[-69.89006,-33.91948],[-69.85552,-33.89210],[-69.87342,-33.86079],[-69.89900,-33.84731],[-69.89672,-33.83682],[-69.81506,-33.86739],[-69.75204,-33.85200],[-69.69640,-33.87139],[-69.67039,-33.85226],[-69.61287,-33.85446],[-69.56588,-33.86633],[-69.55072,-33.88314],[-69.46821,-33.85024],[-69.35831,-33.86480],[-69.34099,-33.85495],[-69.33429,-33.81787],[-69.30534,-33.79021],[-69.26845,-33.77518],[-69.22662,-33.77673],[-69.18350,-33.73218],[-69.06623,-33.66639],[-69.05413,-33.64235],[-69.00399,-33.61066],[-68.99890,-33.54257],[-68.56381,-33.73331],[-68.60003,-33.48802],[-68.28681,-33.47824]]]}},{"type":"Feature","properties":{"departamento": "San Rafael", "provincia": "Mendoza", "hechos": 5634, "nivel": "medio"},"geometry":{"type":"Polygon","coordinates":[[[-67.15156,-34.11055],[-67.15525,-34.29587],[-66.77592,-34.29774],[-66.80280,-34.30572],[-66.79953,-34.33574],[-66.81189,-34.34510],[-66.78687,-34.37768],[-66.76418,-34.37905],[-66.77517,-34.41004],[-66.79531,-34.41137],[-66.75740,-34.43451],[-66.75637,-34.51198],[-66.79394,-34.49124],[-66.84582,-34.49250],[-66.86966,-34.51271],[-66.92180,-34.51558],[-66.94300,-34.53686],[-67.01745,-34.55836],[-67.05829,-34.55517],[-67.07913,-34.57467],[-67.15282,-34.55934],[-67.20561,-34.56614],[-67.22674,-34.54920],[-67.28462,-34.53775],[-67.33734,-34.55009],[-67.38742,-34.54059],[-67.42730,-34.55897],[-67.63492,-34.53024],[-67.63432,-34.56713],[-67.66578,-34.62472],[-67.68195,-34.77470],[-67.72271,-34.96985],[-67.69323,-35.01424],[-67.71210,-35.05518],[-67.69942,-35.08516],[-67.71873,-35.09842],[-67.70865,-35.10525],[-67.71296,-35.12847],[-67.73013,-35.14958],[-67.71203,-35.17584],[-67.73224,-35.20528],[-67.71359,-35.20829],[-67.71464,-35.24127],[-67.68072,-35.25377],[-67.67175,-35.29652],[-67.64514,-35.31661],[-67.65522,-35.33792],[-67.64426,-35.35363],[-67.64768,-35.39167],[-67.62405,-35.40569],[-67.59348,-35.45686],[-67.54316,-35.48352],[-67.50671,-35.55074],[-67.47985,-35.56441],[-67.47872,-35.59141],[-67.41295,-35.65671],[-67.40406,-35.68179],[-67.41380,-35.68325],[-67.41572,-35.72282],[-67.39674,-35.72927],[-67.33641,-35.80819],[-67.28587,-35.83335],[-67.19488,-35.99925],[-68.29227,-35.99762],[-68.48698,-35.58107],[-68.74602,-35.36938],[-69.27434,-35.25789],[-69.35015,-35.27510],[-69.51375,-35.22925],[-69.55324,-35.18667],[-69.54702,-35.16507],[-69.56931,-35.11067],[-69.60933,-35.08627],[-69.64526,-35.02435],[-69.64721,-34.99848],[-69.68399,-34.96745],[-70.01397,-34.80958],[-70.08933,-34.74906],[-70.14043,-34.74546],[-70.18229,-34.70703],[-70.24238,-34.68966],[-70.21586,-34.68343],[-70.21698,-34.61074],[-70.14442,-34.53288],[-70.12943,-34.48561],[-70.08242,-34.47256],[-70.04181,-34.42341],[-70.01230,-34.41195],[-70.00941,-34.39348],[-70.02424,-34.37372],[-70.01466,-34.33539],[-70.03228,-34.29125],[-69.98090,-34.25305],[-69.90360,-34.33912],[-69.79407,-34.40448],[-69.77068,-34.46755],[-69.68524,-34.49390],[-69.60268,-34.55717],[-69.59501,-34.57716],[-69.47203,-34.69180],[-69.42860,-34.70164],[-69.16223,-34.63260],[-69.13048,-34.61060],[-69.11289,-34.61266],[-69.09174,-34.58270],[-69.05323,-34.58119],[-69.00423,-34.32048],[-68.80959,-34.37060],[-68.75046,-34.25865],[-68.71548,-34.26335],[-68.65137,-34.23847],[-68.58391,-34.23728],[-68.51289,-34.21072],[-68.42552,-34.22258],[-68.39464,-34.19932],[-68.30674,-34.17327],[-68.25705,-34.17640],[-68.17156,-34.21142],[-68.02396,-34.19968],[-67.64779,-34.20110],[-67.56452,-34.10188],[-67.15156,-34.11055]]]}},{"type":"Feature","properties":{"departamento": "Calingasta", "provincia": "San Juan", "hechos": 121, "nivel": "bajo"},"geometry":{"type":"Polygon","coordinates":[[[-69.88942,-30.27436],[-69.83148,-30.29152],[-69.82723,-30.36861],[-69.81119,-30.40533],[-69.78050,-30.41968],[-69.78188,-30.43374],[-69.75142,-30.46997],[-69.75941,-30.49354],[-69.74643,-30.52928],[-69.71202,-30.53732],[-69.72839,-30.54107],[-69.71860,-30.57557],[-69.72629,-30.59213],[-69.70273,-30.61472],[-69.67072,-30.60193],[-69.63214,-30.62406],[-69.60397,-30.66447],[-69.33542,-30.69844],[-69.10375,-30.79477],[-69.12107,-30.83223],[-69.12514,-30.88825],[-69.14752,-30.91986],[-69.13933,-30.94385],[-69.15063,-30.98602],[-69.17927,-31.05067],[-69.21585,-31.09578],[-69.25056,-31.20193],[-69.20993,-31.26052],[-69.21713,-31.28472],[-69.20694,-31.32211],[-69.21864,-31.34040],[-69.19905,-31.37804],[-69.21608,-31.40168],[-69.20514,-31.43141],[-69.21920,-31.45619],[-69.20328,-31.50927],[-69.18843,-31.51521],[-69.19104,-31.53123],[-69.15764,-31.58001],[-69.16207,-31.72549],[-69.13463,-31.75864],[-69.10255,-31.87192],[-69.11777,-31.90830],[-69.10950,-31.93619],[-69.12645,-32.00191],[-69.18399,-31.99938],[-69.24451,-32.01611],[-69.27680,-32.07001],[-69.31420,-32.09111],[-69.37860,-32.06421],[-69.39041,-32.07795],[-69.41574,-32.06653],[-69.45476,-32.07468],[-69.47678,-32.11115],[-69.50556,-32.11382],[-69.53114,-32.14095],[-69.56102,-32.13139],[-69.59623,-32.14091],[-69.60339,-32.21063],[-69.63031,-32.26209],[-69.65204,-32.26953],[-69.68040,-32.30430],[-69.72150,-32.31418],[-69.72887,-32.33083],[-69.73316,-32.39056],[-69.70419,-32.40321],[-69.68921,-32.43018],[-69.70556,-32.49746],[-69.75886,-32.51238],[-69.77876,-32.54241],[-69.82239,-32.54439],[-69.82738,-32.56271],[-69.84686,-32.57050],[-70.00356,-32.52910],[-70.02622,-32.55893],[-70.02583,-32.57877],[-70.07217,-32.62636],[-70.08960,-32.62243],[-70.09177,-32.60140],[-70.12620,-32.57415],[-70.12325,-32.53557],[-70.14875,-32.46566],[-70.23665,-32.42929],[-70.23859,-32.40483],[-70.21733,-32.38220],[-70.22918,-32.36449],[-70.21818,-32.33273],[-70.26247,-32.29165],[-70.28443,-32.29251],[-70.32305,-32.26705],[-70.30095,-32.20682],[-70.31726,-32.17700],[-70.30388,-32.13632],[-70.34166,-32.10864],[-70.35022,-32.08823],[-70.33519,-32.07044],[-70.38823,-32.04540],[-70.37985,-32.02622],[-70.36428,-32.02506],[-70.32874,-32.04929],[-70.28903,-32.05203],[-70.28337,-32.03831],[-70.24826,-32.02386],[-70.24974,-31.99283],[-70.20816,-31.97800],[-70.20932,-31.96041],[-70.28005,-31.88409],[-70.37686,-31.88482],[-70.46044,-31.84387],[-70.45097,-31.81037],[-70.47202,-31.75877],[-70.45803,-31.73398],[-70.46342,-31.71385],[-70.46968,-31.69677],[-70.51294,-31.68978],[-70.50675,-31.65227],[-70.53178,-31.63805],[-70.54774,-31.60612],[-70.56738,-31.60013],[-70.55226,-31.51116],[-70.56658,-31.50233],[-70.56924,-31.47409],[-70.54869,-31.44874],[-70.56021,-31.41996],[-70.53197,-31.40774],[-70.53966,-31.38703],[-70.52762,-31.36424],[-70.54716,-31.31485],[-70.52698,-31.27855],[-70.53183,-31.24666],[-70.51534,-31.23240],[-70.51345,-31.19656],[-70.52434,-31.18983],[-70.49791,-31.12280],[-70.47562,-31.11425],[-70.45584,-31.08430],[-70.43230,-31.10171],[-70.40138,-31.16707],[-70.36056,-31.13571],[-70.36827,-31.10996],[-70.32165,-31.04349],[-70.26910,-31.04309],[-70.27715,-31.02146],[-70.29777,-31.02016],[-70.29338,-30.96999],[-70.31443,-30.95467],[-70.32282,-30.92803],[-70.29548,-30.84575],[-70.27974,-30.83069],[-70.28797,-30.78669],[-70.27298,-30.78057],[-70.26947,-30.74593],[-70.24609,-30.72852],[-70.25909,-30.70016],[-70.23937,-30.66780],[-70.25039,-30.66074],[-70.24664,-30.63421],[-70.20735,-30.55860],[-70.19069,-30.55069],[-70.19683,-30.53749],[-70.17939,-30.51231],[-70.19481,-30.49163],[-70.13628,-30.45884],[-70.11750,-30.43213],[-70.15467,-30.34667],[-70.10658,-30.35206],[-70.10253,-30.36809],[-70.06321,-30.39436],[-70.02038,-30.39690],[-69.99455,-30.37879],[-69.95534,-30.38550],[-69.93513,-30.35821],[-69.89185,-30.35059],[-69.90813,-30.31801],[-69.88942,-30.27436]]]}},{"type":"Feature","properties":{"departamento": "Iglesia", "provincia": "San Juan", "hechos": 91, "nivel": "bajo"},"geometry":{"type":"Polygon","coordinates":[[[-69.61059,-28.41390],[-69.55524,-28.40582],[-69.51621,-28.43188],[-69.49686,-28.41599],[-69.46960,-28.41503],[-69.43124,-28.45069],[-69.38677,-28.45110],[-69.31617,-28.41161],[-69.20265,-28.59596],[-69.21655,-28.60617],[-69.20958,-28.68241],[-69.16197,-28.76114],[-68.90871,-28.85932],[-68.95607,-28.94948],[-68.93037,-28.98231],[-68.93048,-29.01858],[-68.90851,-29.04492],[-68.90796,-29.07279],[-68.92509,-29.09194],[-68.91189,-29.12858],[-68.93500,-29.16638],[-68.95722,-29.16463],[-68.96903,-29.14544],[-69.00124,-29.18664],[-68.97911,-29.23054],[-68.98910,-29.27397],[-68.95880,-29.28526],[-68.95758,-29.31716],[-68.98494,-29.32642],[-68.97459,-29.36415],[-69.00219,-29.39972],[-68.97923,-29.42364],[-68.97488,-29.45705],[-68.98744,-29.47801],[-69.00019,-29.46638],[-69.03372,-29.53297],[-69.01414,-29.65991],[-69.02746,-29.67749],[-69.01477,-29.69912],[-69.03205,-29.76176],[-69.02012,-29.81484],[-69.02995,-29.83623],[-69.02767,-29.87118],[-69.01439,-29.88146],[-69.03990,-29.94962],[-69.02987,-29.98443],[-69.07150,-30.07238],[-69.03916,-30.29490],[-69.06624,-30.32750],[-69.04956,-30.34355],[-69.06302,-30.39389],[-69.06225,-30.46831],[-69.05707,-30.49537],[-69.01365,-30.53894],[-69.06646,-30.54174],[-69.05386,-30.62911],[-69.11372,-30.62958],[-69.08848,-30.72167],[-69.10375,-30.79477],[-69.33542,-30.69844],[-69.60397,-30.66447],[-69.63214,-30.62406],[-69.66847,-30.60314],[-69.70273,-30.61472],[-69.72153,-30.60069],[-69.72839,-30.54107],[-69.71202,-30.53732],[-69.74643,-30.52928],[-69.75941,-30.49354],[-69.75142,-30.46997],[-69.78188,-30.43374],[-69.78050,-30.41968],[-69.81271,-30.40271],[-69.82723,-30.36861],[-69.82997,-30.29438],[-69.88392,-30.27071],[-69.88504,-30.21858],[-69.86869,-30.21082],[-69.83505,-30.21994],[-69.81938,-30.18872],[-69.82878,-30.16227],[-69.80944,-30.15478],[-69.81744,-30.12794],[-69.84792,-30.12988],[-69.89965,-30.10622],[-69.93609,-30.12008],[-69.94422,-30.09324],[-69.96532,-30.08545],[-69.91541,-30.02558],[-69.92604,-29.99919],[-69.89802,-29.95784],[-69.89651,-29.93675],[-69.90872,-29.92857],[-69.88851,-29.90459],[-69.89674,-29.87814],[-69.87655,-29.86164],[-69.89896,-29.84849],[-69.89321,-29.81995],[-69.91485,-29.79271],[-69.87867,-29.72581],[-69.88175,-29.70749],[-69.89356,-29.69389],[-69.90944,-29.69788],[-69.93953,-29.65442],[-69.93174,-29.58591],[-69.95635,-29.53506],[-69.94743,-29.49045],[-69.95646,-29.46646],[-69.98187,-29.45223],[-69.96631,-29.41422],[-70.02128,-29.38440],[-70.01152,-29.36989],[-70.02176,-29.35860],[-70.01044,-29.35380],[-70.02091,-29.32969],[-69.99682,-29.30455],[-69.99799,-29.28580],[-69.93816,-29.24992],[-69.95269,-29.18917],[-69.92435,-29.18639],[-69.87612,-29.13890],[-69.78828,-29.13314],[-69.79365,-29.05105],[-69.78504,-29.01491],[-69.75441,-28.98424],[-69.76570,-28.89879],[-69.74650,-28.88183],[-69.74443,-28.84982],[-69.71433,-28.82543],[-69.70661,-28.78129],[-69.69290,-28.77090],[-69.70137,-28.75054],[-69.72925,-28.73745],[-69.73015,-28.67829],[-69.70149,-28.63987],[-69.70352,-28.62025],[-69.68716,-28.60359],[-69.69394,-28.59497],[-69.66233,-28.58301],[-69.66998,-28.55534],[-69.64978,-28.53825],[-69.66407,-28.52108],[-69.66474,-28.48218],[-69.68050,-28.47061],[-69.63260,-28.42991],[-69.65539,-28.41538],[-69.64887,-28.39615],[-69.63451,-28.38964],[-69.61059,-28.41390]]]}},{"type":"Feature","properties":{"departamento": "Libertador General San Martín", "provincia": "Chaco", "hechos": 730, "nivel": "bajo"},"geometry":{"type":"Polygon","coordinates":[[[-60.09862,-25.66941],[-60.06337,-25.67391],[-60.03485,-25.68942],[-60.01156,-25.72947],[-59.97971,-25.72301],[-59.98684,-25.74325],[-59.95499,-25.76994],[-59.94691,-25.75961],[-59.94311,-25.77338],[-59.92790,-25.76994],[-59.92647,-25.79189],[-59.87751,-25.80221],[-59.87721,-25.84509],[-59.85921,-25.83803],[-59.87134,-25.84580],[-59.84368,-25.85605],[-59.83613,-25.87598],[-59.82716,-25.86964],[-59.81572,-25.88443],[-59.82680,-25.88994],[-59.78118,-25.89668],[-59.78828,-25.90971],[-59.76457,-25.91600],[-59.76864,-25.92568],[-59.75346,-25.92072],[-59.75452,-25.95563],[-59.74357,-25.94952],[-59.75143,-25.96324],[-59.74080,-25.97555],[-59.72787,-25.97015],[-59.72509,-25.99976],[-59.70806,-25.99632],[-59.70779,-26.00978],[-59.70228,-26.00047],[-59.67117,-26.00330],[-59.68543,-26.00940],[-59.66818,-26.02492],[-59.67864,-26.05413],[-59.66361,-26.06246],[-59.68251,-26.08949],[-59.67830,-26.11500],[-59.64927,-26.11945],[-59.66046,-26.14340],[-59.62625,-26.13434],[-59.63737,-26.12006],[-59.60887,-26.12371],[-59.60586,-26.11463],[-59.59721,-26.13096],[-59.58477,-26.12183],[-59.57423,-26.15281],[-59.53548,-26.14132],[-59.47740,-26.16235],[-59.43830,-26.14913],[-59.40879,-26.17913],[-59.42066,-26.17830],[-59.41874,-26.19617],[-59.42888,-26.19881],[-59.41030,-26.20710],[-59.41586,-26.22216],[-59.39793,-26.25862],[-59.38131,-26.26172],[-59.39607,-26.27378],[-59.38456,-26.27930],[-59.38694,-26.29473],[-59.40329,-26.29948],[-59.35751,-26.33797],[-59.31299,-26.31895],[-59.31112,-26.33943],[-59.25241,-26.34871],[-59.25473,-26.34049],[-59.19259,-26.32973],[-59.18196,-26.30472],[-59.14023,-26.29944],[-59.13880,-26.31272],[-59.15211,-26.30801],[-59.15387,-26.31686],[-59.11028,-26.32600],[-59.12882,-26.34399],[-59.10600,-26.34485],[-59.06848,-26.37423],[-59.04290,-26.36535],[-59.02408,-26.38122],[-58.98572,-26.38000],[-58.95556,-26.39988],[-58.90981,-26.46256],[-58.86575,-26.47508],[-58.84561,-26.51922],[-58.79226,-26.51942],[-58.79503,-26.53652],[-58.77228,-26.53692],[-58.74438,-26.60265],[-58.70101,-26.58994],[-58.68845,-26.60398],[-58.89838,-26.79182],[-58.91557,-26.77653],[-58.93905,-26.79384],[-58.95374,-26.78579],[-58.95327,-26.86870],[-59.15459,-26.86984],[-59.15506,-26.81849],[-59.20122,-26.81876],[-59.20134,-26.80149],[-59.45223,-26.80276],[-59.45283,-26.71214],[-59.50324,-26.71248],[-59.50355,-26.62208],[-59.70300,-26.62187],[-59.70323,-26.53170],[-59.80365,-26.53088],[-59.80350,-26.31929],[-59.85348,-26.31889],[-59.85350,-26.30421],[-60.10114,-26.30276],[-60.09862,-25.66941]]]}},{"type":"Feature","properties":{"departamento": "Bermejo", "provincia": "Chaco", "hechos": 305, "nivel": "bajo"},"geometry":{"type":"Polygon","coordinates":[[[-58.68039,-26.64268],[-58.62815,-26.66233],[-58.61100,-26.68149],[-58.57218,-26.68752],[-58.56912,-26.72770],[-58.54539,-26.75159],[-58.54460,-26.73863],[-58.53081,-26.74076],[-58.53414,-26.75613],[-58.52083,-26.75613],[-58.48566,-26.79495],[-58.47330,-26.82822],[-58.45048,-26.81713],[-58.44382,-26.83206],[-58.42243,-26.82438],[-58.42814,-26.83377],[-58.40912,-26.82737],[-58.40437,-26.84059],[-58.40104,-26.82993],[-58.39058,-26.84102],[-58.39866,-26.86489],[-58.38250,-26.85892],[-58.37824,-26.87984],[-58.45964,-26.92965],[-58.50282,-26.92789],[-58.46906,-26.99778],[-58.52109,-27.00385],[-58.49765,-27.04341],[-58.51127,-27.06226],[-58.53006,-27.03627],[-58.56255,-27.04121],[-58.55178,-27.06786],[-58.55737,-27.11218],[-58.60989,-27.11074],[-58.65221,-27.13056],[-58.66163,-27.18658],[-58.59110,-27.22913],[-58.61649,-27.31863],[-58.66879,-27.35909],[-58.75628,-27.38349],[-58.77281,-27.37820],[-58.76782,-27.32338],[-58.73410,-27.28457],[-58.75920,-27.24461],[-58.75227,-27.21807],[-58.77798,-27.21715],[-58.78706,-27.18734],[-58.87033,-27.13775],[-58.87058,-27.11761],[-58.91978,-27.12543],[-58.95922,-27.09139],[-58.95374,-26.78579],[-58.93905,-26.79384],[-58.91557,-26.77653],[-58.89838,-26.79182],[-58.68845,-26.60398],[-58.68039,-26.64268]]]}},{"type":"Feature","properties":{"departamento": "Mitre", "provincia": "Santiago del Estero", "hechos": 12, "nivel": "bajo"},"geometry":{"type":"Polygon","coordinates":[[[-62.75275,-29.30696],[-62.75261,-29.36337],[-62.61652,-29.36414],[-62.61711,-29.44253],[-62.49783,-29.44276],[-62.49781,-29.48218],[-62.55801,-29.48240],[-62.55837,-29.52089],[-62.54501,-29.52116],[-62.53362,-29.59685],[-62.43784,-29.59678],[-62.43615,-29.94958],[-62.60851,-30.05646],[-62.66380,-30.04875],[-62.67474,-30.03519],[-62.65499,-30.00735],[-62.66380,-29.99830],[-62.72388,-29.99081],[-62.75362,-29.96642],[-62.79193,-29.95999],[-62.78585,-29.94002],[-62.79955,-29.90876],[-62.82028,-29.90394],[-62.82497,-29.87590],[-62.83794,-29.87062],[-62.82923,-29.84159],[-62.80874,-29.83713],[-62.80381,-29.81936],[-62.80578,-29.78189],[-62.84898,-29.74877],[-62.84398,-29.66979],[-62.88379,-29.63646],[-62.93511,-29.62194],[-62.96532,-29.58334],[-62.96533,-29.56258],[-62.99218,-29.55812],[-63.01238,-29.51950],[-63.03966,-29.50378],[-63.03144,-29.48166],[-63.05495,-29.48030],[-63.09769,-29.41508],[-63.12804,-29.40535],[-63.11978,-29.35063],[-63.13346,-29.31783],[-63.15784,-29.31238],[-62.99424,-29.21857],[-62.99589,-29.20202],[-62.89154,-29.20210],[-62.89146,-29.28361],[-62.80222,-29.28429],[-62.80218,-29.30642],[-62.75275,-29.30696]]]}},{"type":"Feature","properties":{"departamento": "Atamisqui", "provincia": "Santiago del Estero", "hechos": 79, "nivel": "bajo"},"geometry":{"type":"Polygon","coordinates":[[[-63.81625,-28.41549],[-63.78181,-28.45056],[-63.76696,-28.44612],[-63.77691,-28.47942],[-63.71480,-28.52979],[-63.68985,-28.51885],[-63.69956,-28.54577],[-63.66696,-28.58224],[-63.59934,-28.63348],[-63.58773,-28.63041],[-63.58154,-28.64822],[-63.62247,-28.67323],[-63.58399,-28.72424],[-63.56389,-28.71293],[-63.55260,-28.72876],[-63.65862,-28.79368],[-63.59289,-28.87625],[-63.66739,-28.94210],[-63.73362,-28.94301],[-63.73937,-28.93095],[-63.81614,-28.91422],[-63.83549,-28.89418],[-63.85927,-28.91232],[-63.89229,-28.91111],[-63.95628,-28.87133],[-64.02247,-28.87247],[-64.10987,-28.83357],[-64.13875,-28.79437],[-64.19326,-28.76095],[-64.23441,-28.68243],[-64.20627,-28.59617],[-64.16077,-28.60337],[-64.15532,-28.57746],[-64.04350,-28.59378],[-64.01971,-28.48807],[-63.85128,-28.39111],[-63.83889,-28.40506],[-63.81702,-28.39555],[-63.81625,-28.41549]]]}},{"type":"Feature","properties":{"departamento": "Jiménez", "provincia": "Santiago del Estero", "hechos": 193, "nivel": "bajo"},"geometry":{"type":"Polygon","coordinates":[[[-63.69234,-26.47867],[-63.64671,-26.52810],[-63.65254,-26.59698],[-63.67347,-26.64379],[-63.65456,-26.66587],[-63.65231,-26.74847],[-63.66930,-26.77232],[-63.66180,-26.78898],[-63.67415,-26.79718],[-63.67292,-26.83090],[-63.68912,-26.86526],[-63.68207,-26.90703],[-63.65719,-26.92512],[-63.82395,-26.92432],[-63.82405,-26.93693],[-63.87950,-26.93672],[-63.87912,-26.90513],[-63.98902,-26.90440],[-63.98998,-27.03028],[-64.02102,-27.03001],[-64.02055,-27.06100],[-64.08481,-27.06187],[-64.08545,-27.14295],[-64.11335,-27.14273],[-64.11302,-27.10914],[-64.17671,-27.10862],[-64.17797,-27.19859],[-64.30429,-27.18685],[-64.32382,-27.17567],[-64.32793,-27.19637],[-64.44518,-27.17476],[-64.45677,-27.22446],[-64.44054,-27.26465],[-64.46884,-27.26032],[-64.46747,-27.30353],[-64.47648,-27.30199],[-64.48747,-27.35284],[-64.55812,-27.30946],[-64.57041,-27.33851],[-64.68098,-27.23368],[-64.74962,-27.23108],[-64.76436,-27.18553],[-64.79855,-27.15077],[-64.76686,-27.01481],[-64.74259,-27.00441],[-64.70739,-26.82004],[-64.67771,-26.82498],[-64.67223,-26.79422],[-64.61789,-26.80269],[-64.58702,-26.65793],[-64.49858,-26.67359],[-64.50836,-26.55396],[-64.28207,-26.56861],[-64.28197,-26.60594],[-64.26378,-26.60611],[-64.26357,-26.63445],[-64.15607,-26.65223],[-64.16242,-26.69707],[-63.98047,-26.72126],[-63.87728,-26.72125],[-63.86903,-26.64501],[-63.80177,-26.64129],[-63.76816,-26.47828],[-63.69234,-26.47867]]]}},{"type":"Feature","properties":{"departamento": "Ledesma", "provincia": "Jujuy", "hechos": 1413, "nivel": "bajo"},"geometry":{"type":"Polygon","coordinates":[[[-64.68254,-23.45246],[-64.65769,-23.48317],[-64.53256,-23.52136],[-64.53483,-23.53840],[-64.49587,-23.56714],[-64.47882,-23.60821],[-64.45849,-23.61522],[-64.44833,-23.63942],[-64.42951,-23.63804],[-64.46201,-23.65298],[-64.48740,-23.68435],[-64.48477,-23.70061],[-64.51070,-23.69975],[-64.56837,-23.73026],[-64.57227,-23.78850],[-64.59060,-23.81869],[-64.61111,-23.81599],[-64.61179,-23.84761],[-64.62691,-23.84836],[-64.62828,-23.87372],[-64.64475,-23.87732],[-64.66006,-23.91339],[-64.64768,-23.92616],[-64.66501,-23.93150],[-64.66135,-23.97338],[-64.67421,-23.98243],[-64.66403,-23.99241],[-64.68919,-23.99379],[-64.69355,-24.01400],[-64.67956,-24.01604],[-64.69612,-24.04160],[-64.78356,-24.09452],[-64.84411,-24.07892],[-64.85257,-24.05017],[-64.91937,-24.01065],[-65.00127,-24.02221],[-65.07325,-24.01545],[-65.10987,-24.03254],[-65.13660,-23.97429],[-65.17979,-23.97741],[-65.22301,-23.99825],[-65.21912,-23.97249],[-65.18209,-23.95109],[-65.18179,-23.92511],[-65.29145,-23.86142],[-65.29591,-23.81950],[-65.27133,-23.82818],[-65.23274,-23.79047],[-65.20713,-23.78630],[-65.09675,-23.85664],[-65.10243,-23.78623],[-65.08790,-23.73797],[-65.01491,-23.69902],[-64.92445,-23.73341],[-64.91190,-23.72159],[-64.92015,-23.70641],[-64.89930,-23.67171],[-64.89417,-23.59853],[-64.85956,-23.58333],[-64.84308,-23.53306],[-64.84569,-23.48696],[-64.78748,-23.49616],[-64.76115,-23.47566],[-64.73943,-23.47894],[-64.73843,-23.46762],[-64.68254,-23.45246]]]}},{"type":"Feature","properties":{"departamento": "Humahuaca", "provincia": "Jujuy", "hechos": 265, "nivel": "bajo"},"geometry":{"type":"Polygon","coordinates":[[[-65.27765,-22.64638],[-65.27252,-22.66192],[-65.30606,-22.73040],[-65.30199,-22.76502],[-65.27423,-22.79011],[-65.26279,-22.87400],[-65.24923,-22.89048],[-65.25334,-22.92474],[-65.21824,-22.95895],[-65.19902,-22.95806],[-65.18891,-22.99815],[-65.13376,-23.00188],[-65.06798,-23.04494],[-65.06221,-23.11878],[-65.07169,-23.13765],[-65.04502,-23.15574],[-65.05987,-23.19116],[-65.08449,-23.19708],[-65.16755,-23.31520],[-65.33872,-23.39106],[-65.36116,-23.37155],[-65.39567,-23.36752],[-65.43605,-23.33213],[-65.53428,-23.31158],[-65.71045,-23.38533],[-65.74272,-23.41258],[-65.73089,-23.35456],[-65.74395,-23.31431],[-65.72113,-23.27357],[-65.73633,-23.22901],[-65.72036,-23.20090],[-65.71881,-23.14066],[-65.69254,-23.08678],[-65.70311,-23.06501],[-65.69774,-23.01209],[-65.67272,-22.95518],[-65.61445,-22.92746],[-65.57749,-22.86120],[-65.52235,-22.82499],[-65.50765,-22.76534],[-65.44300,-22.76308],[-65.41052,-22.74469],[-65.34471,-22.60638],[-65.27765,-22.64638]]]}},{"type":"Feature","properties":{"departamento": "Cochinoca", "provincia": "Jujuy", "hechos": 143, "nivel": "bajo"},"geometry":{"type":"Polygon","coordinates":[[[-65.82848,-22.43867],[-65.54625,-22.47995],[-65.50771,-22.52587],[-65.44637,-22.55496],[-65.34864,-22.55118],[-65.34858,-22.62262],[-65.41052,-22.74469],[-65.44300,-22.76308],[-65.50765,-22.76534],[-65.52235,-22.82499],[-65.57749,-22.86120],[-65.61445,-22.92746],[-65.67272,-22.95518],[-65.69774,-23.01209],[-65.70311,-23.06501],[-65.69254,-23.08678],[-65.71881,-23.14066],[-65.72036,-23.20090],[-65.73633,-23.22901],[-65.72113,-23.27357],[-65.74395,-23.31431],[-65.73089,-23.35456],[-65.74272,-23.41258],[-65.76018,-23.41575],[-65.82003,-23.37294],[-65.83337,-23.38347],[-65.83928,-23.41908],[-65.86702,-23.45432],[-65.84356,-23.48161],[-65.85805,-23.54822],[-65.87388,-23.55578],[-65.92102,-23.63591],[-65.95874,-23.66196],[-65.95948,-23.67858],[-65.97079,-23.67084],[-66.00193,-23.68188],[-65.98722,-23.50965],[-66.01120,-23.50878],[-66.11980,-23.43029],[-66.18443,-23.41687],[-66.19833,-23.39170],[-66.10588,-23.22333],[-66.11132,-23.16026],[-66.28176,-22.99931],[-66.58489,-22.99931],[-66.59148,-22.85213],[-66.56786,-22.83251],[-66.52010,-22.83278],[-66.49015,-22.80041],[-66.45381,-22.80436],[-66.43626,-22.76764],[-66.44387,-22.74118],[-66.43165,-22.72857],[-66.35666,-22.76752],[-66.31233,-22.69495],[-66.25836,-22.69079],[-66.22323,-22.71031],[-66.20421,-22.70369],[-66.18152,-22.67167],[-66.13664,-22.68228],[-66.07789,-22.66785],[-66.03949,-22.64806],[-65.99945,-22.58958],[-65.92132,-22.62070],[-65.88581,-22.55670],[-65.86894,-22.56670],[-65.83859,-22.53761],[-65.82848,-22.43867]]]}},{"type":"Feature","properties":{"departamento": "Tumbaya", "provincia": "Jujuy", "hechos": 29, "nivel": "bajo"},"geometry":{"type":"Polygon","coordinates":[[[-65.81408,-23.37636],[-65.75527,-23.41631],[-65.68989,-23.37579],[-65.63494,-23.38307],[-65.57948,-23.43447],[-65.55988,-23.52013],[-65.50504,-23.59268],[-65.51153,-23.64756],[-65.48814,-23.68427],[-65.41534,-23.70677],[-65.40560,-23.72104],[-65.39326,-23.72272],[-65.38081,-23.70517],[-65.35194,-23.71197],[-65.37753,-23.77894],[-65.29591,-23.81950],[-65.28948,-23.86241],[-65.30553,-23.86425],[-65.31771,-23.84586],[-65.35323,-23.85668],[-65.33924,-23.86857],[-65.34508,-23.92725],[-65.36145,-23.91908],[-65.38258,-23.93804],[-65.41931,-23.94321],[-65.41973,-23.97826],[-65.44346,-23.99045],[-65.43309,-24.02679],[-65.50763,-24.01283],[-65.54706,-24.02127],[-65.59664,-23.99588],[-65.60366,-23.92792],[-65.59459,-23.88636],[-65.64758,-23.82994],[-65.67515,-23.84203],[-65.68817,-23.86384],[-65.70504,-23.98385],[-65.75282,-24.05804],[-65.78663,-24.05538],[-65.80452,-24.03302],[-65.86737,-24.00333],[-65.94755,-24.00716],[-65.94201,-23.96746],[-65.99257,-23.97995],[-65.99917,-23.93647],[-66.01655,-23.91808],[-66.02193,-23.86171],[-66.00193,-23.68188],[-65.97079,-23.67084],[-65.95948,-23.67858],[-65.95874,-23.66196],[-65.92102,-23.63591],[-65.87388,-23.55578],[-65.85805,-23.54822],[-65.84356,-23.48161],[-65.86517,-23.46058],[-65.86396,-23.43976],[-65.83928,-23.41908],[-65.83337,-23.38347],[-65.81408,-23.37636]]]}},{"type":"Feature","properties":{"departamento": "Dr. Manuel Belgrano", "provincia": "Jujuy", "hechos": 6310, "nivel": "medio"},"geometry":{"type":"Polygon","coordinates":[[[-65.59755,-23.99322],[-65.54706,-24.02127],[-65.50763,-24.01283],[-65.43309,-24.02679],[-65.44346,-23.99045],[-65.41973,-23.97826],[-65.41931,-23.94321],[-65.38258,-23.93804],[-65.36145,-23.91908],[-65.34508,-23.92725],[-65.33924,-23.86857],[-65.35323,-23.85668],[-65.31787,-23.84585],[-65.30553,-23.86425],[-65.28135,-23.86360],[-65.18476,-23.92024],[-65.18209,-23.95109],[-65.21912,-23.97249],[-65.22301,-23.99825],[-65.17979,-23.97741],[-65.13660,-23.97429],[-65.10987,-24.03254],[-65.13115,-24.08657],[-65.15835,-24.09536],[-65.20077,-24.08241],[-65.20914,-24.10816],[-65.24076,-24.12938],[-65.21341,-24.13886],[-65.21838,-24.20814],[-65.20427,-24.23021],[-65.23488,-24.21707],[-65.25712,-24.22978],[-65.22805,-24.25458],[-65.23496,-24.27673],[-65.34579,-24.25499],[-65.37963,-24.27770],[-65.44591,-24.26920],[-65.48810,-24.29572],[-65.57547,-24.29443],[-65.62835,-24.27778],[-65.69719,-24.22970],[-65.69447,-24.21481],[-65.72502,-24.18600],[-65.71543,-24.16694],[-65.73077,-24.14421],[-65.72086,-24.10934],[-65.75283,-24.07060],[-65.74740,-24.04085],[-65.70504,-23.98385],[-65.68817,-23.86384],[-65.67515,-23.84203],[-65.64758,-23.82994],[-65.59459,-23.88636],[-65.59755,-23.99322]]]}},{"type":"Feature","properties":{"departamento": "Rinconada", "provincia": "Jujuy", "hechos": 4, "nivel": "bajo"},"geometry":{"type":"Polygon","coordinates":[[[-66.41403,-22.24645],[-66.38718,-22.28037],[-66.34981,-22.28234],[-66.31904,-22.32559],[-66.05948,-22.25844],[-66.03194,-22.26907],[-65.98611,-22.40335],[-65.82848,-22.43867],[-65.83859,-22.53761],[-65.86894,-22.56670],[-65.88581,-22.55670],[-65.92132,-22.62070],[-65.99945,-22.58958],[-66.03949,-22.64806],[-66.07789,-22.66785],[-66.13664,-22.68228],[-66.18152,-22.67167],[-66.20421,-22.70369],[-66.22323,-22.71031],[-66.25836,-22.69079],[-66.31233,-22.69495],[-66.35666,-22.76752],[-66.43165,-22.72857],[-66.44387,-22.74118],[-66.43626,-22.76764],[-66.45381,-22.80436],[-66.49015,-22.80041],[-66.52010,-22.83278],[-66.56786,-22.83251],[-66.59148,-22.85213],[-66.58489,-22.99931],[-66.99122,-22.99931],[-67.18050,-22.81413],[-67.12775,-22.72211],[-67.01408,-22.65481],[-67.02725,-22.54088],[-66.97294,-22.54066],[-66.92856,-22.49223],[-66.78247,-22.43808],[-66.78431,-22.40177],[-66.76640,-22.35774],[-66.73432,-22.38037],[-66.68159,-22.37781],[-66.56559,-22.41949],[-66.49262,-22.37644],[-66.46400,-22.31195],[-66.41403,-22.24645]]]}},{"type":"Feature","properties":{"departamento": "Ramón Lista", "provincia": "Formosa", "hechos": 103, "nivel": "bajo"},"geometry":{"type":"Polygon","coordinates":[[[-62.31201,-22.48666],[-62.29037,-22.47443],[-62.28707,-22.52266],[-62.28092,-22.51143],[-62.25229,-22.51530],[-62.25464,-22.53205],[-62.23410,-22.54433],[-62.23348,-22.57049],[-62.26421,-22.60021],[-62.23579,-22.61572],[-62.24235,-22.62836],[-62.22574,-22.62264],[-62.20720,-22.64580],[-62.18896,-22.62255],[-62.20102,-22.68366],[-62.18629,-22.67868],[-62.17722,-22.69361],[-62.20107,-22.69513],[-62.19699,-22.71428],[-62.18491,-22.70510],[-62.15938,-22.73511],[-62.15920,-22.75848],[-62.13856,-22.76162],[-62.14729,-22.76480],[-62.13459,-22.77147],[-62.13963,-22.78072],[-62.11557,-22.79491],[-62.10820,-22.81953],[-62.09524,-22.80614],[-62.07217,-22.84667],[-62.04055,-22.86941],[-62.02164,-22.90830],[-62.02482,-22.92771],[-61.99899,-22.93051],[-61.99595,-22.95153],[-62.01038,-22.97569],[-61.99677,-22.96608],[-62.00590,-22.98850],[-61.99250,-22.99203],[-61.99712,-23.01018],[-61.98947,-23.00292],[-61.98278,-23.02290],[-61.95161,-23.03376],[-61.95534,-23.04851],[-61.94006,-23.04654],[-61.93473,-23.06769],[-61.89183,-23.06963],[-61.88816,-23.08721],[-61.85177,-23.09446],[-61.84389,-23.49292],[-62.34197,-23.49542],[-62.34226,-22.46094],[-62.33446,-22.47873],[-62.31201,-22.48666]]]}},{"type":"Feature","properties":{"departamento": "1° de Mayo", "provincia": "Chaco", "hechos": 156, "nivel": "bajo"},"geometry":{"type":"Polygon","coordinates":[[[-58.95328,-26.86969],[-58.95922,-27.09139],[-58.91978,-27.12543],[-58.87058,-27.11761],[-58.87033,-27.13775],[-58.79470,-27.17976],[-58.77798,-27.21715],[-58.75227,-27.21807],[-58.75920,-27.24461],[-58.73410,-27.28412],[-58.76782,-27.32338],[-58.77281,-27.37820],[-58.87491,-27.48856],[-58.87882,-27.47175],[-58.90161,-27.47254],[-58.87995,-27.46235],[-58.86887,-27.42654],[-59.02861,-27.28338],[-59.05868,-27.29395],[-59.08034,-27.23399],[-59.10837,-27.22686],[-59.09989,-27.21884],[-59.17195,-27.15448],[-59.02824,-27.02739],[-59.17003,-26.89970],[-59.17001,-26.86992],[-58.95328,-26.86969]]]}},{"type":"Feature","properties":{"departamento": "9 de Julio", "provincia": "Chaco", "hechos": 225, "nivel": "bajo"},"geometry":{"type":"Polygon","coordinates":[[[-61.33222,-26.65835],[-61.33567,-26.83911],[-61.18971,-26.84067],[-61.21513,-26.87045],[-60.81703,-27.14240],[-60.81797,-27.19818],[-60.84452,-27.18007],[-60.90586,-27.25203],[-60.81988,-27.30990],[-60.82074,-27.36633],[-61.71250,-26.75508],[-61.71247,-26.65357],[-61.33222,-26.65835]]]}},{"type":"Feature","properties":{"departamento": "San Fernando", "provincia": "Chaco", "hechos": 6353, "nivel": "medio"},"geometry":{"type":"Polygon","coordinates":[[[-58.86887,-27.42654],[-58.87995,-27.46235],[-58.90161,-27.47254],[-58.87882,-27.47175],[-58.87491,-27.48856],[-58.87138,-27.57987],[-58.88275,-27.60852],[-58.83550,-27.64664],[-58.81878,-27.68118],[-58.80971,-27.78341],[-58.84489,-27.88557],[-58.82926,-27.96187],[-58.85774,-28.01161],[-58.86530,-28.05665],[-58.88082,-28.06682],[-58.89241,-28.04567],[-58.88400,-28.00000],[-59.40120,-28.00006],[-59.40409,-27.45205],[-59.21716,-27.44853],[-59.17226,-27.41060],[-59.11519,-27.46129],[-58.97123,-27.33424],[-58.86887,-27.42654]]]}},{"type":"Feature","properties":{"departamento": "San Lorenzo", "provincia": "Chaco", "hechos": 105, "nivel": "bajo"},"geometry":{"type":"Polygon","coordinates":[[[-60.21229,-27.11605],[-60.21536,-27.73810],[-60.52190,-27.73723],[-60.52330,-27.64563],[-60.46917,-27.64592],[-60.46781,-27.46521],[-60.51839,-27.46476],[-60.51337,-27.00985],[-60.21229,-27.11605]]]}},{"type":"Feature","properties":{"departamento": "2 de Abril", "provincia": "Chaco", "hechos": 34, "nivel": "bajo"},"geometry":{"type":"Polygon","coordinates":[[[-61.02235,-27.47822],[-61.01943,-27.63493],[-61.12984,-27.63533],[-61.12948,-27.70547],[-61.24053,-27.70556],[-61.24015,-27.79418],[-61.56833,-27.79483],[-61.57117,-27.48019],[-61.02235,-27.47822]]]}},{"type":"Feature","properties":{"departamento": "25 de Mayo", "provincia": "Chaco", "hechos": 348, "nivel": "bajo"},"geometry":{"type":"Polygon","coordinates":[[[-60.00152,-26.30359],[-59.85350,-26.30421],[-59.85348,-26.31889],[-59.80350,-26.31929],[-59.80365,-26.53088],[-59.85245,-26.53018],[-59.85408,-26.75530],[-60.03718,-27.17763],[-59.98301,-27.19650],[-60.01112,-27.19627],[-60.01130,-27.28640],[-60.21295,-27.28507],[-60.21229,-27.11605],[-60.27249,-27.09494],[-60.08859,-26.67378],[-60.00575,-26.70296],[-60.00152,-26.30359]]]}},{"type":"Feature","properties":{"departamento": "Libertad", "provincia": "Chaco", "hechos": 231, "nivel": "bajo"},"geometry":{"type":"Polygon","coordinates":[[[-59.10837,-27.22686],[-59.08295,-27.23226],[-59.08075,-27.24858],[-59.06827,-27.25027],[-59.05868,-27.29395],[-59.02861,-27.28338],[-58.97123,-27.33424],[-59.11519,-27.46129],[-59.17226,-27.41060],[-59.21716,-27.44853],[-59.40409,-27.45205],[-59.40375,-27.46758],[-59.58223,-27.46811],[-59.58098,-27.29847],[-59.45973,-27.40998],[-59.31737,-27.28207],[-59.32833,-27.27234],[-59.28630,-27.23301],[-59.26898,-27.24798],[-59.17195,-27.15448],[-59.09989,-27.21884],[-59.10837,-27.22686]]]}},{"type":"Feature","properties":{"departamento": "Comandante Fernández", "provincia": "Chaco", "hechos": 1421, "nivel": "bajo"},"geometry":{"type":"Polygon","coordinates":[[[-60.22871,-26.62428],[-60.41299,-27.04541],[-60.69446,-26.94605],[-60.50836,-26.52525],[-60.22871,-26.62428]]]}},{"type":"Feature","properties":{"departamento": "General Belgrano", "provincia": "Chaco", "hechos": 193, "nivel": "bajo"},"geometry":{"type":"Polygon","coordinates":[[[-60.98999,-26.66133],[-60.99273,-26.84196],[-61.00818,-26.84183],[-60.88306,-26.92705],[-60.85142,-26.88991],[-60.81624,-26.90229],[-60.81703,-27.14240],[-61.21513,-26.87045],[-61.18971,-26.84067],[-61.33567,-26.83911],[-61.33222,-26.65835],[-60.98999,-26.66133]]]}},{"type":"Feature","properties":{"departamento": "General Donovan", "provincia": "Chaco", "hechos": 63, "nivel": "bajo"},"geometry":{"type":"Polygon","coordinates":[[[-59.17003,-26.89970],[-59.02824,-27.02739],[-59.26898,-27.24798],[-59.28630,-27.23301],[-59.32833,-27.27234],[-59.31737,-27.28207],[-59.45973,-27.40998],[-59.60016,-27.28081],[-59.55435,-27.23988],[-59.55378,-27.01286],[-59.40291,-27.01244],[-59.40266,-27.02810],[-59.35113,-27.02734],[-59.35151,-26.98226],[-59.30107,-26.98209],[-59.30175,-27.01587],[-59.17003,-26.89970]]]}},{"type":"Feature","properties":{"departamento": "Santa Bárbara", "provincia": "Jujuy", "hechos": 155, "nivel": "bajo"},"geometry":{"type":"Polygon","coordinates":[[[-64.15706,-23.51804],[-64.16100,-24.07061],[-64.15077,-24.13641],[-64.17501,-24.21257],[-64.16184,-24.22106],[-64.18002,-24.26365],[-64.22313,-24.32937],[-64.25239,-24.34442],[-64.25198,-24.36417],[-64.27377,-24.39333],[-64.31583,-24.42631],[-64.42165,-24.40221],[-64.43630,-24.44266],[-64.45537,-24.46304],[-64.48188,-24.46512],[-64.50000,-24.50637],[-64.53339,-24.50532],[-64.52267,-24.46018],[-64.54727,-24.42142],[-64.52417,-24.33400],[-64.49588,-24.30150],[-64.53049,-24.32543],[-64.57896,-24.32059],[-64.64453,-24.33599],[-64.69172,-24.33517],[-64.74119,-24.31524],[-64.69278,-24.20937],[-64.69289,-24.16548],[-64.72168,-24.09705],[-64.70572,-24.06419],[-64.71570,-24.05111],[-64.67962,-24.01618],[-64.69355,-24.01400],[-64.68875,-23.99323],[-64.66403,-23.99241],[-64.67421,-23.98243],[-64.66135,-23.97338],[-64.66501,-23.93150],[-64.64768,-23.92616],[-64.66006,-23.91339],[-64.64475,-23.87732],[-64.62828,-23.87372],[-64.62691,-23.84836],[-64.61179,-23.84761],[-64.61111,-23.81599],[-64.59060,-23.81869],[-64.57227,-23.78850],[-64.56712,-23.72861],[-64.51046,-23.69967],[-64.48477,-23.70061],[-64.48740,-23.68435],[-64.46201,-23.65298],[-64.41227,-23.63175],[-64.39319,-23.61007],[-64.40216,-23.59655],[-64.38559,-23.56358],[-64.35154,-23.53164],[-64.35433,-23.51800],[-64.15706,-23.51804]]]}},{"type":"Feature","properties":{"departamento": "Santa María", "provincia": "Catamarca", "hechos": 295, "nivel": "bajo"},"geometry":{"type":"Polygon","coordinates":[[[-66.20535,-26.13257],[-66.17052,-26.13399],[-66.14229,-26.15934],[-66.09922,-26.21657],[-66.09409,-26.24859],[-66.12115,-26.27608],[-66.11913,-26.37697],[-66.15577,-26.39731],[-66.15484,-26.44367],[-66.17647,-26.46941],[-66.16389,-26.50181],[-66.17255,-26.51057],[-66.16393,-26.53833],[-66.17612,-26.57779],[-66.17124,-26.63121],[-66.04219,-26.60037],[-65.83016,-26.74422],[-65.85386,-26.75966],[-65.88145,-26.80617],[-65.87442,-26.81822],[-65.90047,-26.86379],[-65.85764,-26.90127],[-65.85779,-26.92920],[-65.87490,-26.93291],[-65.89119,-26.97515],[-65.91380,-26.98264],[-65.91712,-27.01488],[-65.96431,-27.03310],[-65.98971,-27.10484],[-66.00569,-27.10361],[-66.05491,-27.14534],[-66.07876,-27.20946],[-66.10995,-27.21552],[-66.13430,-27.24943],[-66.19406,-27.21896],[-66.25465,-27.15351],[-66.36697,-27.20095],[-66.45015,-27.13298],[-66.59017,-27.09865],[-66.59571,-27.06137],[-66.61747,-27.03109],[-66.57676,-26.97996],[-66.57423,-26.94438],[-66.58655,-26.93005],[-66.57370,-26.89851],[-66.60841,-26.87063],[-66.61407,-26.84615],[-66.59878,-26.83355],[-66.65187,-26.78296],[-66.64336,-26.77777],[-66.65782,-26.77340],[-66.66762,-26.74664],[-66.65036,-26.73906],[-66.65726,-26.72925],[-66.64560,-26.71830],[-66.61348,-26.72761],[-66.60149,-26.71120],[-66.61395,-26.69660],[-66.60715,-26.68079],[-66.58082,-26.68496],[-66.59143,-26.67090],[-66.57569,-26.58150],[-66.56891,-26.56036],[-66.54997,-26.55604],[-66.54805,-26.53567],[-66.50813,-26.52726],[-66.47444,-26.54984],[-66.45954,-26.53415],[-66.45628,-26.51827],[-66.47991,-26.49640],[-66.45259,-26.44181],[-66.44531,-26.37441],[-66.37477,-26.41264],[-66.36239,-26.36267],[-66.30196,-26.27070],[-66.29296,-26.22931],[-66.23039,-26.14968],[-66.20535,-26.13257]]]}},{"type":"Feature","properties":{"departamento": "Santa Rosa", "provincia": "Catamarca", "hechos": 102, "nivel": "bajo"},"geometry":{"type":"Polygon","coordinates":[[[-65.36248,-27.84693],[-65.17080,-27.94646],[-65.11239,-28.18665],[-65.10516,-28.32216],[-65.17745,-28.33297],[-65.17833,-28.30923],[-65.20305,-28.29760],[-65.19544,-28.28201],[-65.24592,-28.28804],[-65.30896,-28.20678],[-65.32983,-28.22187],[-65.33582,-28.19944],[-65.36276,-28.21673],[-65.40140,-28.20716],[-65.39115,-28.16955],[-65.42558,-28.19117],[-65.47008,-28.18798],[-65.50650,-28.24035],[-65.50725,-28.23080],[-65.57204,-28.23200],[-65.58574,-28.14744],[-65.56229,-28.12243],[-65.57652,-28.07959],[-65.56213,-28.05028],[-65.55964,-27.99722],[-65.51969,-27.96187],[-65.52317,-27.94934],[-65.49845,-27.92277],[-65.36248,-27.84693]]]}},{"type":"Feature","properties":{"departamento": "La Paz", "provincia": "Catamarca", "hechos": 139, "nivel": "bajo"},"geometry":{"type":"Polygon","coordinates":[[[-65.20971,-28.60423],[-65.19987,-28.62090],[-65.17061,-28.61839],[-65.17325,-28.63325],[-65.13652,-28.64688],[-65.12684,-28.71622],[-65.01663,-28.73781],[-64.97727,-28.78920],[-64.93860,-28.80574],[-64.90113,-28.84131],[-64.91195,-28.88664],[-64.90660,-28.93245],[-64.85984,-29.03500],[-64.85449,-29.19740],[-64.83760,-29.22857],[-64.78120,-29.26545],[-64.83021,-29.27863],[-64.84259,-29.33374],[-64.78597,-29.40550],[-64.82594,-29.47365],[-64.82463,-29.57430],[-64.96405,-29.59609],[-64.93793,-29.84751],[-65.15827,-30.04727],[-65.42299,-30.11960],[-65.59054,-29.71824],[-65.51940,-29.60481],[-65.53622,-29.51570],[-65.51765,-29.48511],[-65.53210,-29.47185],[-65.51983,-29.41095],[-65.50605,-29.39665],[-65.51669,-29.33618],[-65.51001,-29.28572],[-65.49348,-29.26460],[-65.50533,-29.24715],[-65.49965,-29.22862],[-65.47701,-29.21360],[-65.44826,-29.14967],[-65.41671,-29.14564],[-65.38345,-29.10346],[-65.36678,-28.93500],[-65.30613,-28.82744],[-65.31114,-28.81627],[-65.38090,-28.79842],[-65.34108,-28.69709],[-65.31218,-28.70417],[-65.31539,-28.63270],[-65.28259,-28.64090],[-65.27021,-28.60309],[-65.20971,-28.60423]]]}},{"type":"Feature","properties":{"departamento": "Fray Mamerto Esquiú", "provincia": "Catamarca", "hechos": 273, "nivel": "bajo"},"geometry":{"type":"Polygon","coordinates":[[[-65.72351,-28.23831],[-65.70043,-28.31745],[-65.66494,-28.33585],[-65.67310,-28.36527],[-65.66018,-28.38942],[-65.66389,-28.42756],[-65.68330,-28.44920],[-65.72797,-28.42903],[-65.72852,-28.38715],[-65.76101,-28.38256],[-65.81453,-28.26302],[-65.79305,-28.24426],[-65.72351,-28.23831]]]}},{"type":"Feature","properties":{"departamento": "Belén", "provincia": "Catamarca", "hechos": 234, "nivel": "bajo"},"geometry":{"type":"Polygon","coordinates":[[[-66.84663,-25.97007],[-66.78104,-26.03395],[-66.78039,-26.04691],[-66.75727,-26.05013],[-66.72376,-26.07879],[-66.66087,-26.07666],[-66.66000,-26.10648],[-66.57236,-26.17872],[-66.57598,-26.21067],[-66.55352,-26.26002],[-66.56025,-26.29477],[-66.53988,-26.35316],[-66.44531,-26.37441],[-66.45259,-26.44181],[-66.47991,-26.49640],[-66.45628,-26.51827],[-66.45954,-26.53415],[-66.47444,-26.54984],[-66.50813,-26.52726],[-66.54805,-26.53567],[-66.54997,-26.55604],[-66.56891,-26.56036],[-66.57569,-26.58150],[-66.59143,-26.67090],[-66.58082,-26.68496],[-66.60715,-26.68079],[-66.61395,-26.69660],[-66.60149,-26.71120],[-66.61348,-26.72761],[-66.64560,-26.71830],[-66.65726,-26.72925],[-66.65036,-26.73906],[-66.66762,-26.74664],[-66.65782,-26.77340],[-66.64336,-26.77777],[-66.65187,-26.78296],[-66.59878,-26.83355],[-66.61407,-26.84615],[-66.60841,-26.87063],[-66.57370,-26.89851],[-66.58655,-26.93005],[-66.57423,-26.94438],[-66.57676,-26.97996],[-66.61747,-27.03109],[-66.59571,-27.06137],[-66.59677,-27.08961],[-66.53665,-27.25439],[-66.55410,-27.24820],[-66.62318,-27.28159],[-66.61824,-27.29340],[-66.62880,-27.30036],[-66.61267,-27.31495],[-66.62882,-27.33564],[-66.61410,-27.35754],[-66.63063,-27.37016],[-66.62937,-27.38721],[-66.60315,-27.40868],[-66.63154,-27.43709],[-66.64870,-27.49517],[-66.68049,-27.50591],[-66.73524,-27.55187],[-66.70148,-27.58084],[-66.74288,-27.64124],[-66.71437,-27.67280],[-66.71498,-27.68913],[-66.72320,-27.68585],[-66.71060,-27.70369],[-66.73394,-27.71253],[-66.74840,-27.74508],[-66.77116,-27.75981],[-66.73881,-27.78946],[-66.74048,-28.03499],[-67.23110,-28.03139],[-67.26474,-28.05533],[-67.30397,-28.04229],[-67.32739,-28.05748],[-67.35440,-28.02341],[-67.32823,-27.91430],[-67.35443,-27.92248],[-67.36390,-27.83211],[-67.34801,-27.79325],[-67.31777,-27.78048],[-67.29441,-27.73463],[-67.33947,-27.68606],[-67.36048,-27.68495],[-67.32980,-27.63283],[-67.31859,-27.57706],[-67.23998,-27.46734],[-67.30031,-27.44024],[-67.30265,-27.42728],[-67.30400,-27.40142],[-67.28570,-27.39841],[-67.30989,-27.37593],[-67.25851,-27.34953],[-67.29441,-27.30743],[-67.28748,-27.26702],[-67.27429,-27.26100],[-67.28220,-27.23374],[-67.26720,-27.23003],[-67.27540,-27.17284],[-67.26481,-27.16618],[-67.29557,-27.08670],[-67.27796,-27.04773],[-67.27548,-26.99844],[-67.25063,-26.97562],[-67.25075,-26.94422],[-67.23060,-26.92050],[-67.20554,-26.92071],[-67.20265,-26.88538],[-67.17824,-26.87935],[-67.14920,-26.83730],[-67.22561,-26.73938],[-67.28494,-26.69968],[-67.18257,-26.66794],[-67.15352,-26.62022],[-67.13944,-26.62891],[-67.11827,-26.60828],[-67.09048,-26.61366],[-67.04870,-26.50991],[-67.04601,-26.42072],[-67.06136,-26.39686],[-67.03398,-26.39747],[-67.03674,-26.33345],[-67.01096,-26.31055],[-66.99571,-26.25404],[-67.00181,-26.23299],[-66.96590,-26.16726],[-66.96373,-26.13813],[-66.92232,-26.10131],[-66.90768,-26.11852],[-66.83982,-26.11099],[-66.84299,-26.09565],[-66.82411,-26.07568],[-66.87663,-25.99934],[-66.90502,-25.99319],[-66.91945,-25.94460],[-66.85235,-25.91862],[-66.84663,-25.97007]]]}},{"type":"Feature","properties":{"departamento": "Capital", "provincia": "Catamarca", "hechos": 5900, "nivel": "medio"},"geometry":{"type":"Polygon","coordinates":[[[-65.81217,-28.26642],[-65.76101,-28.38256],[-65.72852,-28.38715],[-65.72444,-28.43806],[-65.76978,-28.48730],[-65.77779,-28.54173],[-65.79159,-28.55794],[-65.89910,-28.48321],[-65.91921,-28.43796],[-65.93814,-28.43734],[-65.94997,-28.39849],[-65.95151,-28.33740],[-65.89334,-28.32986],[-65.88706,-28.31871],[-65.87603,-28.33346],[-65.83729,-28.29660],[-65.82721,-28.27018],[-65.81217,-28.26642]]]}},{"type":"Feature","properties":{"departamento": "Ancasti", "provincia": "Catamarca", "hechos": 15, "nivel": "bajo"},"geometry":{"type":"Polygon","coordinates":[[[-65.60894,-28.59764],[-65.45392,-28.63666],[-65.45426,-28.66014],[-65.42699,-28.66877],[-65.38823,-28.64277],[-65.38947,-28.63261],[-65.35740,-28.62772],[-65.34405,-28.59378],[-65.29035,-28.59009],[-65.28494,-28.60447],[-65.27074,-28.60326],[-65.28259,-28.64090],[-65.31539,-28.63270],[-65.31218,-28.70417],[-65.34108,-28.69709],[-65.38090,-28.79842],[-65.31114,-28.81627],[-65.30613,-28.82744],[-65.36678,-28.93500],[-65.38345,-29.10346],[-65.41671,-29.14564],[-65.45604,-29.15876],[-65.47701,-29.21360],[-65.50533,-29.24715],[-65.49348,-29.26460],[-65.51001,-29.28572],[-65.51669,-29.33618],[-65.50605,-29.39665],[-65.51983,-29.41095],[-65.53210,-29.47185],[-65.51765,-29.48511],[-65.53622,-29.51570],[-65.52130,-29.60514],[-65.56139,-29.51784],[-65.54797,-29.41024],[-65.56837,-29.34939],[-65.60273,-29.29703],[-65.59534,-29.27663],[-65.60959,-29.25316],[-65.61194,-29.21219],[-65.58647,-29.09975],[-65.60633,-29.06935],[-65.60495,-29.02110],[-65.65501,-28.91949],[-65.64584,-28.89605],[-65.68510,-28.82535],[-65.65157,-28.78024],[-65.67504,-28.68855],[-65.66128,-28.68328],[-65.66363,-28.66407],[-65.62505,-28.60340],[-65.63194,-28.58754],[-65.62146,-28.57064],[-65.60894,-28.59764]]]}},{"type":"Feature","properties":{"departamento": "Pomán", "provincia": "Catamarca", "hechos": 67, "nivel": "bajo"},"geometry":{"type":"Polygon","coordinates":[[[-66.08404,-27.78270],[-66.08670,-27.82591],[-66.07010,-27.83784],[-66.05013,-27.90857],[-66.06731,-27.91813],[-66.06092,-27.92965],[-66.09637,-27.97650],[-66.07945,-27.98217],[-66.08729,-28.01488],[-66.04192,-28.10235],[-66.04546,-28.12663],[-66.02912,-28.13619],[-66.03940,-28.17517],[-66.02198,-28.19999],[-66.05652,-28.31087],[-66.04377,-28.34402],[-66.05988,-28.36447],[-66.06069,-28.39684],[-66.04307,-28.43863],[-66.05465,-28.45426],[-66.08530,-28.45321],[-66.08424,-28.48353],[-66.13094,-28.50069],[-66.14881,-28.54670],[-66.18482,-28.56586],[-66.17892,-28.58150],[-66.21111,-28.63225],[-66.23084,-28.62301],[-66.24733,-28.63691],[-66.26507,-28.63095],[-66.27476,-28.66766],[-66.29787,-28.68108],[-66.30182,-28.72384],[-66.32374,-28.73467],[-66.33740,-28.80314],[-66.36586,-28.79786],[-66.39519,-28.82685],[-66.41130,-28.81477],[-66.38858,-28.80137],[-66.35151,-28.72095],[-66.37866,-28.71335],[-66.39600,-28.67700],[-66.49622,-28.62229],[-66.49627,-28.53134],[-66.53093,-28.53145],[-66.51403,-28.46543],[-66.57081,-28.28863],[-66.99819,-28.25506],[-67.02065,-28.26135],[-67.02993,-28.25818],[-66.84457,-28.03465],[-66.74048,-28.03499],[-66.74025,-28.01911],[-66.49164,-28.02049],[-66.38511,-27.86912],[-66.26563,-27.86943],[-66.25426,-27.82450],[-66.18411,-27.82968],[-66.15240,-27.81052],[-66.10688,-27.80481],[-66.08404,-27.78270]]]}},{"type":"Feature","properties":{"departamento": "Capayán", "provincia": "Catamarca", "hechos": 169, "nivel": "bajo"},"geometry":{"type":"Polygon","coordinates":[[[-65.95158,-28.34096],[-65.93712,-28.43899],[-65.91946,-28.43770],[-65.89910,-28.48321],[-65.78555,-28.56161],[-65.80913,-28.63495],[-65.79418,-28.67033],[-65.85153,-28.74685],[-65.73540,-28.75844],[-65.69283,-28.78487],[-65.68713,-28.83203],[-65.67390,-28.83752],[-65.64385,-28.90186],[-65.65212,-28.92916],[-65.60495,-29.02110],[-65.60633,-29.06935],[-65.58647,-29.09975],[-65.61194,-29.21219],[-65.60959,-29.25316],[-65.59534,-29.27663],[-65.60273,-29.29703],[-65.56837,-29.34939],[-65.54797,-29.41024],[-65.56139,-29.51784],[-65.52130,-29.60514],[-65.59054,-29.71824],[-65.71925,-29.40994],[-65.71726,-29.32861],[-65.74834,-29.26969],[-65.81619,-29.26985],[-65.81737,-29.17886],[-66.09972,-28.94442],[-66.32823,-28.87624],[-66.39314,-28.86761],[-66.40348,-28.85624],[-66.41116,-28.81630],[-66.39211,-28.82659],[-66.36586,-28.79786],[-66.33740,-28.80314],[-66.32374,-28.73467],[-66.30182,-28.72384],[-66.29787,-28.68108],[-66.27476,-28.66766],[-66.26507,-28.63095],[-66.24733,-28.63691],[-66.23084,-28.62301],[-66.21111,-28.63225],[-66.17892,-28.58150],[-66.18482,-28.56586],[-66.14881,-28.54670],[-66.13094,-28.50069],[-66.08424,-28.48353],[-66.08530,-28.45321],[-66.04976,-28.44961],[-66.04304,-28.43714],[-66.06017,-28.40022],[-66.05988,-28.36447],[-66.04705,-28.35234],[-65.95158,-28.34096]]]}},{"type":"Feature","properties":{"departamento": "Andalgalá", "provincia": "Catamarca", "hechos": 176, "nivel": "bajo"},"geometry":{"type":"Polygon","coordinates":[[[-66.45015,-27.13298],[-66.36697,-27.20095],[-66.25465,-27.15351],[-66.19406,-27.21896],[-66.13420,-27.24832],[-66.13756,-27.26345],[-66.02927,-27.29815],[-65.97197,-27.33293],[-65.97573,-27.49351],[-65.93943,-27.61764],[-65.94319,-27.62929],[-65.97434,-27.63869],[-65.97046,-27.68325],[-65.98316,-27.70691],[-65.97198,-27.72035],[-65.98885,-27.72721],[-65.98241,-27.75303],[-66.03325,-27.77889],[-66.04416,-27.75729],[-66.08016,-27.77234],[-66.10618,-27.80447],[-66.15240,-27.81052],[-66.18411,-27.82968],[-66.25426,-27.82450],[-66.26563,-27.86943],[-66.38511,-27.86912],[-66.49164,-28.02049],[-66.74025,-28.01911],[-66.73881,-27.78946],[-66.77116,-27.75981],[-66.74840,-27.74508],[-66.73394,-27.71253],[-66.71060,-27.70369],[-66.72320,-27.68585],[-66.71498,-27.68913],[-66.71437,-27.67280],[-66.74288,-27.64124],[-66.70148,-27.58084],[-66.73524,-27.55187],[-66.68049,-27.50591],[-66.64870,-27.49517],[-66.63154,-27.43709],[-66.60315,-27.40868],[-66.62937,-27.38721],[-66.63063,-27.37016],[-66.61410,-27.35754],[-66.62882,-27.33564],[-66.61267,-27.31495],[-66.62880,-27.30036],[-66.61824,-27.29340],[-66.62318,-27.28159],[-66.55410,-27.24820],[-66.53665,-27.25439],[-66.58586,-27.09729],[-66.45015,-27.13298]]]}},{"type":"Feature","properties":{"departamento": "Ambato", "provincia": "Catamarca", "hechos": 44, "nivel": "bajo"},"geometry":{"type":"Polygon","coordinates":[[[-65.93832,-27.61944],[-65.91540,-27.66914],[-65.87542,-27.67247],[-65.86549,-27.68901],[-65.82891,-27.81279],[-65.83226,-27.85092],[-65.82069,-27.82035],[-65.80640,-27.81586],[-65.80739,-27.88235],[-65.78438,-27.92489],[-65.76590,-28.00963],[-65.76615,-28.02295],[-65.79101,-28.03334],[-65.79124,-28.04912],[-65.75595,-28.10208],[-65.74902,-28.18038],[-65.72932,-28.23292],[-65.75320,-28.24841],[-65.81010,-28.25012],[-65.87603,-28.33346],[-65.88706,-28.31871],[-65.89334,-28.32986],[-65.98492,-28.35158],[-66.04445,-28.35283],[-66.05652,-28.31087],[-66.02198,-28.19999],[-66.03940,-28.17517],[-66.02912,-28.13619],[-66.04546,-28.12663],[-66.04192,-28.10235],[-66.08729,-28.01488],[-66.07945,-27.98217],[-66.09637,-27.97650],[-66.04995,-27.90554],[-66.08889,-27.80495],[-66.07516,-27.76930],[-66.04347,-27.75718],[-66.03325,-27.77889],[-65.98428,-27.75534],[-65.98851,-27.72519],[-65.97198,-27.72035],[-65.98316,-27.70691],[-65.97046,-27.68325],[-65.97434,-27.63869],[-65.93832,-27.61944]]]}},{"type":"Feature","properties":{"departamento": "Paclín", "provincia": "Catamarca", "hechos": 24, "nivel": "bajo"},"geometry":{"type":"Polygon","coordinates":[[[-65.75324,-27.76997],[-65.71931,-27.81627],[-65.70391,-27.80809],[-65.69886,-27.88960],[-65.67471,-27.92850],[-65.66627,-27.97324],[-65.61814,-27.97145],[-65.61260,-27.99129],[-65.57633,-28.01412],[-65.56089,-28.00635],[-65.57652,-28.07959],[-65.56229,-28.12243],[-65.58574,-28.14744],[-65.56719,-28.23900],[-65.57317,-28.28761],[-65.55248,-28.33321],[-65.56227,-28.42173],[-65.66579,-28.42202],[-65.66494,-28.33585],[-65.70102,-28.31638],[-65.74247,-28.20904],[-65.75595,-28.10208],[-65.79124,-28.04912],[-65.79101,-28.03334],[-65.76559,-28.01912],[-65.78390,-27.92638],[-65.80739,-27.88235],[-65.79942,-27.78819],[-65.75324,-27.76997]]]}},{"type":"Feature","properties":{"departamento": "El Alto", "provincia": "Catamarca", "hechos": 36, "nivel": "bajo"},"geometry":{"type":"Polygon","coordinates":[[[-65.10516,-28.32216],[-65.09709,-28.47094],[-65.12589,-28.61147],[-65.18462,-28.60057],[-65.19987,-28.62090],[-65.21236,-28.60004],[-65.24816,-28.60718],[-65.28418,-28.60494],[-65.29035,-28.59009],[-65.34275,-28.59327],[-65.35740,-28.62772],[-65.38947,-28.63261],[-65.38823,-28.64277],[-65.42699,-28.66877],[-65.45426,-28.66014],[-65.45392,-28.63666],[-65.61228,-28.59595],[-65.62044,-28.54662],[-65.60151,-28.52109],[-65.60014,-28.48400],[-65.55914,-28.41858],[-65.55195,-28.37086],[-65.55482,-28.31547],[-65.57317,-28.28761],[-65.57205,-28.23200],[-65.50725,-28.23080],[-65.50650,-28.24035],[-65.47008,-28.18798],[-65.42558,-28.19117],[-65.39115,-28.16955],[-65.40140,-28.20716],[-65.36276,-28.21673],[-65.33582,-28.19944],[-65.32983,-28.22187],[-65.30896,-28.20678],[-65.24592,-28.28804],[-65.19544,-28.28201],[-65.20305,-28.29760],[-65.17833,-28.30923],[-65.17745,-28.33297],[-65.10516,-28.32216]]]}},{"type":"Feature","properties":{"departamento": "Valle Viejo", "provincia": "Catamarca", "hechos": 891, "nivel": "bajo"},"geometry":{"type":"Polygon","coordinates":[[[-65.56227,-28.42173],[-65.60403,-28.49338],[-65.60151,-28.52109],[-65.63135,-28.58313],[-65.62505,-28.60340],[-65.66363,-28.66407],[-65.66128,-28.68328],[-65.67504,-28.68855],[-65.65157,-28.78024],[-65.68375,-28.81685],[-65.68407,-28.83494],[-65.68989,-28.78870],[-65.71981,-28.76309],[-65.84898,-28.74945],[-65.79418,-28.67033],[-65.80913,-28.63594],[-65.80244,-28.59541],[-65.78971,-28.58548],[-65.76978,-28.48730],[-65.73051,-28.45522],[-65.72749,-28.42948],[-65.68450,-28.44941],[-65.66579,-28.42202],[-65.56227,-28.42173]]]}},{"type":"Feature","properties":{"departamento": "Güer Aike", "provincia": "Santa Cruz", "hechos": 1869, "nivel": "bajo"},"geometry":{"type":"MultiPolygon","coordinates":[[[[-69.44020,-51.09063],[-69.40871,-51.09489],[-69.42564,-51.09790],[-69.42935,-51.10223],[-69.42422,-51.10419],[-69.43593,-51.10629],[-69.43520,-51.11322],[-69.43945,-51.10735],[-69.45421,-51.10757],[-69.44020,-51.09063]]],[[[-71.50027,-50.71167],[-69.13854,-50.76562],[-69.13202,-50.89959],[-69.21401,-50.94473],[-69.22521,-50.97489],[-69.24011,-50.95782],[-69.32123,-50.98840],[-69.38239,-51.03680],[-69.37250,-51.04810],[-69.39612,-51.07971],[-69.44128,-51.08978],[-69.46478,-51.11328],[-69.43433,-51.11371],[-69.20551,-50.97528],[-69.16693,-50.98019],[-69.10858,-51.16699],[-68.94665,-51.55523],[-68.97705,-51.58218],[-69.00128,-51.55988],[-69.03729,-51.56073],[-69.13470,-51.60321],[-69.34412,-51.55157],[-69.49481,-51.58508],[-69.61780,-51.62689],[-69.33521,-51.58551],[-69.10339,-51.63428],[-69.12408,-51.64178],[-69.11731,-51.65509],[-69.01410,-51.60638],[-68.97523,-51.61587],[-68.95533,-51.62910],[-68.70845,-51.98125],[-68.35678,-52.31739],[-68.35364,-52.33500],[-68.43260,-52.39769],[-68.41843,-52.38641],[-68.41863,-52.33248],[-68.57348,-52.32518],[-68.58603,-52.30670],[-68.83800,-52.27774],[-68.98688,-52.20358],[-69.19001,-52.15010],[-69.48596,-52.15144],[-69.99550,-52.00072],[-71.92150,-51.99998],[-71.96447,-51.97283],[-72.00427,-51.97951],[-72.02907,-51.96768],[-72.03200,-51.95865],[-71.97110,-51.92749],[-71.93207,-51.91993],[-71.95101,-51.87162],[-72.02617,-51.80843],[-72.07849,-51.78240],[-72.07586,-51.77316],[-72.11299,-51.76746],[-72.12175,-51.74403],[-72.17923,-51.73825],[-72.16081,-51.72594],[-72.23112,-51.70246],[-72.29711,-51.69940],[-72.28753,-51.66907],[-72.29682,-51.64619],[-72.28330,-51.63853],[-72.31915,-51.62546],[-72.32702,-51.58734],[-72.37704,-51.58445],[-72.38871,-51.59507],[-72.44252,-51.58449],[-72.42631,-51.54686],[-72.39401,-51.52744],[-72.40518,-51.51339],[-72.34466,-51.52074],[-72.35091,-51.48454],[-72.32405,-51.47496],[-72.34087,-51.44959],[-72.33826,-51.42483],[-72.30994,-51.40315],[-72.30897,-51.36645],[-72.32608,-51.34568],[-72.34880,-51.34984],[-72.37170,-51.33626],[-72.36005,-51.31911],[-72.30780,-51.30747],[-72.30642,-51.29295],[-72.26918,-51.28325],[-72.25907,-51.25119],[-72.30360,-51.20174],[-72.32257,-51.21057],[-72.34876,-51.20361],[-72.36064,-51.16875],[-72.39575,-51.14542],[-72.40906,-51.10749],[-72.40321,-51.09198],[-72.37618,-51.07998],[-72.37417,-51.02321],[-72.26567,-51.03523],[-72.26724,-50.96365],[-72.24554,-50.90286],[-72.25669,-50.88848],[-72.24806,-50.87503],[-72.26696,-50.86290],[-72.26103,-50.83750],[-72.28144,-50.80864],[-72.34913,-50.75564],[-72.34774,-50.73156],[-72.30112,-50.70677],[-72.29830,-50.68210],[-71.50027,-50.71167]]]]}},{"type":"Feature","properties":{"departamento": "General Alvear", "provincia": "Mendoza", "hechos": 988, "nivel": "bajo"},"geometry":{"type":"Polygon","coordinates":[[[-66.81183,-34.49275],[-66.75637,-34.51198],[-66.76517,-34.55092],[-66.72916,-34.58513],[-66.72660,-34.61024],[-66.70306,-34.61978],[-66.71204,-34.62838],[-66.69124,-34.68887],[-66.63931,-34.72032],[-66.65143,-34.75593],[-66.60668,-34.77408],[-66.59516,-34.79104],[-66.60253,-34.80212],[-66.56247,-34.82991],[-66.54452,-34.88212],[-66.55474,-34.91051],[-66.53751,-34.91761],[-66.52492,-34.94360],[-66.54567,-34.96929],[-66.53231,-35.00529],[-66.54092,-35.01487],[-66.52262,-35.01976],[-66.52660,-35.04898],[-66.51454,-35.05206],[-66.52096,-35.06359],[-66.50705,-35.09065],[-66.48810,-35.09539],[-66.49784,-35.10765],[-66.47811,-35.13967],[-66.49683,-35.17286],[-66.48416,-35.24081],[-66.51951,-35.27429],[-66.49556,-35.31054],[-66.50810,-35.39747],[-66.52973,-35.44281],[-66.51707,-35.47072],[-66.52515,-35.54020],[-66.57024,-35.58116],[-66.56473,-35.61908],[-66.54767,-35.63877],[-66.58058,-35.70378],[-66.58945,-35.79442],[-66.62290,-35.85167],[-66.62673,-35.89790],[-66.61811,-35.90303],[-66.62887,-35.92859],[-66.61972,-35.97102],[-66.63785,-36.00059],[-67.19488,-35.99925],[-67.28587,-35.83335],[-67.33641,-35.80819],[-67.39674,-35.72927],[-67.41572,-35.72282],[-67.41380,-35.68325],[-67.40406,-35.68179],[-67.41295,-35.65671],[-67.47872,-35.59141],[-67.47985,-35.56441],[-67.50671,-35.55074],[-67.54316,-35.48352],[-67.59348,-35.45686],[-67.62405,-35.40569],[-67.64768,-35.39167],[-67.64426,-35.35363],[-67.65522,-35.33792],[-67.64514,-35.31661],[-67.67175,-35.29652],[-67.68072,-35.25377],[-67.71464,-35.24127],[-67.71359,-35.20829],[-67.73192,-35.20658],[-67.72628,-35.18276],[-67.71203,-35.17584],[-67.73013,-35.14958],[-67.71296,-35.12847],[-67.70865,-35.10525],[-67.71873,-35.09842],[-67.69942,-35.08516],[-67.71210,-35.05518],[-67.69359,-35.01224],[-67.72314,-34.97409],[-67.68195,-34.77470],[-67.66562,-34.62399],[-67.63456,-34.56783],[-67.64044,-34.53837],[-67.62931,-34.52811],[-67.42730,-34.55897],[-67.38742,-34.54059],[-67.33734,-34.55009],[-67.28330,-34.53786],[-67.22674,-34.54920],[-67.20561,-34.56614],[-67.15282,-34.55934],[-67.07845,-34.57464],[-67.05829,-34.55517],[-67.01676,-34.55822],[-66.94300,-34.53686],[-66.92180,-34.51558],[-66.81183,-34.49275]]]}},{"type":"Feature","properties":{"departamento": "Santa Rosa", "provincia": "Mendoza", "hechos": 328, "nivel": "bajo"},"geometry":{"type":"Polygon","coordinates":[[[-67.58148,-33.05326],[-67.65611,-33.34800],[-67.66886,-33.34803],[-67.71805,-33.44613],[-67.70957,-33.45082],[-67.70503,-33.77310],[-67.50634,-33.76789],[-67.50120,-34.10134],[-67.56452,-34.10188],[-67.64779,-34.20110],[-68.02396,-34.19968],[-68.17156,-34.21142],[-68.20279,-34.20686],[-68.24623,-34.17959],[-68.30166,-34.17280],[-68.39464,-34.19932],[-68.40873,-34.21777],[-68.44533,-34.21826],[-68.45432,-34.04143],[-68.29174,-34.02001],[-68.28646,-33.21981],[-68.26799,-33.20309],[-68.28260,-33.19589],[-68.28260,-33.05656],[-68.18629,-33.00034],[-68.12556,-33.00014],[-68.12313,-32.83866],[-67.95680,-32.83700],[-67.95872,-33.01083],[-67.58148,-33.05326]]]}},{"type":"Feature","properties":{"departamento": "Maipú", "provincia": "Mendoza", "hechos": 4843, "nivel": "medio"},"geometry":{"type":"Polygon","coordinates":[[[-68.45600,-32.86906],[-68.49836,-32.95548],[-68.53879,-32.98418],[-68.61089,-33.09783],[-68.70071,-33.11614],[-68.78540,-33.05408],[-68.82599,-33.06295],[-68.86348,-33.04570],[-68.85279,-33.02444],[-68.84050,-33.02597],[-68.81585,-32.97235],[-68.83144,-32.96314],[-68.80407,-32.92732],[-68.71929,-32.94414],[-68.70378,-32.97036],[-68.66234,-32.91848],[-68.65061,-32.85898],[-68.60324,-32.83898],[-68.45600,-32.86906]]]}},{"type":"Feature","properties":{"departamento": "San Martín", "provincia": "Mendoza", "hechos": 3564, "nivel": "medio"},"geometry":{"type":"Polygon","coordinates":[[[-67.95930,-32.72040],[-67.95680,-32.83700],[-68.12313,-32.83866],[-68.12556,-33.00014],[-68.18629,-33.00034],[-68.28260,-33.05656],[-68.28260,-33.19589],[-68.43066,-33.11470],[-68.43142,-33.10421],[-68.48983,-33.08837],[-68.50720,-33.10840],[-68.56390,-33.07310],[-68.57735,-33.08673],[-68.57280,-33.04762],[-68.53879,-32.98418],[-68.49836,-32.95548],[-68.46643,-32.90982],[-68.45279,-32.86459],[-68.46994,-32.85772],[-68.46095,-32.82333],[-68.44006,-32.79441],[-68.42530,-32.80180],[-68.36393,-32.76624],[-68.32822,-32.72271],[-67.95930,-32.72040]]]}},{"type":"Feature","properties":{"departamento": "Rivadavia", "provincia": "Mendoza", "hechos": 1411, "nivel": "bajo"},"geometry":{"type":"Polygon","coordinates":[[[-68.46876,-33.15448],[-68.37692,-33.20974],[-68.28651,-33.23303],[-68.28681,-33.47824],[-68.60003,-33.48802],[-68.56381,-33.73331],[-68.99886,-33.54390],[-68.98758,-33.53767],[-68.97868,-33.49534],[-68.88442,-33.45660],[-68.87663,-33.43507],[-68.84232,-33.40926],[-68.81861,-33.41050],[-68.76781,-33.37989],[-68.73207,-33.34347],[-68.72016,-33.29455],[-68.68169,-33.26116],[-68.64052,-33.19414],[-68.54701,-33.15458],[-68.46876,-33.15448]]]}},{"type":"Feature","properties":{"departamento": "Junín", "provincia": "Mendoza", "hechos": 861, "nivel": "bajo"},"geometry":{"type":"Polygon","coordinates":[[[-68.57280,-33.04762],[-68.57735,-33.08673],[-68.56390,-33.07310],[-68.50720,-33.10840],[-68.48983,-33.08837],[-68.43142,-33.10421],[-68.43066,-33.11470],[-68.26799,-33.20309],[-68.28880,-33.23305],[-68.37692,-33.20974],[-68.47991,-33.15054],[-68.54676,-33.15453],[-68.64052,-33.19414],[-68.68249,-33.25092],[-68.64570,-33.14701],[-68.57280,-33.04762]]]}},{"type":"Feature","properties":{"departamento": "Guaymallén", "provincia": "Mendoza", "hechos": 7902, "nivel": "alto"},"geometry":{"type":"Polygon","coordinates":[[[-68.63866,-32.83346],[-68.64985,-32.84099],[-68.66234,-32.91848],[-68.70378,-32.97036],[-68.71929,-32.94414],[-68.82566,-32.92195],[-68.83910,-32.92952],[-68.82604,-32.87671],[-68.79760,-32.86193],[-68.69001,-32.82811],[-68.63866,-32.83346]]]}},{"type":"Feature","properties":{"departamento": "Godoy Cruz", "provincia": "Mendoza", "hechos": 5622, "nivel": "medio"},"geometry":{"type":"Polygon","coordinates":[[[-69.00331,-32.90453],[-68.83760,-32.90456],[-68.83910,-32.92952],[-68.80407,-32.92732],[-68.82988,-32.96031],[-69.01032,-32.95954],[-69.00314,-32.93617],[-69.01722,-32.91746],[-69.00339,-32.91849],[-69.00331,-32.90453]]]}},{"type":"Feature","properties":{"departamento": "Capital", "provincia": "Mendoza", "hechos": 7231, "nivel": "alto"},"geometry":{"type":"Polygon","coordinates":[[[-68.95823,-32.86353],[-68.81739,-32.86806],[-68.83760,-32.90456],[-68.95821,-32.90338],[-68.95823,-32.86353]]]}},{"type":"Feature","properties":{"departamento": "La Paz", "provincia": "Mendoza", "hechos": 162, "nivel": "bajo"},"geometry":{"type":"Polygon","coordinates":[[[-67.16722,-33.16618],[-67.17513,-33.28623],[-67.15225,-33.32685],[-67.15261,-33.41215],[-67.13240,-33.47044],[-67.09598,-33.50350],[-67.09277,-33.53878],[-67.06591,-33.54998],[-67.06894,-33.56645],[-67.03804,-33.60618],[-67.00845,-33.61801],[-66.99811,-33.63342],[-67.00482,-33.66731],[-66.97369,-33.68927],[-66.95709,-33.72370],[-66.88326,-33.76871],[-66.87326,-33.83295],[-66.80439,-33.86091],[-66.76858,-33.90209],[-66.73588,-33.91151],[-66.72275,-33.93533],[-66.67586,-33.94162],[-66.66659,-33.95737],[-66.66321,-33.98628],[-66.70825,-34.02473],[-66.69933,-34.04655],[-66.71567,-34.05777],[-66.71211,-34.10104],[-66.73374,-34.13696],[-66.71134,-34.14734],[-66.73029,-34.18206],[-66.71853,-34.18848],[-66.72946,-34.20739],[-66.71930,-34.21297],[-66.74800,-34.22245],[-66.74645,-34.23562],[-66.78426,-34.23256],[-66.78812,-34.25328],[-66.80096,-34.25649],[-66.77592,-34.29774],[-67.15525,-34.29587],[-67.15156,-34.11055],[-67.50120,-34.10134],[-67.50634,-33.76789],[-67.70503,-33.77310],[-67.70957,-33.45082],[-67.71805,-33.44613],[-67.66886,-33.34803],[-67.65611,-33.34800],[-67.57825,-33.04049],[-67.18196,-33.11005],[-67.16722,-33.16618]]]}},{"type":"Feature","properties":{"departamento": "Lavalle", "provincia": "Mendoza", "hechos": 748, "nivel": "bajo"},"geometry":{"type":"Polygon","coordinates":[[[-68.04987,-32.07345],[-68.03283,-32.08574],[-67.99875,-32.08213],[-67.98927,-32.09718],[-67.98201,-32.08790],[-67.95759,-32.09232],[-67.96280,-32.11914],[-67.94394,-32.11135],[-67.92957,-32.12115],[-67.93816,-32.13904],[-67.92463,-32.14536],[-67.91652,-32.17517],[-67.87287,-32.18801],[-67.84862,-32.22293],[-67.83826,-32.21509],[-67.83106,-32.22653],[-67.79126,-32.22348],[-67.77289,-32.23552],[-67.77166,-32.22541],[-67.73533,-32.22304],[-67.72938,-32.24086],[-67.71162,-32.24567],[-67.67630,-32.22520],[-67.64772,-32.24000],[-67.60711,-32.23236],[-67.59693,-32.24628],[-67.54651,-32.24030],[-67.52240,-32.22117],[-67.48792,-32.26125],[-67.47291,-32.30669],[-67.33189,-32.35055],[-67.31013,-32.42474],[-67.28926,-32.44307],[-67.30145,-32.47066],[-67.28314,-32.51272],[-67.29734,-32.53613],[-67.28039,-32.53467],[-67.26281,-32.55315],[-67.26870,-32.57010],[-67.24404,-32.60315],[-67.25687,-32.62553],[-67.23768,-32.63443],[-67.22498,-32.68217],[-67.18832,-32.69719],[-67.16633,-32.75872],[-67.18612,-32.76971],[-67.17798,-32.82035],[-67.23199,-32.86504],[-67.23114,-32.89785],[-67.21215,-32.91167],[-67.20138,-32.97331],[-67.17929,-33.00351],[-67.18337,-33.03920],[-67.19799,-33.04417],[-67.17691,-33.06472],[-67.18196,-33.11005],[-67.57825,-33.04049],[-67.58149,-33.05326],[-67.95872,-33.01083],[-67.95930,-32.72040],[-68.32580,-32.72130],[-68.38656,-32.78169],[-68.42530,-32.80180],[-68.44006,-32.79441],[-68.46984,-32.83945],[-68.45600,-32.86906],[-68.60241,-32.83889],[-68.65061,-32.85898],[-68.63693,-32.83229],[-68.68461,-32.82892],[-68.69612,-32.80011],[-68.67040,-32.74111],[-68.69542,-32.74680],[-68.66101,-32.67813],[-68.67368,-32.60133],[-68.63406,-32.47721],[-68.61858,-32.43563],[-68.57620,-32.38439],[-68.52388,-32.37341],[-68.50454,-32.34217],[-68.51299,-32.26702],[-68.46121,-32.23805],[-68.46121,-32.13919],[-68.30106,-32.13919],[-68.24793,-32.09155],[-68.20543,-32.12117],[-68.18817,-32.10918],[-68.15199,-32.11927],[-68.12279,-32.09977],[-68.09312,-32.10091],[-68.09761,-32.09221],[-68.08069,-32.08459],[-68.07325,-32.09897],[-68.06677,-32.07975],[-68.04987,-32.07345]]]}},{"type":"Feature","properties":{"departamento": "Río Senguer", "provincia": "Chubut", "hechos": 9, "nivel": "bajo"},"geometry":{"type":"Polygon","coordinates":[[[-71.21922,-44.67120],[-69.62810,-44.69103],[-69.65660,-45.99994],[-71.64601,-45.99991],[-71.64733,-45.98565],[-71.61871,-45.98096],[-71.61314,-45.96309],[-71.62361,-45.93425],[-71.64684,-45.91785],[-71.65259,-45.88976],[-71.71560,-45.85521],[-71.76914,-45.84619],[-71.74227,-45.80611],[-71.76160,-45.78820],[-71.75431,-45.77063],[-71.77122,-45.74374],[-71.80105,-45.72089],[-71.77305,-45.68124],[-71.79553,-45.66493],[-71.77198,-45.64102],[-71.77956,-45.62182],[-71.74815,-45.61028],[-71.72660,-45.57746],[-71.76295,-45.57664],[-71.76353,-45.56031],[-71.74431,-45.54215],[-71.68259,-45.52777],[-71.68213,-45.51508],[-71.55956,-45.52358],[-71.46892,-45.49364],[-71.48271,-45.48301],[-71.46981,-45.48204],[-71.47507,-45.47425],[-71.50193,-45.46665],[-71.50899,-45.45872],[-71.49990,-45.45553],[-71.53394,-45.43297],[-71.52056,-45.42535],[-71.52946,-45.39270],[-71.45325,-45.38611],[-71.43825,-45.39582],[-71.44627,-45.36766],[-71.33591,-45.32203],[-71.32005,-45.29212],[-71.35040,-45.26787],[-71.33298,-45.24139],[-71.37000,-45.22560],[-71.42518,-45.17174],[-71.41811,-45.15744],[-71.48749,-45.14412],[-71.47927,-45.13429],[-71.49145,-45.10781],[-71.52654,-45.10312],[-71.50542,-45.07221],[-71.55799,-45.03148],[-71.54095,-45.00020],[-71.55931,-44.97765],[-71.65729,-44.97559],[-71.71107,-44.95512],[-71.74211,-44.95835],[-71.75384,-44.92648],[-71.77815,-44.94026],[-71.81722,-44.91979],[-71.85444,-44.93231],[-71.87991,-44.95939],[-71.88353,-44.94597],[-71.92498,-44.94421],[-71.94789,-44.92058],[-71.97736,-44.91944],[-71.97925,-44.90356],[-72.03367,-44.90476],[-72.06582,-44.87672],[-72.03635,-44.86233],[-72.06559,-44.85000],[-72.02708,-44.80546],[-72.07382,-44.78064],[-72.06390,-44.75659],[-72.03242,-44.76545],[-72.01816,-44.75666],[-72.00061,-44.78638],[-71.95679,-44.78601],[-71.92750,-44.80404],[-71.91461,-44.77661],[-71.85211,-44.80078],[-71.81546,-44.79309],[-71.82458,-44.77494],[-71.78648,-44.75226],[-71.73593,-44.76879],[-71.68698,-44.76502],[-71.66634,-44.78721],[-71.59538,-44.77936],[-71.58160,-44.75226],[-71.56688,-44.75931],[-71.47421,-44.73707],[-71.39449,-44.79002],[-71.29182,-44.81395],[-71.25063,-44.79934],[-71.25373,-44.78525],[-71.20597,-44.75045],[-71.20227,-44.72284],[-71.21430,-44.71421],[-71.19584,-44.68490],[-71.21922,-44.67120]]]}},{"type":"Feature","properties":{"departamento": "Biedma", "provincia": "Chubut", "hechos": 1515, "nivel": "bajo"},"geometry":{"type":"Polygon","coordinates":[[[-65.97018,-42.00296],[-65.06925,-42.00000],[-65.06057,-42.03170],[-65.01399,-42.09338],[-64.88028,-42.18080],[-64.74000,-42.21410],[-64.46421,-42.23952],[-64.55738,-42.30613],[-64.57093,-42.34832],[-64.62010,-42.40299],[-64.61010,-42.42638],[-64.57287,-42.42135],[-64.55617,-42.43198],[-64.54028,-42.41928],[-64.49831,-42.43020],[-64.48557,-42.41546],[-64.47593,-42.43862],[-64.35479,-42.42630],[-64.30154,-42.40394],[-64.28935,-42.41509],[-64.12029,-42.42827],[-64.05684,-42.38266],[-64.04304,-42.35130],[-64.07016,-42.33308],[-64.04437,-42.31285],[-64.07230,-42.26345],[-64.13491,-42.23933],[-64.18500,-42.24846],[-64.24690,-42.23418],[-64.31296,-42.25215],[-64.37875,-42.23834],[-64.07511,-42.17833],[-63.98755,-42.13745],[-63.96480,-42.11461],[-63.87614,-42.08415],[-63.75945,-42.07611],[-63.68488,-42.20726],[-63.60303,-42.31543],[-63.60412,-42.54719],[-63.58280,-42.60735],[-63.63981,-42.69976],[-63.62996,-42.76463],[-63.67875,-42.79275],[-63.73285,-42.81279],[-64.12893,-42.87726],[-64.19409,-42.83279],[-64.26004,-42.74700],[-64.24525,-42.71247],[-64.24941,-42.68305],[-64.21383,-42.62194],[-64.27341,-42.61773],[-64.25683,-42.59652],[-64.26277,-42.58562],[-64.28246,-42.57325],[-64.30896,-42.58594],[-64.31046,-42.55577],[-64.34373,-42.53150],[-64.48940,-42.50024],[-64.62653,-42.49600],[-64.75371,-42.54709],[-64.83361,-42.61055],[-64.94034,-42.62432],[-64.98504,-42.65365],[-64.99553,-42.69775],[-65.03453,-42.72721],[-65.03538,-42.76124],[-65.01534,-42.78170],[-64.96759,-42.79391],[-64.95336,-42.78539],[-64.91555,-42.81159],[-64.89097,-42.81268],[-64.87743,-42.83465],[-64.80946,-42.84341],[-65.93360,-42.87050],[-65.97018,-42.00296]]]}},{"type":"Feature","properties":{"departamento": "Villaguay", "provincia": "Entre Ríos", "hechos": 579, "nivel": "bajo"},"geometry":{"type":"Polygon","coordinates":[[[-58.89475,-31.21399],[-58.79708,-31.25364],[-58.78253,-31.26990],[-58.68467,-31.30127],[-58.63842,-31.38114],[-58.62798,-31.36730],[-58.58660,-31.39167],[-58.56597,-31.44456],[-58.51260,-31.47017],[-58.52702,-31.50216],[-58.51851,-31.55487],[-58.55844,-31.61857],[-58.58507,-31.62459],[-58.59077,-31.63897],[-58.60354,-31.71403],[-58.58816,-31.71633],[-58.60079,-31.75965],[-58.61633,-31.75936],[-58.62225,-31.79277],[-58.65716,-31.83356],[-58.72283,-31.82363],[-58.74306,-31.92104],[-58.72412,-31.96872],[-58.76802,-32.00920],[-58.86148,-32.02630],[-58.87153,-32.04656],[-58.91918,-32.06551],[-58.96799,-32.05121],[-59.00335,-32.08338],[-59.06540,-32.06871],[-59.05944,-32.05273],[-59.08412,-32.01495],[-59.07295,-32.00931],[-59.08016,-31.99103],[-59.15066,-31.98725],[-59.17527,-31.96078],[-59.21389,-31.95285],[-59.27398,-31.91394],[-59.40241,-31.93368],[-59.44257,-31.97064],[-59.47943,-31.95049],[-59.57275,-31.95513],[-59.53416,-31.92489],[-59.61312,-31.86887],[-59.61383,-31.83741],[-59.60051,-31.83171],[-59.60403,-31.80680],[-59.58089,-31.78460],[-59.59480,-31.76957],[-59.59256,-31.75019],[-59.57272,-31.72048],[-59.54638,-31.71413],[-59.53962,-31.69348],[-59.52079,-31.69179],[-59.52174,-31.66948],[-59.50604,-31.65067],[-59.51514,-31.64551],[-59.50091,-31.63486],[-59.52052,-31.61661],[-59.56331,-31.62368],[-59.58520,-31.60835],[-59.57332,-31.47270],[-59.23499,-31.26699],[-59.22619,-31.28852],[-59.19099,-31.30608],[-59.19772,-31.31929],[-59.14676,-31.39790],[-59.14875,-31.41335],[-59.09513,-31.45507],[-59.08012,-31.44800],[-59.08749,-31.44102],[-59.06578,-31.41242],[-59.07414,-31.40667],[-59.07487,-31.40321],[-59.04514,-31.39349],[-59.05277,-31.37912],[-59.03523,-31.37625],[-59.04635,-31.36716],[-59.03528,-31.36492],[-59.03569,-31.34922],[-59.00968,-31.33617],[-59.01905,-31.32508],[-58.99136,-31.29527],[-58.99852,-31.28798],[-58.97179,-31.27130],[-58.97601,-31.25678],[-58.89475,-31.21399]]]}},{"type":"Feature","properties":{"departamento": "Federal", "provincia": "Entre Ríos", "hechos": 164, "nivel": "bajo"},"geometry":{"type":"Polygon","coordinates":[[[-58.96287,-30.60369],[-58.91496,-30.62936],[-58.90441,-30.62353],[-58.87082,-30.66211],[-58.82338,-30.65478],[-58.76942,-30.68810],[-58.66561,-30.70175],[-58.59804,-30.67403],[-58.56883,-30.70093],[-58.49154,-30.73215],[-58.47154,-30.79831],[-58.42162,-30.82394],[-58.41783,-30.84215],[-58.44610,-30.88924],[-58.43863,-30.89780],[-58.46465,-30.90854],[-58.46777,-30.94479],[-58.50729,-30.98230],[-58.48946,-30.99678],[-58.48961,-31.01666],[-58.54962,-31.04566],[-58.58049,-31.04103],[-58.59875,-31.06174],[-58.57691,-31.07239],[-58.57252,-31.10758],[-58.54357,-31.13685],[-58.38788,-31.21049],[-58.40920,-31.23860],[-58.48703,-31.26720],[-58.58503,-31.25765],[-58.63956,-31.29854],[-58.68467,-31.30127],[-58.90565,-31.21261],[-58.91088,-31.22781],[-58.92995,-31.22837],[-58.92555,-31.23757],[-58.94863,-31.23694],[-58.94602,-31.24671],[-58.97601,-31.25678],[-58.97179,-31.27130],[-58.99852,-31.28798],[-58.99136,-31.29527],[-59.01905,-31.32508],[-59.00968,-31.33617],[-59.03569,-31.34922],[-59.03528,-31.36492],[-59.04635,-31.36716],[-59.03523,-31.37625],[-59.05277,-31.37912],[-59.04514,-31.39349],[-59.07487,-31.40321],[-59.06578,-31.41242],[-59.08749,-31.44102],[-59.08012,-31.44800],[-59.09535,-31.45510],[-59.14875,-31.41335],[-59.14676,-31.39790],[-59.19772,-31.31929],[-59.19099,-31.30608],[-59.22619,-31.28852],[-59.23499,-31.26699],[-59.28546,-31.30290],[-59.29730,-31.28409],[-59.25921,-31.17468],[-59.25921,-31.14379],[-59.30118,-31.11058],[-59.27503,-31.05872],[-59.33993,-31.00930],[-59.32858,-31.00194],[-59.33414,-30.99339],[-59.28043,-30.96847],[-59.30786,-30.94140],[-59.27147,-30.90199],[-59.29252,-30.84626],[-59.33518,-30.80479],[-59.26048,-30.76293],[-59.20858,-30.76542],[-59.20082,-30.74561],[-59.11738,-30.71792],[-59.09779,-30.69104],[-59.06736,-30.69021],[-59.06820,-30.67572],[-59.04193,-30.67044],[-58.99974,-30.60965],[-58.96287,-30.60369]]]}},{"type":"Feature","properties":{"departamento": "San Salvador", "provincia": "Entre Ríos", "hechos": 181, "nivel": "bajo"},"geometry":{"type":"Polygon","coordinates":[[[-58.27541,-31.66536],[-58.37433,-31.72177],[-58.37894,-31.74347],[-58.43113,-31.74020],[-58.40145,-31.81129],[-58.45286,-31.81724],[-58.50738,-31.78729],[-58.54355,-31.82209],[-58.53712,-31.84326],[-58.56517,-31.86130],[-58.59513,-31.84540],[-58.62783,-31.88276],[-58.60763,-31.90234],[-58.70860,-31.88798],[-58.69862,-31.86057],[-58.72955,-31.85625],[-58.72283,-31.82363],[-58.65716,-31.83356],[-58.62225,-31.79277],[-58.61633,-31.75936],[-58.60079,-31.75965],[-58.58816,-31.71633],[-58.60354,-31.71403],[-58.59077,-31.63897],[-58.58507,-31.62459],[-58.55844,-31.61857],[-58.51851,-31.55487],[-58.52702,-31.50216],[-58.51260,-31.47017],[-58.56597,-31.44456],[-58.58660,-31.39167],[-58.62798,-31.36730],[-58.63842,-31.38114],[-58.68467,-31.30127],[-58.63956,-31.29854],[-58.58503,-31.25765],[-58.53262,-31.26880],[-58.46428,-31.26009],[-58.47189,-31.26650],[-58.41190,-31.35117],[-58.41983,-31.36894],[-58.43126,-31.36500],[-58.45987,-31.38908],[-58.44970,-31.43133],[-58.34625,-31.49032],[-58.32563,-31.48589],[-58.32750,-31.50137],[-58.34630,-31.50650],[-58.32879,-31.54483],[-58.28706,-31.53956],[-58.29746,-31.60264],[-58.26536,-31.60236],[-58.27541,-31.66536]]]}},{"type":"Feature","properties":{"departamento": "Nogoyá", "provincia": "Entre Ríos", "hechos": 459, "nivel": "bajo"},"geometry":{"type":"Polygon","coordinates":[[[-59.60532,-31.87355],[-59.53416,-31.92489],[-59.57275,-31.95513],[-59.54890,-31.95939],[-59.48729,-31.94958],[-59.44257,-31.97064],[-59.40241,-31.93368],[-59.31531,-31.92303],[-59.34247,-31.94070],[-59.34421,-31.96958],[-59.37363,-32.02447],[-59.39626,-32.03558],[-59.40856,-32.06331],[-59.47509,-32.12494],[-59.45776,-32.14009],[-59.48384,-32.26790],[-59.46331,-32.28489],[-59.49666,-32.33827],[-59.44190,-32.35545],[-59.47633,-32.42673],[-59.44916,-32.45418],[-59.43993,-32.48901],[-59.44308,-32.51221],[-59.46118,-32.52402],[-59.45339,-32.55637],[-59.60170,-32.55205],[-59.60770,-32.63269],[-59.63800,-32.61527],[-59.70473,-32.61032],[-59.75380,-32.58163],[-59.77189,-32.58971],[-59.78724,-32.54249],[-59.94298,-32.52162],[-59.97871,-32.49278],[-60.00008,-32.49115],[-60.00020,-32.45310],[-59.97746,-32.42143],[-60.03753,-32.38888],[-60.04694,-32.35096],[-60.11719,-32.30215],[-60.13183,-32.26863],[-60.19042,-32.26896],[-60.17724,-32.24212],[-60.18974,-32.23398],[-60.17175,-32.21653],[-60.18191,-32.19245],[-60.14136,-32.15838],[-60.18269,-32.12292],[-60.20967,-32.14508],[-60.22585,-32.11571],[-60.21503,-32.11466],[-60.25418,-32.05270],[-60.18201,-32.02311],[-60.14039,-31.98195],[-60.02661,-32.03081],[-60.01346,-31.97438],[-59.94440,-31.95136],[-59.94488,-31.92670],[-59.92169,-31.91774],[-59.91992,-31.88313],[-59.85732,-31.89199],[-59.75974,-31.92730],[-59.68308,-31.89045],[-59.60532,-31.87355]]]}},{"type":"Feature","properties":{"departamento": "Tala", "provincia": "Entre Ríos", "hechos": 237, "nivel": "bajo"},"geometry":{"type":"Polygon","coordinates":[[[-59.28546,-31.91621],[-59.17839,-31.95895],[-59.15066,-31.98725],[-59.08016,-31.99103],[-59.07295,-32.00931],[-59.08412,-32.01495],[-59.05944,-32.05273],[-59.06280,-32.07013],[-59.08145,-32.07076],[-59.09906,-32.08952],[-59.07836,-32.09820],[-59.08593,-32.11086],[-59.07115,-32.11958],[-59.09526,-32.12726],[-59.07719,-32.17756],[-59.10084,-32.19642],[-59.11307,-32.23575],[-59.10447,-32.25041],[-59.08440,-32.25031],[-59.07378,-32.31202],[-59.09629,-32.32957],[-59.08402,-32.34215],[-59.10301,-32.34788],[-59.08281,-32.36123],[-59.09421,-32.37310],[-59.08388,-32.37704],[-59.09702,-32.39036],[-59.09071,-32.39794],[-59.10570,-32.40325],[-59.08745,-32.42580],[-59.11434,-32.45574],[-59.09620,-32.46564],[-59.10632,-32.48456],[-59.09716,-32.50603],[-59.11211,-32.51522],[-59.10724,-32.53374],[-59.11779,-32.53081],[-59.09672,-32.54340],[-59.09701,-32.55898],[-59.11005,-32.56379],[-59.08857,-32.57367],[-59.10960,-32.58795],[-59.09466,-32.59287],[-59.10303,-32.61543],[-59.09237,-32.62356],[-59.10578,-32.63317],[-59.10849,-32.66603],[-59.12670,-32.66336],[-59.11776,-32.68491],[-59.14488,-32.71261],[-59.22760,-32.69939],[-59.26983,-32.67749],[-59.41488,-32.63982],[-59.40493,-32.59969],[-59.45273,-32.56187],[-59.46118,-32.52402],[-59.44308,-32.51221],[-59.43993,-32.48901],[-59.44916,-32.45418],[-59.47633,-32.42673],[-59.44190,-32.35545],[-59.49666,-32.33827],[-59.46331,-32.28489],[-59.48384,-32.26790],[-59.45776,-32.14009],[-59.47509,-32.12494],[-59.36318,-32.01095],[-59.34247,-31.94070],[-59.28546,-31.91621]]]}},{"type":"Feature","properties":{"departamento": "La Paz", "provincia": "Entre Ríos", "hechos": 547, "nivel": "bajo"},"geometry":{"type":"Polygon","coordinates":[[[-59.42261,-30.31581],[-59.34792,-30.32435],[-59.32373,-30.35424],[-59.29830,-30.34679],[-59.28827,-30.36188],[-59.27351,-30.35243],[-59.24169,-30.36574],[-59.20375,-30.34745],[-59.17679,-30.37699],[-59.09741,-30.38677],[-59.06939,-30.41385],[-59.08251,-30.48065],[-59.05699,-30.49769],[-59.05445,-30.51895],[-58.98056,-30.52132],[-58.98246,-30.55716],[-58.93168,-30.56110],[-58.94958,-30.56752],[-58.96142,-30.59069],[-58.99899,-30.60351],[-59.04193,-30.67044],[-59.06820,-30.67572],[-59.06736,-30.69021],[-59.09779,-30.69104],[-59.11738,-30.71792],[-59.20082,-30.74561],[-59.20858,-30.76542],[-59.26048,-30.76293],[-59.33348,-30.79886],[-59.29252,-30.84626],[-59.27147,-30.90199],[-59.30786,-30.94140],[-59.28043,-30.96847],[-59.33414,-30.99339],[-59.32858,-31.00194],[-59.33993,-31.00930],[-59.27442,-31.06082],[-59.30117,-31.11035],[-59.25914,-31.14448],[-59.29736,-31.28366],[-59.28546,-31.30290],[-59.62631,-31.50488],[-59.61266,-31.45109],[-59.73878,-31.42885],[-59.73682,-31.41853],[-59.75953,-31.42213],[-59.82553,-31.49965],[-59.85865,-31.49429],[-59.89958,-31.34064],[-59.93547,-31.29111],[-59.92942,-31.28157],[-59.95381,-31.23633],[-59.94190,-31.22711],[-59.95349,-31.20459],[-59.98500,-31.19408],[-59.98419,-31.16071],[-59.96338,-31.11987],[-59.92544,-31.10505],[-59.87793,-31.05621],[-59.81818,-30.94250],[-59.73485,-30.87662],[-59.70487,-30.81738],[-59.69939,-30.76907],[-59.63330,-30.71393],[-59.67841,-30.64691],[-59.64586,-30.59704],[-59.65140,-30.51098],[-59.68049,-30.45102],[-59.71708,-30.42538],[-59.72255,-30.40384],[-59.67139,-30.37630],[-59.67167,-30.33866],[-59.63682,-30.35775],[-59.61510,-30.41921],[-59.58777,-30.43482],[-59.55834,-30.33294],[-59.49021,-30.34433],[-59.46482,-30.33703],[-59.46403,-30.32432],[-59.44097,-30.32945],[-59.42261,-30.31581]]]}},{"type":"Feature","properties":{"departamento": "Feliciano", "provincia": "Entre Ríos", "hechos": 174, "nivel": "bajo"},"geometry":{"type":"Polygon","coordinates":[[[-58.27032,-30.25326],[-58.30235,-30.32517],[-58.31279,-30.33467],[-58.33853,-30.31373],[-58.35383,-30.32899],[-58.40792,-30.31613],[-58.40638,-30.34614],[-58.36375,-30.33379],[-58.33901,-30.35643],[-58.39129,-30.40073],[-58.39847,-30.44022],[-58.46403,-30.57962],[-58.47808,-30.57228],[-58.52203,-30.60811],[-58.50104,-30.62628],[-58.56796,-30.66646],[-58.57750,-30.69066],[-58.59833,-30.67401],[-58.66427,-30.70167],[-58.76861,-30.68834],[-58.82338,-30.65478],[-58.87082,-30.66211],[-58.90441,-30.62353],[-58.91496,-30.62936],[-58.96394,-30.60143],[-59.00232,-30.61350],[-58.93168,-30.56110],[-58.98246,-30.55716],[-58.98056,-30.52132],[-59.05445,-30.51895],[-59.05699,-30.49769],[-59.08251,-30.48065],[-59.07015,-30.41241],[-59.09976,-30.38578],[-59.17679,-30.37699],[-59.21045,-30.34707],[-59.17168,-30.31809],[-59.13647,-30.31157],[-59.13658,-30.28657],[-59.07564,-30.25727],[-59.08146,-30.24907],[-59.06425,-30.23082],[-58.96520,-30.21834],[-58.91202,-30.24821],[-58.87886,-30.24666],[-58.80375,-30.21083],[-58.74836,-30.21388],[-58.73376,-30.19341],[-58.68070,-30.17503],[-58.68149,-30.16355],[-58.64714,-30.16319],[-58.63001,-30.17686],[-58.57650,-30.16004],[-58.55349,-30.18521],[-58.49656,-30.20769],[-58.47016,-30.20304],[-58.45153,-30.22486],[-58.43705,-30.22167],[-58.40400,-30.24979],[-58.34645,-30.27126],[-58.29590,-30.24600],[-58.27032,-30.25326]]]}},{"type":"Feature","properties":{"departamento": "Paraná", "provincia": "Entre Ríos", "hechos": 8478, "nivel": "alto"},"geometry":{"type":"Polygon","coordinates":[[[-59.98103,-31.19477],[-59.95289,-31.20508],[-59.94190,-31.22711],[-59.95381,-31.23633],[-59.92942,-31.28157],[-59.93547,-31.29111],[-59.89958,-31.34064],[-59.85865,-31.49429],[-59.82553,-31.49965],[-59.75953,-31.42213],[-59.73682,-31.41853],[-59.73878,-31.42885],[-59.61266,-31.45109],[-59.62631,-31.50488],[-59.57332,-31.47270],[-59.58520,-31.60835],[-59.56331,-31.62368],[-59.52196,-31.61629],[-59.50255,-31.63079],[-59.52074,-31.69168],[-59.53962,-31.69348],[-59.54638,-31.71413],[-59.57272,-31.72048],[-59.59256,-31.75019],[-59.59480,-31.76957],[-59.58088,-31.78453],[-59.60403,-31.80680],[-59.59962,-31.82978],[-59.61277,-31.83387],[-59.61544,-31.87377],[-59.75974,-31.92730],[-59.85732,-31.89199],[-59.91992,-31.88313],[-59.92169,-31.91774],[-59.94488,-31.92670],[-59.94440,-31.95136],[-60.01346,-31.97438],[-60.02661,-32.03081],[-60.14039,-31.98195],[-60.18290,-32.02363],[-60.25134,-32.05284],[-60.28624,-32.04527],[-60.30313,-32.08273],[-60.32488,-32.07944],[-60.35319,-32.03933],[-60.34528,-32.01626],[-60.36633,-32.00239],[-60.34481,-31.99475],[-60.34444,-31.97767],[-60.32907,-31.98747],[-60.34307,-31.94790],[-60.36704,-31.94770],[-60.38503,-31.93240],[-60.41683,-31.95944],[-60.46279,-31.95103],[-60.45969,-31.93914],[-60.51711,-31.92556],[-60.51359,-31.89171],[-60.53823,-31.88980],[-60.52254,-31.85259],[-60.54225,-31.84863],[-60.53977,-31.83580],[-60.56699,-31.83202],[-60.55918,-31.82188],[-60.57021,-31.81011],[-60.60694,-31.82699],[-60.67578,-31.81171],[-60.64095,-31.79176],[-60.64288,-31.75122],[-60.62762,-31.73323],[-60.56814,-31.70491],[-60.46759,-31.69830],[-60.33067,-31.60855],[-60.33281,-31.54716],[-60.24400,-31.53040],[-60.21235,-31.46782],[-60.14349,-31.44360],[-60.13843,-31.41339],[-60.08679,-31.34698],[-60.10938,-31.30408],[-60.10559,-31.28992],[-60.01343,-31.25067],[-59.98103,-31.19477]]]}},{"type":"Feature","properties":{"departamento": "Diamante", "provincia": "Entre Ríos", "hechos": 679, "nivel": "bajo"},"geometry":{"type":"Polygon","coordinates":[[[-60.72724,-32.66160],[-60.75208,-32.62219],[-60.74738,-32.55432],[-60.77618,-32.50702],[-60.72382,-32.45612],[-60.71162,-32.39305],[-60.71899,-32.33404],[-60.67902,-32.31953],[-60.67261,-32.23260],[-60.70038,-32.14977],[-60.65601,-32.06708],[-60.68439,-32.01208],[-60.72066,-31.98521],[-60.72185,-31.96618],[-60.65723,-31.91132],[-60.66071,-31.85120],[-60.67549,-31.81724],[-60.60051,-31.82660],[-60.57115,-31.80962],[-60.55918,-31.82188],[-60.56699,-31.83202],[-60.53977,-31.83580],[-60.54225,-31.84863],[-60.52254,-31.85259],[-60.53823,-31.88980],[-60.51359,-31.89171],[-60.51711,-31.92556],[-60.41683,-31.95944],[-60.38503,-31.93240],[-60.36704,-31.94770],[-60.34307,-31.94790],[-60.32907,-31.98747],[-60.34444,-31.97767],[-60.34481,-31.99475],[-60.36633,-32.00239],[-60.34528,-32.01626],[-60.35319,-32.03933],[-60.33551,-32.07045],[-60.30313,-32.08273],[-60.28624,-32.04527],[-60.25418,-32.05270],[-60.21503,-32.11466],[-60.22585,-32.11571],[-60.20967,-32.14508],[-60.18269,-32.12292],[-60.14136,-32.15838],[-60.18191,-32.19245],[-60.17390,-32.21854],[-60.27972,-32.23255],[-60.27849,-32.24589],[-60.32867,-32.29422],[-60.39010,-32.29054],[-60.43320,-32.31317],[-60.43518,-32.36531],[-60.39943,-32.40152],[-60.39749,-32.42717],[-60.41642,-32.44260],[-60.44123,-32.44329],[-60.44225,-32.43184],[-60.45887,-32.44029],[-60.44996,-32.48260],[-60.47764,-32.49097],[-60.46970,-32.50490],[-60.48101,-32.51910],[-60.46911,-32.51657],[-60.48325,-32.52461],[-60.47393,-32.53172],[-60.48184,-32.54375],[-60.51610,-32.55224],[-60.52498,-32.54566],[-60.51140,-32.53768],[-60.52406,-32.53641],[-60.52659,-32.51718],[-60.54204,-32.52611],[-60.52857,-32.52874],[-60.53131,-32.57398],[-60.51084,-32.59142],[-60.51469,-32.60888],[-60.55732,-32.61668],[-60.55530,-32.63496],[-60.55976,-32.64230],[-60.56355,-32.61505],[-60.60820,-32.64073],[-60.66937,-32.63008],[-60.68397,-32.67988],[-60.72724,-32.66160]]]}},{"type":"Feature","properties":{"departamento": "Victoria", "provincia": "Entre Ríos", "hechos": 641, "nivel": "bajo"},"geometry":{"type":"Polygon","coordinates":[[[-60.18974,-32.23398],[-60.17724,-32.24212],[-60.19042,-32.26896],[-60.13183,-32.26863],[-60.11719,-32.30215],[-60.04694,-32.35096],[-60.03753,-32.38888],[-59.97746,-32.42143],[-60.00020,-32.45310],[-60.00008,-32.49115],[-59.97871,-32.49278],[-59.94298,-32.52162],[-59.77867,-32.54786],[-59.77180,-32.59049],[-59.79878,-32.64209],[-59.77704,-32.66260],[-59.78965,-32.71052],[-59.78074,-32.72998],[-59.79477,-32.73667],[-59.81121,-32.79836],[-59.84573,-32.82405],[-59.84482,-32.83867],[-59.85829,-32.83916],[-59.85723,-32.86851],[-59.87196,-32.88892],[-59.83727,-32.91293],[-59.83577,-32.93262],[-59.90465,-32.93083],[-59.95570,-32.89887],[-60.02400,-32.95074],[-60.01564,-32.97545],[-59.97766,-32.96780],[-59.98237,-32.99189],[-60.04594,-32.99492],[-60.02035,-33.01780],[-59.97561,-33.01106],[-59.96517,-33.02994],[-59.96732,-33.00783],[-59.95783,-33.00698],[-59.93842,-33.04012],[-59.92296,-33.02877],[-59.88719,-33.04398],[-59.85149,-33.10046],[-59.83762,-33.09577],[-59.83939,-33.07762],[-59.82392,-33.07454],[-59.80698,-33.12514],[-59.77099,-33.12930],[-59.78218,-33.16543],[-59.80298,-33.17366],[-59.82149,-33.20196],[-59.79317,-33.24255],[-59.84021,-33.27318],[-59.88455,-33.26501],[-59.88709,-33.23784],[-59.90421,-33.22217],[-59.90886,-33.27770],[-59.94079,-33.27682],[-59.95108,-33.23777],[-60.01685,-33.28451],[-60.03601,-33.22953],[-60.05650,-33.23512],[-60.03506,-33.24554],[-60.06929,-33.25740],[-60.12038,-33.21958],[-60.15091,-33.23157],[-60.14609,-33.25231],[-60.16956,-33.25567],[-60.19823,-33.22281],[-60.22006,-33.25544],[-60.23486,-33.21287],[-60.30639,-33.18208],[-60.39800,-33.18684],[-60.51318,-33.11292],[-60.60549,-32.99982],[-60.62025,-32.94794],[-60.67621,-32.89960],[-60.68140,-32.87156],[-60.65887,-32.83118],[-60.71600,-32.77362],[-60.72586,-32.66372],[-60.68397,-32.67988],[-60.66937,-32.63008],[-60.60820,-32.64073],[-60.56355,-32.61505],[-60.55976,-32.64230],[-60.55732,-32.61668],[-60.51469,-32.60888],[-60.51084,-32.59142],[-60.53131,-32.57398],[-60.52857,-32.52874],[-60.54204,-32.52611],[-60.52659,-32.51718],[-60.52406,-32.53641],[-60.51140,-32.53768],[-60.52498,-32.54566],[-60.51610,-32.55224],[-60.48184,-32.54375],[-60.47393,-32.53172],[-60.48325,-32.52461],[-60.46911,-32.51657],[-60.48101,-32.51910],[-60.46970,-32.50490],[-60.47764,-32.49097],[-60.44996,-32.48260],[-60.45887,-32.44029],[-60.44225,-32.43184],[-60.44123,-32.44329],[-60.41642,-32.44260],[-60.39749,-32.42717],[-60.39943,-32.40152],[-60.42597,-32.38573],[-60.44201,-32.34002],[-60.42260,-32.30230],[-60.39010,-32.29054],[-60.33647,-32.29830],[-60.27849,-32.24589],[-60.27972,-32.23255],[-60.17390,-32.21854],[-60.18974,-32.23398]]]}},{"type":"Feature","properties":{"departamento": "Gualeguay", "provincia": "Entre Ríos", "hechos": 898, "nivel": "bajo"},"geometry":{"type":"Polygon","coordinates":[[[-59.17886,-33.74603],[-59.17114,-33.80806],[-59.21881,-33.81470],[-59.24890,-33.80341],[-59.25488,-33.78589],[-59.23541,-33.73999],[-59.25427,-33.72229],[-59.39270,-33.73669],[-59.44897,-33.72449],[-59.46777,-33.70428],[-59.47931,-33.65289],[-59.51674,-33.63083],[-59.59663,-33.69112],[-59.62075,-33.69210],[-59.63604,-33.64270],[-59.65641,-33.62167],[-59.80358,-33.59556],[-59.80953,-33.55166],[-59.82874,-33.52462],[-59.89474,-33.51028],[-59.93301,-33.47489],[-59.99939,-33.47013],[-60.04484,-33.44753],[-60.11108,-33.37299],[-60.16962,-33.34900],[-60.20068,-33.29218],[-60.29783,-33.24228],[-60.28450,-33.20992],[-60.29319,-33.19281],[-60.23486,-33.21287],[-60.22006,-33.25544],[-60.19823,-33.22281],[-60.16956,-33.25567],[-60.14609,-33.25231],[-60.15091,-33.23157],[-60.12038,-33.21958],[-60.06929,-33.25740],[-60.03506,-33.24554],[-60.05650,-33.23512],[-60.03601,-33.22953],[-60.01685,-33.28451],[-59.95108,-33.23777],[-59.94079,-33.27682],[-59.90886,-33.27770],[-59.90765,-33.22242],[-59.88709,-33.23784],[-59.88455,-33.26501],[-59.85769,-33.27339],[-59.79317,-33.24255],[-59.82149,-33.20196],[-59.76784,-33.13620],[-59.78004,-33.12331],[-59.80698,-33.12514],[-59.81667,-33.07917],[-59.83705,-33.07571],[-59.84810,-33.10211],[-59.89199,-33.04092],[-59.92296,-33.02877],[-59.93842,-33.04012],[-59.96025,-33.00611],[-59.96409,-33.02990],[-59.97774,-33.01053],[-60.02035,-33.01780],[-60.04594,-32.99492],[-59.98237,-32.99189],[-59.97766,-32.96780],[-60.01564,-32.97545],[-60.02400,-32.95074],[-59.95570,-32.89887],[-59.90465,-32.93083],[-59.83577,-32.93262],[-59.83727,-32.91293],[-59.87196,-32.88892],[-59.85723,-32.86851],[-59.85829,-32.83916],[-59.84482,-32.83867],[-59.84573,-32.82405],[-59.81121,-32.79836],[-59.79477,-32.73667],[-59.78074,-32.72998],[-59.78965,-32.71052],[-59.77704,-32.66260],[-59.79878,-32.64209],[-59.77187,-32.58793],[-59.75380,-32.58163],[-59.70473,-32.61032],[-59.63800,-32.61527],[-59.60770,-32.63269],[-59.60170,-32.55205],[-59.46176,-32.55327],[-59.40500,-32.59950],[-59.41488,-32.63982],[-59.26983,-32.67749],[-59.22760,-32.69939],[-59.14488,-32.71261],[-59.12798,-32.72577],[-59.13557,-32.75010],[-59.11206,-32.75043],[-59.12314,-32.76765],[-59.11461,-32.77389],[-59.13161,-32.77681],[-59.11493,-32.80664],[-59.14221,-32.82586],[-59.12501,-32.83552],[-59.12720,-32.84863],[-59.14254,-32.84882],[-59.14704,-32.87372],[-59.16245,-32.87388],[-59.14209,-32.91197],[-59.18792,-32.93495],[-59.20113,-32.98599],[-59.21915,-32.98595],[-59.23460,-33.03423],[-59.26655,-33.05995],[-59.26270,-33.07717],[-59.27760,-33.09136],[-59.25908,-33.10758],[-59.26813,-33.11821],[-59.25148,-33.11682],[-59.30861,-33.17800],[-59.29746,-33.18685],[-59.33699,-33.18341],[-59.31399,-33.20807],[-59.34275,-33.20535],[-59.33598,-33.22883],[-59.38885,-33.23160],[-59.41586,-33.21288],[-59.42398,-33.22808],[-59.49788,-33.22584],[-59.52237,-33.19839],[-59.54800,-33.19729],[-59.64501,-33.29843],[-59.63157,-33.32103],[-59.60829,-33.32624],[-59.63129,-33.34084],[-59.62194,-33.35692],[-59.54036,-33.37804],[-59.52741,-33.43293],[-59.43087,-33.46111],[-59.36483,-33.54251],[-59.32059,-33.54304],[-59.30555,-33.59504],[-59.25960,-33.63739],[-59.23519,-33.71049],[-59.17886,-33.74603]]]}},{"type":"Feature","properties":{"departamento": "Mártires", "provincia": "Chubut", "hechos": 3, "nivel": "bajo"},"geometry":{"type":"Polygon","coordinates":[[[-66.51532,-43.78240],[-66.45059,-43.78143],[-66.45000,-43.83860],[-66.43990,-43.84190],[-66.47510,-43.87770],[-66.46340,-43.89970],[-66.47550,-43.92090],[-66.45810,-43.92960],[-66.46000,-43.94620],[-66.58940,-44.00270],[-66.62080,-44.03430],[-66.64800,-44.03150],[-66.66750,-44.07160],[-66.71150,-44.09750],[-66.70640,-44.14490],[-66.69540,-44.15380],[-66.78970,-44.16930],[-66.81550,-44.21310],[-66.79730,-44.21510],[-66.78010,-44.27800],[-66.82670,-44.30870],[-66.86720,-44.44200],[-66.93500,-44.52230],[-66.99330,-44.53600],[-67.02330,-44.56780],[-67.04910,-44.68690],[-67.09390,-44.73470],[-67.10430,-44.73480],[-67.10530,-44.69180],[-67.74340,-44.69830],[-67.76920,-42.89660],[-67.15720,-42.89230],[-67.14680,-43.34230],[-66.53040,-43.33300],[-66.51532,-43.78240]]]}},{"type":"Feature","properties":{"departamento": "Telsen", "provincia": "Chubut", "hechos": 6, "nivel": "bajo"},"geometry":{"type":"MultiPolygon","coordinates":[[[[-68.38429,-42.00000],[-65.97031,-42.00000],[-65.93360,-42.87050],[-68.38120,-42.90100],[-68.38429,-42.00000]]],[[[-64.51366,-42.41949],[-64.51668,-42.42102],[-64.51855,-42.41808],[-64.51366,-42.41949]]]]}},{"type":"Feature","properties":{"departamento": "Rawson", "provincia": "Chubut", "hechos": 3719, "nivel": "medio"},"geometry":{"type":"Polygon","coordinates":[[[-65.35398,-43.75640],[-65.39810,-43.75760],[-65.44440,-42.85900],[-64.80946,-42.84341],[-64.70230,-42.88333],[-64.69633,-42.89815],[-64.66292,-42.91005],[-64.60648,-42.92321],[-64.53329,-42.92164],[-64.48894,-42.94941],[-64.39682,-42.95959],[-64.32972,-42.93630],[-64.30765,-42.97863],[-64.33124,-43.00308],[-64.47136,-43.06884],[-64.78173,-43.15991],[-64.99297,-43.26749],[-65.05643,-43.34217],[-65.04349,-43.38152],[-65.05258,-43.40258],[-65.14520,-43.47333],[-65.19400,-43.53987],[-65.25409,-43.57071],[-65.31470,-43.63213],[-65.34114,-43.67463],[-65.35398,-43.75640]]]}},{"type":"Feature","properties":{"departamento": "Florentino Ameghino", "provincia": "Chubut", "hechos": 10, "nivel": "bajo"},"geometry":{"type":"MultiPolygon","coordinates":[[[[-65.34553,-43.77773],[-65.31119,-43.79558],[-65.32855,-43.84586],[-65.28307,-43.96206],[-65.23114,-43.97270],[-65.25731,-43.99183],[-65.24653,-44.00843],[-65.25158,-44.02764],[-65.22478,-44.04534],[-65.21047,-44.03820],[-65.18794,-44.03546],[-65.20936,-44.04149],[-65.24112,-44.07782],[-65.22040,-44.13679],[-65.28769,-44.15476],[-65.31177,-44.20427],[-65.30257,-44.24453],[-65.27020,-44.27171],[-65.27078,-44.29881],[-65.25301,-44.30829],[-65.25882,-44.32730],[-65.22741,-44.33411],[-65.21674,-44.36674],[-65.23619,-44.38688],[-65.26203,-44.38833],[-65.26947,-44.40639],[-65.28532,-44.40990],[-65.27719,-44.42003],[-65.29231,-44.42200],[-65.28383,-44.43036],[-65.31171,-44.42691],[-65.30885,-44.44250],[-65.33446,-44.45600],[-65.31114,-44.46736],[-65.32084,-44.49074],[-65.28428,-44.49380],[-65.29071,-44.50335],[-65.27929,-44.51742],[-65.30079,-44.51019],[-65.31629,-44.53119],[-65.33089,-44.50662],[-65.37622,-44.51683],[-65.35941,-44.53738],[-65.38818,-44.54300],[-65.39427,-44.55793],[-65.35822,-44.57378],[-65.36634,-44.58735],[-65.38130,-44.57509],[-65.39598,-44.59284],[-65.42829,-44.56944],[-65.46443,-44.57685],[-65.46339,-44.60023],[-65.52097,-44.60933],[-65.57615,-44.64832],[-65.60675,-44.64692],[-65.68864,-44.71655],[-65.70262,-44.80132],[-65.72843,-44.81006],[-65.72454,-44.85652],[-65.66484,-44.89067],[-65.61576,-44.88771],[-65.60548,-44.90879],[-65.57289,-44.89561],[-65.57430,-44.91068],[-65.56086,-44.90358],[-65.51990,-44.92890],[-65.54039,-44.92809],[-65.53639,-44.93757],[-65.57090,-44.96078],[-65.59453,-44.95737],[-65.60579,-44.98186],[-65.58431,-45.00667],[-65.62307,-45.00413],[-65.60178,-45.02656],[-65.61132,-45.03381],[-65.63635,-45.03555],[-65.64559,-45.05092],[-65.65368,-45.03929],[-65.68216,-45.04021],[-65.67883,-45.03334],[-65.68130,-45.02886],[-65.69782,-45.04592],[-65.69115,-45.06199],[-65.70136,-45.04509],[-65.73686,-45.04019],[-65.74046,-45.02396],[-65.77546,-45.01949],[-65.78847,-45.03013],[-65.80941,-45.01542],[-65.81562,-45.02467],[-65.80288,-45.03116],[-65.82872,-45.03912],[-65.82469,-45.01378],[-65.87298,-45.00225],[-65.89511,-45.01121],[-65.88729,-45.03919],[-65.91388,-45.03202],[-65.93444,-45.04944],[-66.01969,-44.99887],[-66.06048,-45.00408],[-66.07255,-44.98977],[-66.08597,-44.99698],[-66.11895,-44.98523],[-66.15075,-44.99412],[-66.16228,-44.98302],[-66.17309,-44.99815],[-66.19268,-44.98195],[-66.20892,-45.00276],[-66.23020,-45.00701],[-66.22570,-45.02810],[-66.24640,-45.02093],[-66.28370,-45.04873],[-66.27881,-45.05940],[-66.29027,-45.05728],[-66.28409,-45.06284],[-66.27840,-45.06347],[-66.27623,-45.06534],[-66.28346,-45.06552],[-66.29545,-45.05817],[-66.28554,-45.05264],[-66.29394,-45.04593],[-66.32606,-45.05202],[-66.35920,-45.03974],[-67.09730,-45.04170],[-67.10430,-44.73480],[-67.04910,-44.68690],[-67.02330,-44.56780],[-66.99330,-44.53600],[-66.93500,-44.52230],[-66.86720,-44.44200],[-66.82670,-44.30870],[-66.78010,-44.27800],[-66.79730,-44.21510],[-66.81550,-44.21310],[-66.78970,-44.16930],[-66.69540,-44.15380],[-66.70640,-44.14490],[-66.71150,-44.09750],[-66.66750,-44.07160],[-66.64800,-44.03150],[-66.62080,-44.03430],[-66.58940,-44.00270],[-66.46000,-43.94620],[-66.45810,-43.92960],[-66.47550,-43.92090],[-66.46340,-43.89970],[-66.47510,-43.87770],[-66.43990,-43.84190],[-66.45000,-43.83860],[-66.45059,-43.78143],[-65.35398,-43.75640],[-65.34553,-43.77773]]],[[[-66.01068,-45.07938],[-65.98202,-45.09376],[-65.98593,-45.10328],[-65.96413,-45.10889],[-66.00784,-45.10425],[-66.01975,-45.08641],[-66.01068,-45.07938]]],[[[-65.62402,-45.04606],[-65.58662,-45.05227],[-65.60929,-45.06020],[-65.62402,-45.04606]]],[[[-65.95953,-45.10237],[-65.94544,-45.11882],[-65.96368,-45.10373],[-65.95953,-45.10237]]],[[[-65.71766,-45.04836],[-65.70491,-45.05696],[-65.72301,-45.05390],[-65.71766,-45.04836]]],[[[-65.58881,-45.05606],[-65.57771,-45.06305],[-65.59287,-45.06017],[-65.58881,-45.05606]]],[[[-65.66675,-44.76912],[-65.65298,-44.77504],[-65.66972,-44.76919],[-65.66675,-44.76912]]],[[[-65.75957,-45.03471],[-65.75136,-45.03688],[-65.76696,-45.03755],[-65.75957,-45.03471]]],[[[-65.86951,-45.03124],[-65.86671,-45.03950],[-65.87453,-45.03288],[-65.86951,-45.03124]]],[[[-66.33732,-45.05361],[-66.33942,-45.05736],[-66.34431,-45.05339],[-66.33732,-45.05361]]],[[[-65.25492,-44.15263],[-65.26288,-44.15325],[-65.25448,-44.15010],[-65.25492,-44.15263]]],[[[-66.05334,-45.12732],[-66.06071,-45.13224],[-66.06283,-45.13165],[-66.05334,-45.12732]]],[[[-65.26272,-44.25896],[-65.26337,-44.26291],[-65.26998,-44.26176],[-65.26272,-44.25896]]],[[[-65.80638,-45.06103],[-65.81037,-45.06740],[-65.81214,-45.06348],[-65.80638,-45.06103]]],[[[-65.38194,-44.59845],[-65.38728,-44.59742],[-65.38455,-44.59479],[-65.38194,-44.59845]]],[[[-65.96436,-45.05217],[-65.96941,-45.05054],[-65.96288,-45.04992],[-65.96436,-45.05217]]],[[[-65.23038,-44.27635],[-65.23862,-44.28119],[-65.23051,-44.27544],[-65.23038,-44.27635]]],[[[-65.53994,-44.90552],[-65.54187,-44.90857],[-65.54334,-44.90748],[-65.53994,-44.90552]]],[[[-65.61992,-45.05944],[-65.62061,-45.06227],[-65.62481,-45.06018],[-65.61992,-45.05944]]],[[[-65.39364,-44.59391],[-65.39315,-44.59742],[-65.39642,-44.59447],[-65.39364,-44.59391]]],[[[-65.62589,-45.05237],[-65.62079,-45.05499],[-65.62626,-45.05259],[-65.62589,-45.05237]]],[[[-65.57020,-44.98826],[-65.57372,-44.99012],[-65.57394,-44.98804],[-65.57020,-44.98826]]],[[[-65.56118,-44.96337],[-65.56664,-44.96362],[-65.56093,-44.96194],[-65.56118,-44.96337]]],[[[-65.87905,-45.03889],[-65.87646,-45.04167],[-65.88089,-45.03980],[-65.87905,-45.03889]]],[[[-65.86187,-45.04750],[-65.85993,-45.05161],[-65.86395,-45.05113],[-65.86187,-45.04750]]],[[[-65.64230,-44.76709],[-65.63828,-44.77064],[-65.64337,-44.76737],[-65.64230,-44.76709]]],[[[-66.32381,-45.06656],[-66.31888,-45.06752],[-66.31585,-45.06874],[-66.32381,-45.06656]]],[[[-66.29613,-45.07624],[-66.29839,-45.07769],[-66.30045,-45.07584],[-66.29613,-45.07624]]],[[[-65.57561,-45.06375],[-65.57727,-45.06518],[-65.57822,-45.06385],[-65.57561,-45.06375]]],[[[-65.56072,-44.99857],[-65.56366,-44.99938],[-65.56359,-44.99652],[-65.56072,-44.99857]]],[[[-65.84335,-45.04726],[-65.84624,-45.04794],[-65.84871,-45.04588],[-65.84335,-45.04726]]],[[[-65.96407,-45.09683],[-65.96625,-45.09875],[-65.96648,-45.09642],[-65.96407,-45.09683]]],[[[-65.91582,-45.04712],[-65.91895,-45.04789],[-65.91862,-45.04543],[-65.91582,-45.04712]]],[[[-65.30785,-44.53584],[-65.31019,-44.53705],[-65.31054,-44.53479],[-65.30785,-44.53584]]],[[[-66.09378,-45.11815],[-66.09746,-45.11790],[-66.09371,-45.11802],[-66.09378,-45.11815]]],[[[-66.33848,-45.06358],[-66.34076,-45.06589],[-66.34155,-45.06474],[-66.33848,-45.06358]]],[[[-65.64865,-44.76732],[-65.65108,-44.76757],[-65.65418,-44.76594],[-65.64865,-44.76732]]],[[[-65.86064,-45.03248],[-65.85979,-45.03501],[-65.86233,-45.03270],[-65.86064,-45.03248]]],[[[-65.96251,-45.04428],[-65.96345,-45.04599],[-65.96415,-45.04364],[-65.96251,-45.04428]]],[[[-66.06908,-45.00485],[-66.07196,-45.00562],[-66.07278,-45.00495],[-66.06908,-45.00485]]],[[[-66.24876,-45.03045],[-66.24966,-45.03216],[-66.25064,-45.03086],[-66.24876,-45.03045]]],[[[-66.03667,-45.09177],[-66.03746,-45.09277],[-66.03896,-45.09088],[-66.03667,-45.09177]]],[[[-65.97311,-45.05107],[-65.97611,-45.05158],[-65.97678,-45.05101],[-65.97311,-45.05107]]],[[[-66.04388,-45.09103],[-66.04556,-45.09024],[-66.04230,-45.09058],[-66.04388,-45.09103]]],[[[-65.74781,-45.03511],[-65.74889,-45.03663],[-65.74979,-45.03558],[-65.74781,-45.03511]]],[[[-66.02694,-45.09970],[-66.02927,-45.10035],[-66.02978,-45.09938],[-66.02694,-45.09970]]],[[[-65.84367,-45.04228],[-65.84189,-45.04153],[-65.84120,-45.04224],[-65.84367,-45.04228]]],[[[-65.93892,-45.11805],[-65.93736,-45.11927],[-65.94025,-45.11885],[-65.93892,-45.11805]]],[[[-65.91500,-45.03997],[-65.91673,-45.04071],[-65.91651,-45.03984],[-65.91500,-45.03997]]],[[[-65.71509,-45.05742],[-65.71653,-45.05812],[-65.71713,-45.05731],[-65.71509,-45.05742]]],[[[-65.80436,-45.04723],[-65.80337,-45.04798],[-65.80623,-45.04790],[-65.80436,-45.04723]]],[[[-65.84313,-45.04890],[-65.84078,-45.04927],[-65.84347,-45.04927],[-65.84313,-45.04890]]],[[[-65.91216,-45.04536],[-65.91292,-45.04605],[-65.91325,-45.04548],[-65.91216,-45.04536]]]]}},{"type":"Feature","properties":{"departamento": "Escalante", "provincia": "Chubut", "hechos": 2843, "nivel": "medio"},"geometry":{"type":"MultiPolygon","coordinates":[[[[-67.10530,-44.69180],[-67.09730,-45.04170],[-66.36621,-45.04190],[-66.37466,-45.05589],[-66.36327,-45.06160],[-66.39852,-45.05312],[-66.49364,-45.09854],[-66.51865,-45.09798],[-66.53459,-45.11728],[-66.53302,-45.14238],[-66.45899,-45.14696],[-66.47317,-45.16588],[-66.54028,-45.15291],[-66.54738,-45.13667],[-66.59970,-45.13941],[-66.58438,-45.15699],[-66.59917,-45.16169],[-66.59447,-45.17162],[-66.53650,-45.17516],[-66.51410,-45.19678],[-66.52499,-45.20556],[-66.51865,-45.22290],[-66.66201,-45.21142],[-66.70532,-45.22433],[-66.85356,-45.23212],[-66.95371,-45.26774],[-67.03601,-45.32217],[-67.13820,-45.42211],[-67.22154,-45.52708],[-67.35032,-45.62933],[-67.36203,-45.69575],[-67.34223,-45.72316],[-67.37873,-45.73446],[-67.36855,-45.78726],[-67.39788,-45.78752],[-67.45475,-45.81947],[-67.47578,-45.85376],[-67.45641,-45.86144],[-67.49910,-45.87476],[-67.55207,-45.92568],[-67.55567,-45.94513],[-67.53122,-45.95896],[-67.56519,-45.96259],[-67.59571,-45.99987],[-68.36580,-45.99990],[-68.36660,-44.69589],[-67.10530,-44.69180]]],[[[-66.40822,-45.19375],[-66.40211,-45.18555],[-66.39288,-45.19062],[-66.40822,-45.19375]]],[[[-66.50204,-45.17595],[-66.49272,-45.18082],[-66.50433,-45.17657],[-66.50204,-45.17595]]],[[[-66.50098,-45.18466],[-66.50521,-45.18536],[-66.50768,-45.18060],[-66.50098,-45.18466]]],[[[-66.36050,-45.15120],[-66.36433,-45.15000],[-66.36223,-45.14938],[-66.36050,-45.15120]]],[[[-66.40996,-45.09139],[-66.40595,-45.08799],[-66.40295,-45.08868],[-66.40996,-45.09139]]],[[[-66.48579,-45.17940],[-66.48988,-45.18217],[-66.48911,-45.17900],[-66.48579,-45.17940]]],[[[-66.69613,-45.24541],[-66.70064,-45.24606],[-66.69675,-45.24407],[-66.69613,-45.24541]]],[[[-66.40434,-45.08434],[-66.40938,-45.08479],[-66.40309,-45.08240],[-66.40434,-45.08434]]],[[[-66.41611,-45.09575],[-66.41998,-45.09433],[-66.41496,-45.09458],[-66.41611,-45.09575]]],[[[-66.51563,-45.18021],[-66.51862,-45.18058],[-66.51876,-45.17850],[-66.51563,-45.18021]]],[[[-66.49616,-45.16872],[-66.50024,-45.16853],[-66.50085,-45.16727],[-66.49616,-45.16872]]],[[[-66.50870,-45.17320],[-66.51167,-45.17379],[-66.51065,-45.17225],[-66.50870,-45.17320]]],[[[-66.40139,-45.06873],[-66.40230,-45.06958],[-66.40242,-45.06882],[-66.40139,-45.06873]]]]}},{"type":"Feature","properties":{"departamento": "Sarmiento", "provincia": "Chubut", "hechos": 93, "nivel": "bajo"},"geometry":{"type":"Polygon","coordinates":[[[-68.36660,-44.69589],[-68.36580,-45.99990],[-69.65660,-45.99994],[-69.62810,-44.69103],[-68.36660,-44.69589]]]}},{"type":"Feature","properties":{"departamento": "Tehuelches", "provincia": "Chubut", "hechos": 32, "nivel": "bajo"},"geometry":{"type":"Polygon","coordinates":[[[-69.52290,-43.79830],[-69.50130,-44.14300],[-69.93910,-44.68850],[-71.21922,-44.67120],[-71.23549,-44.64092],[-71.21369,-44.63286],[-71.21586,-44.61820],[-71.19431,-44.60198],[-71.20085,-44.59164],[-71.12789,-44.59758],[-71.09723,-44.58706],[-71.10325,-44.55334],[-71.09146,-44.53255],[-71.16373,-44.50104],[-71.12969,-44.47180],[-71.17111,-44.43910],[-71.22273,-44.43625],[-71.24618,-44.41740],[-71.34889,-44.42480],[-71.35267,-44.40340],[-71.38620,-44.38527],[-71.51050,-44.39400],[-71.55179,-44.40897],[-71.61724,-44.39849],[-71.65788,-44.40899],[-71.71169,-44.37922],[-71.73632,-44.39918],[-71.80299,-44.41965],[-71.81507,-44.41612],[-71.80433,-44.39914],[-71.82084,-44.39228],[-71.81751,-44.37748],[-71.83935,-44.35240],[-71.78719,-44.33132],[-71.80876,-44.28821],[-71.80312,-44.27169],[-71.82954,-44.26537],[-71.80636,-44.25811],[-71.80772,-44.22806],[-71.78002,-44.21719],[-71.80064,-44.21458],[-71.79988,-44.19170],[-71.84733,-44.15821],[-71.84774,-44.11102],[-71.78134,-44.11151],[-71.75053,-44.09147],[-71.67956,-43.97114],[-71.64878,-43.94593],[-71.66485,-43.90361],[-71.47190,-43.89890],[-71.44740,-43.89380],[-71.44590,-43.85260],[-71.38410,-43.85400],[-71.38820,-43.94300],[-71.13590,-43.94980],[-71.13270,-43.86100],[-70.99080,-43.86430],[-70.98750,-43.77870],[-69.52290,-43.79830]]]}},{"type":"Feature","properties":{"departamento": "Languiñeo", "provincia": "Chubut", "hechos": 16, "nivel": "bajo"},"geometry":{"type":"Polygon","coordinates":[[[-70.28030,-42.65090],[-70.22830,-42.63510],[-70.14390,-42.64770],[-70.04600,-42.69840],[-69.98590,-42.64930],[-69.93030,-42.65330],[-69.84730,-42.63550],[-69.78200,-42.67670],[-69.64920,-42.68440],[-69.56270,-42.75930],[-69.54590,-42.81930],[-69.50851,-42.86777],[-69.55120,-43.34780],[-69.52290,-43.79830],[-70.98750,-43.77870],[-70.99080,-43.86430],[-71.13270,-43.86100],[-71.13590,-43.94980],[-71.38820,-43.94300],[-71.38410,-43.85400],[-71.44590,-43.85260],[-71.44740,-43.89380],[-71.47190,-43.89890],[-71.68225,-43.90454],[-71.70738,-43.89449],[-71.70872,-43.85574],[-71.73196,-43.85970],[-71.76103,-43.84272],[-71.75342,-43.78818],[-71.69776,-43.72691],[-71.66576,-43.72253],[-71.65707,-43.70085],[-71.63190,-43.70809],[-71.63009,-43.69859],[-71.59978,-43.69697],[-71.61200,-43.67604],[-71.58829,-43.67545],[-71.58142,-43.65922],[-71.60776,-43.62859],[-71.70346,-43.62525],[-71.71755,-43.57643],[-71.74234,-43.58589],[-71.76419,-43.57822],[-71.76257,-43.56519],[-71.70310,-43.54870],[-71.67450,-43.55310],[-71.66520,-43.52610],[-71.60200,-43.52730],[-71.59137,-43.55588],[-71.54790,-43.52480],[-71.51270,-43.52540],[-71.44830,-43.57630],[-71.25580,-43.57170],[-71.16670,-43.61410],[-71.11920,-43.61810],[-70.95970,-43.55640],[-70.89520,-43.51560],[-70.86760,-43.41950],[-70.86920,-43.37310],[-70.89920,-43.32370],[-70.89800,-43.30430],[-70.86050,-43.25770],[-70.85340,-43.13780],[-70.80190,-43.05760],[-70.72360,-42.96940],[-70.59830,-42.96790],[-70.59490,-42.88220],[-70.60330,-42.88188],[-70.59140,-42.83840],[-70.46280,-42.66760],[-70.36060,-42.60390],[-70.28030,-42.65090]]]}},{"type":"Feature","properties":{"departamento": "Cushamen", "provincia": "Chubut", "hechos": 281, "nivel": "bajo"},"geometry":{"type":"Polygon","coordinates":[[[-69.43135,-42.00000],[-69.50851,-42.86777],[-69.54590,-42.81930],[-69.56270,-42.75930],[-69.64920,-42.68440],[-69.78200,-42.67670],[-69.84730,-42.63550],[-69.93030,-42.65330],[-69.98590,-42.64930],[-70.04600,-42.69840],[-70.14390,-42.64770],[-70.22830,-42.63510],[-70.28540,-42.64970],[-70.36060,-42.60390],[-70.46700,-42.67130],[-70.54080,-42.76860],[-70.54690,-42.79240],[-70.59140,-42.83840],[-70.60330,-42.88188],[-70.90910,-42.87010],[-71.03230,-42.95690],[-71.15320,-42.86560],[-71.28120,-42.86490],[-71.31550,-42.84040],[-71.30650,-42.83360],[-71.35080,-42.80160],[-71.33200,-42.78730],[-71.36760,-42.76250],[-71.39350,-42.78220],[-71.38680,-42.76130],[-71.39840,-42.74380],[-71.47440,-42.68270],[-71.49780,-42.61080],[-71.53400,-42.58700],[-71.68000,-42.58360],[-71.67480,-42.49340],[-72.01926,-42.48146],[-72.04813,-42.45236],[-72.02849,-42.40752],[-72.07722,-42.38247],[-72.11272,-42.39830],[-72.13186,-42.38432],[-72.13834,-42.32703],[-72.12084,-42.32399],[-72.16810,-42.25987],[-72.15360,-42.24342],[-72.16632,-42.21383],[-72.15681,-42.19373],[-72.18414,-42.17737],[-72.18826,-42.16097],[-72.17153,-42.13936],[-72.12290,-42.15501],[-72.06651,-42.14674],[-72.07909,-42.12953],[-72.05295,-42.11390],[-72.00686,-42.14008],[-71.95755,-42.14125],[-71.95459,-42.16439],[-71.92529,-42.19053],[-71.89285,-42.18074],[-71.87446,-42.15470],[-71.83475,-42.16257],[-71.80346,-42.14557],[-71.78173,-42.14808],[-71.77725,-42.13023],[-71.74751,-42.13046],[-71.72609,-42.10967],[-71.74171,-42.08265],[-71.72765,-42.04664],[-71.75723,-42.03708],[-71.77393,-42.00000],[-69.43135,-42.00000]]]}},{"type":"Feature","properties":{"departamento": "Futaleufú", "provincia": "Chubut", "hechos": 410, "nivel": "bajo"},"geometry":{"type":"Polygon","coordinates":[[[-72.01756,-42.48224],[-71.67480,-42.49340],[-71.68000,-42.58360],[-71.53400,-42.58700],[-71.49780,-42.61080],[-71.47440,-42.68270],[-71.39840,-42.74380],[-71.38680,-42.76130],[-71.39350,-42.78220],[-71.36760,-42.76250],[-71.33200,-42.78730],[-71.35080,-42.80160],[-71.30650,-42.83360],[-71.31550,-42.84040],[-71.28120,-42.86490],[-71.15320,-42.86560],[-71.03230,-42.95690],[-70.90910,-42.87010],[-70.59490,-42.88220],[-70.59830,-42.96790],[-70.72360,-42.96940],[-70.80190,-43.05760],[-70.85340,-43.13780],[-70.86050,-43.25770],[-70.89800,-43.30430],[-70.89920,-43.32370],[-70.86920,-43.37310],[-70.86760,-43.41950],[-70.89400,-43.51440],[-70.95970,-43.55640],[-71.11920,-43.61810],[-71.16670,-43.61410],[-71.25580,-43.57170],[-71.44830,-43.57630],[-71.46330,-43.55560],[-71.52560,-43.52420],[-71.54790,-43.52480],[-71.59137,-43.55588],[-71.59840,-43.52910],[-71.64860,-43.52420],[-71.67200,-43.53100],[-71.67450,-43.55310],[-71.70440,-43.54890],[-71.74330,-43.56520],[-71.76524,-43.56340],[-71.77652,-43.53869],[-71.87748,-43.55108],[-71.87849,-43.52753],[-71.84863,-43.48289],[-71.88138,-43.45130],[-71.92532,-43.45876],[-71.93435,-43.44852],[-71.91411,-43.41665],[-71.93321,-43.38656],[-71.89374,-43.38009],[-71.89017,-43.35828],[-71.90672,-43.32378],[-71.84010,-43.33521],[-71.78640,-43.29697],[-71.75521,-43.31764],[-71.73460,-43.31433],[-71.73080,-43.28224],[-71.75725,-43.22827],[-71.72920,-43.20025],[-71.76053,-43.16462],[-71.78371,-43.16878],[-71.81508,-43.14568],[-71.85734,-43.14258],[-71.85299,-43.12711],[-71.88637,-43.12703],[-71.89268,-43.10702],[-71.93290,-43.10213],[-71.94330,-43.09242],[-71.93631,-43.05277],[-72.00262,-43.03741],[-72.03617,-43.01339],[-72.03815,-42.99256],[-72.05717,-42.98294],[-72.07320,-42.94961],[-72.11619,-42.93632],[-72.11413,-42.92261],[-72.14255,-42.89987],[-72.11829,-42.88170],[-72.13415,-42.85272],[-72.14788,-42.85002],[-72.16502,-42.79831],[-72.14270,-42.79528],[-72.13133,-42.77713],[-72.14716,-42.74156],[-72.12842,-42.73105],[-72.13821,-42.71116],[-72.17324,-42.70162],[-72.17870,-42.68920],[-72.17224,-42.67164],[-72.13590,-42.68014],[-72.09603,-42.64204],[-72.11761,-42.62921],[-72.11851,-42.60296],[-72.07517,-42.56632],[-72.05135,-42.56512],[-72.05374,-42.54547],[-72.02604,-42.52179],[-72.01756,-42.48224]]]}},{"type":"Feature","properties":{"departamento": "Capital", "provincia": "San Juan", "hechos": 4217, "nivel": "medio"},"geometry":{"type":"Polygon","coordinates":[[[-68.50882,-31.50646],[-68.50218,-31.55444],[-68.52189,-31.56174],[-68.56617,-31.54587],[-68.55892,-31.51089],[-68.50882,-31.50646]]]}},{"type":"Feature","properties":{"departamento": "Rivadavia", "provincia": "San Juan", "hechos": 3014, "nivel": "medio"},"geometry":{"type":"Polygon","coordinates":[[[-68.65171,-31.47236],[-68.62810,-31.51201],[-68.55892,-31.51089],[-68.56873,-31.53460],[-68.56617,-31.54587],[-68.54964,-31.54585],[-68.54767,-31.56197],[-68.60851,-31.54361],[-68.60152,-31.57089],[-68.63183,-31.60389],[-68.63208,-31.62120],[-68.69488,-31.62121],[-68.69866,-31.58943],[-68.68650,-31.56450],[-68.70776,-31.56375],[-68.65171,-31.47236]]]}},{"type":"Feature","properties":{"departamento": "Santa Lucía", "provincia": "San Juan", "hechos": 2019, "nivel": "bajo"},"geometry":{"type":"Polygon","coordinates":[[[-68.43066,-31.50820],[-68.41272,-31.53145],[-68.41405,-31.55298],[-68.43154,-31.55118],[-68.44695,-31.57857],[-68.50637,-31.54660],[-68.50864,-31.50492],[-68.47172,-31.49728],[-68.43066,-31.50820]]]}},{"type":"Feature","properties":{"departamento": "Rawson", "provincia": "San Juan", "hechos": 5012, "nivel": "medio"},"geometry":{"type":"Polygon","coordinates":[[[-68.55126,-31.56079],[-68.47324,-31.55643],[-68.43157,-31.60661],[-68.42136,-31.65976],[-68.40843,-31.67125],[-68.41308,-31.69967],[-68.42290,-31.70035],[-68.41666,-31.72755],[-68.39120,-31.74152],[-68.38127,-31.76477],[-68.39195,-31.78046],[-68.37983,-31.80946],[-68.41072,-31.83430],[-68.49089,-31.79002],[-68.52048,-31.67181],[-68.50503,-31.63813],[-68.53222,-31.62991],[-68.51622,-31.59618],[-68.60152,-31.57089],[-68.60851,-31.54361],[-68.55126,-31.56079]]]}}]}