{"type":"FeatureCollection","features":[{"type":"Feature","properties":{"partido":"Adolfo Alsina","hechos":38,"nivel":"bajo"},"geometry":{"type":"Polygon","coordinates":[[[-63.38510912336298,-36.525155510516335],[-62.64734508883261,-37.123048663287015],[-62.59502922474321,-37.09639519448465],[-62.55669474267726,-37.14995773047626],[-62.511020092233174,-37.19601872727556],[-62.5095549384105,-37.23376937800974],[-62.53881430468179,-37.2574244201941],[-62.42536203924263,-37.34868051135733],[-62.64217596275676,-37.5197923587951],[-62.813220449944694,-37.37390498011578],[-63.37736120367505,-37.8151053424243],[-63.38568517470492,-37.808487230348724],[-63.38510912336298,-36.525155510516335]]]}},{"type":"Feature","properties":{"partido":"Alberti","hechos":29,"nivel":"bajo"},"geometry":{"type":"Polygon","coordinates":[[[-60.30395627064095,-34.88124407035954],[-60.239548924423374,-34.826527327658226],[-60.322035098308405,-34.76110026240826],[-60.36209895121,-34.79587408763038],[-60.372561954102196,-34.787641051361355],[-60.45978904374947,-34.861936504569925],[-60.44822136051717,-34.878875854779245],[-60.450507324836764,-34.917969746759425],[-60.45858558744678,-34.92785106872071],[-60.45303817245982,-34.930413422260756],[-60.47410885455825,-34.93947322806527],[-60.47309203305039,-34.949263216482905],[-60.4877616122649,-34.97480099350117],[-60.473911794268304,-34.99761257652857],[-60.43491160849139,-35.016391843812826],[-60.44002410882102,-35.036783867393375],[-60.38869541439807,-35.08822863940225],[-60.32893552070624,-35.12766079319074],[-60.36504407067501,-35.15957673417009],[-60.338530013163094,-35.17974010047762],[-60.35383558482453,-35.193832676328846],[-60.31578705904153,-35.2231346878579],[-60.32260607940425,-35.22928064596389],[-60.235247861428824,-35.29496992495292],[-60.021337895583834,-35.1071349011797],[-60.037765230791145,-35.103904270830974],[-60.054490847374204,-35.089867017858865],[-60.11511907070532,-35.089738445729544],[-60.13292237535477,-35.081532372907084],[-60.15124955746873,-35.06563928081597],[-60.118753085270946,-35.03515758390703],[-60.22863209077501,-34.952390626324295],[-60.21931336122786,-34.94472626297639],[-60.30395627064095,-34.88124407035954]]]}},{"type":"Feature","properties":{"partido":"Almirante Brown","hechos":6813,"nivel":"alto"},"geometry":{"type":"Polygon","coordinates":[[[-58.336886811398465,-34.754451949220986],[-58.30977803429437,-34.79338743243555],[-58.33279953846051,-34.80575378645153],[-58.29233967924348,-34.854923888820686],[-58.31719685331288,-34.86824386335405],[-58.31247733986608,-34.874852045327465],[-58.34210022788152,-34.89071104694732],[-58.34629788155452,-34.885034452855486],[-58.396445202190435,-34.90988116183256],[-58.4159429211042,-34.883020683088226],[-58.40879200022255,-34.87945762023926],[-58.447753279342095,-34.82598921214792],[-58.40510167598265,-34.8045735106646],[-58.40995424904424,-34.79858683837757],[-58.336886811398465,-34.754451949220986]]]}},{"type":"Feature","properties":{"partido":"Avellaneda","hechos":4968,"nivel":"medio"},"geometry":{"type":"Polygon","coordinates":[[[-58.37373737348527,-34.65691753143676],[-58.35696935928247,-34.645061086578735],[-58.357210441949654,-34.63907057033175],[-58.33420995327427,-34.62867356531273],[-58.32841287239278,-34.64838931519398],[-58.27957742735657,-34.67859024260611],[-58.33350482121586,-34.72698403634834],[-58.40650494085817,-34.66351172286745],[-58.37373737348527,-34.65691753143676]]]}},{"type":"Feature","properties":{"partido":"Ayacucho","hechos":133,"nivel":"bajo"},"geometry":{"type":"Polygon","coordinates":[[[-58.43721629039407,-36.45211927313615],[-58.72093011563214,-36.70024445367637],[-58.666828537177004,-36.74294380924654],[-58.68509928472444,-36.74006101240797],[-58.71993160420811,-36.75259491062604],[-58.73401013225982,-36.76818234896241],[-58.79084531737295,-36.78913089339634],[-58.79515142536561,-36.80601506816062],[-58.83698802694885,-36.83626667718629],[-58.85046553156689,-36.83100683799487],[-58.86680148885642,-36.838388893717784],[-58.875424085134455,-36.84744080034468],[-58.873070128577424,-36.86077439797133],[-58.88102594003352,-36.85866901546314],[-58.91120942952381,-36.876418589763986],[-58.91162966471743,-36.896790760941094],[-58.91747415104056,-36.90893627424755],[-58.931110838825546,-36.91232922571063],[-58.936853485167035,-36.93606360860436],[-59.00266612798494,-36.944649933329224],[-59.02149474229997,-36.960095005827256],[-59.04072207854313,-37.02609591752353],[-59.06027301754008,-37.03774067532333],[-59.061568507971636,-37.04435106712806],[-59.078209309388235,-37.04775438982431],[-59.09016527763256,-37.06284544151992],[-58.989404045496784,-37.13740125952888],[-58.9826853807414,-37.13180961009453],[-58.61151198143942,-37.41086900714711],[-58.577666733856624,-37.38353744084334],[-58.42701567510702,-37.500794530122],[-58.35522409720701,-37.43943685354073],[-58.282658462679805,-37.49209224956379],[-58.16358030400079,-37.38824046465143],[-58.09512549540967,-37.43701281342002],[-57.76958692282435,-37.135582004719986],[-57.94465995739807,-37.007786442765294],[-58.01986585749026,-37.07597139447003],[-58.286557289064085,-36.88104312767517],[-58.114421567647895,-36.728124489822285],[-58.226188882826115,-36.627680534812505],[-58.21304220595015,-36.6154723589969],[-58.43721629039407,-36.45211927313615]]]}},{"type":"Feature","properties":{"partido":"Azul","hechos":519,"nivel":"bajo"},"geometry":{"type":"Polygon","coordinates":[[[-60.023420777670204,-36.915576452354934],[-60.05995865078052,-36.95196641052663],[-60.06600353822837,-36.94759255817784],[-60.106737094650434,-36.98081306106633],[-60.09589979081493,-36.98914211183394],[-60.116130983208635,-37.00656971762445],[-60.10364726456659,-37.016072534579976],[-60.122854433914235,-37.03430932611932],[-60.11303734720758,-37.0416416797079],[-60.13315638737474,-37.058330506062504],[-60.12565394791397,-37.06416187101204],[-60.145208667798286,-37.081182845110064],[-60.1263823392734,-37.0968241485775],[-60.207603205842275,-37.17276809305468],[-59.98674242159601,-37.33994101298483],[-60.037933591814614,-37.38112181820303],[-59.953257983094886,-37.4475117948945],[-59.860615089211954,-37.37119720578382],[-59.88028784400625,-37.35594184967053],[-59.8264941830795,-37.31092979419825],[-59.817324026676275,-37.27000405136696],[-59.80643610236974,-37.25113246007639],[-59.77706199855946,-37.235898215714265],[-59.73656338898658,-37.234021884310245],[-59.69936004361064,-37.21661069847776],[-59.6683600011193,-37.18192771573678],[-59.641372727701416,-37.17349186209716],[-59.62598248169373,-37.15375097577863],[-59.586567141603965,-37.13249337797008],[-59.582186605304415,-37.11280622888421],[-59.56763898122656,-37.097808651056326],[-59.55218948752528,-37.094316383021145],[-59.542110805800775,-37.08083361198261],[-59.52082648287867,-37.082358014107015],[-59.47984556653171,-37.036738169967926],[-59.43683398629716,-37.021329121846954],[-59.43352638656669,-36.99946228504728],[-59.41647007352434,-36.98957159906264],[-59.40908881311142,-36.97340364606575],[-59.39956639827863,-36.970778801913916],[-59.392562791806746,-36.946607894942055],[-59.359664206986864,-36.89722266099625],[-59.35612928707195,-36.87855860949974],[-59.36501209953226,-36.85125993664732],[-59.34865822941963,-36.83027021590368],[-59.35279368640044,-36.82504393638274],[-59.28089774271131,-36.76505272481159],[-59.2797735427191,-36.743569752904655],[-59.26312351918769,-36.713980056779754],[-59.2553223625566,-36.6468784572141],[-59.24529232955778,-36.6432381802375],[-59.23920578461404,-36.626507392415625],[-59.22655712136151,-36.61687412244884],[-59.226456873051674,-36.604528160196935],[-59.21920277009771,-36.597925214562764],[-59.22644402386396,-36.59182229198267],[-59.22189975978133,-36.57439412885948],[-59.194941718329474,-36.59131476655857],[-59.13779299151184,-36.54329076259671],[-59.202180411419924,-36.49364477219658],[-59.190273512481156,-36.48350213914962],[-59.249369987584345,-36.43794006541857],[-59.22908753218329,-36.421264982861764],[-59.48710936169639,-36.227101955888934],[-59.63388664800672,-36.359283694971104],[-59.72651544371346,-36.28863635796931],[-59.81708778374356,-36.363576862632705],[-59.82322594610152,-36.35895251472462],[-59.861883487954394,-36.390177311570135],[-59.91752464899421,-36.445266957242666],[-59.913025928909065,-36.44865332025988],[-59.93049191687516,-36.46702959972461],[-59.97296730673372,-36.50365182888567],[-59.983218538452235,-36.49610074277387],[-60.023689008820675,-36.531838885193416],[-59.91889208824326,-36.61481226814286],[-60.06282553081355,-36.731804739598275],[-60.134886170990825,-36.67479421419196],[-60.14174721088136,-36.6803687496787],[-60.13908753113211,-36.68981347033573],[-60.14878427581933,-36.70791666061634],[-60.16141226398643,-36.71965745569574],[-60.099629053763344,-36.769858877601216],[-60.09272005650445,-36.764183096919204],[-60.00135740918584,-36.83548255619026],[-60.02119967599475,-36.852588624441076],[-60.007506799419765,-36.863523102494206],[-60.028060317140316,-36.88000559665198],[-60.01255972100951,-36.891029597868325],[-60.032893116568125,-36.90799662226615],[-60.023420777670204,-36.915576452354934]]]}},{"type":"Feature","properties":{"partido":"Bahía Blanca","hechos":3497,"nivel":"medio"},"geometry":{"type":"Polygon","coordinates":[[[-62.187810726922365,-38.821243188842345],[-62.06099359377393,-38.719976857574004],[-62.061873745696204,-38.7129110844062],[-62.02994199530426,-38.71419284880185],[-62.01215753359549,-38.706767256467536],[-61.92566912196637,-38.73124628483274],[-61.847528943967575,-38.66556998449898],[-61.81868147727268,-38.68838046686873],[-61.74199974979156,-38.627559642446116],[-61.75417836460764,-38.615250885522855],[-61.74761818199959,-38.596888898894655],[-61.759831627305566,-38.594753194508705],[-61.778636758695,-38.579576769632126],[-61.78368006992313,-38.5419655991466],[-61.7950426174145,-38.52967107732424],[-61.785098553238676,-38.518024853688246],[-61.79009047822249,-38.501814371165345],[-61.78475662080247,-38.49181735698112],[-61.79040862822655,-38.48693293356986],[-61.78489148411986,-38.48632168810511],[-61.78700765120799,-38.46629658610634],[-61.78000193090322,-38.45958605948231],[-61.81179421780042,-38.48563847627569],[-61.89299023662746,-38.42591055390788],[-61.925364511291676,-38.45345917745547],[-61.93109789416585,-38.421678293346815],[-61.938614385007334,-38.41121132612801],[-61.98859801981444,-38.452507265299765],[-62.01018270543175,-38.43622848566561],[-61.99865043770708,-38.42681505125406],[-62.084649575191015,-38.36273733357648],[-62.19634169250075,-38.4520229074335],[-62.22069228770996,-38.43341040049038],[-62.20948714810641,-38.42442138274729],[-62.22773764123936,-38.41059650840775],[-62.208992951406096,-38.39536390655784],[-62.23038592129144,-38.379017618774036],[-62.22343054190296,-38.37332398117423],[-62.24006646151836,-38.36062197529767],[-62.34185322147279,-38.442646595817884],[-62.38781291070439,-38.40854648640606],[-62.61365278908204,-38.59224157251617],[-62.6112073375326,-38.61124225181904],[-62.59711909413322,-38.62164644797895],[-62.57285071584774,-38.623463288808864],[-62.51946703198138,-38.64074453072345],[-62.472886139950724,-38.663293480344905],[-62.456289715269705,-38.69216816034363],[-62.45138160401142,-38.729970053592744],[-62.427104694818844,-38.76086124273497],[-62.39902349242437,-38.74946586056674],[-62.35491720621505,-38.75566995300753],[-62.3017698811754,-38.7871875429663],[-62.29542267429489,-38.788584445682496],[-62.293732255091875,-38.781428383672385],[-62.279956038497204,-38.78450021486438],[-62.280352742499204,-38.789318530813816],[-62.254283498642884,-38.80089752534004],[-62.20876231591184,-38.79958410603352],[-62.187810726922365,-38.821243188842345]]]}},{"type":"Feature","properties":{"partido":"Balcarce","hechos":433,"nivel":"bajo"},"geometry":{"type":"Polygon","coordinates":[[[-58.57705378655781,-37.38393089852228],[-58.80913171371382,-37.57872103209984],[-58.506681132620805,-37.806254328100955],[-58.59075803532039,-37.87863973549499],[-58.255908750967095,-38.13086063517046],[-57.733569225562455,-37.69777515409876],[-58.16296523859278,-37.38863171888922],[-58.282043120367916,-37.49248411148405],[-58.3546095616287,-37.43982911635232],[-58.426400986983325,-37.501187159648765],[-58.57705378655781,-37.38393089852228]]]}},{"type":"Feature","properties":{"partido":"Baradero","hechos":267,"nivel":"bajo"},"geometry":{"type":"Polygon","coordinates":[[[-59.56826418054759,-33.77279164635009],[-59.51010862976515,-33.77883649838883],[-59.504777842998735,-33.794241546921754],[-59.465980394927605,-33.82233078287508],[-59.41585536985714,-33.82638631006084],[-59.37078294325795,-33.84438467606831],[-59.338046947357775,-33.883474812145614],[-59.32513773126164,-33.88712925191874],[-59.27142374744139,-33.93268538928728],[-59.29734299814556,-33.93183931221014],[-59.30981446939489,-33.92412182384559],[-59.32362058615879,-33.931054923202844],[-59.3414691434638,-33.92554836946287],[-59.34710893217434,-33.93569930570286],[-59.34101188194609,-33.94802815815726],[-59.34531353538419,-33.95206970905621],[-59.31880802354679,-34.00981193687048],[-59.319634788769356,-34.023797411081794],[-59.34103807045848,-34.04256824459287],[-59.37564350931108,-34.05656629665407],[-59.40646435660469,-34.06094983487666],[-59.39554241172091,-34.074512181200035],[-59.4630937775305,-34.13500756991178],[-59.510907453906995,-34.099400222984954],[-59.5352412644857,-34.13019142267934],[-59.5433227610706,-34.15212656814526],[-59.56208803867353,-34.16796655986697],[-59.59458563056223,-34.17172981712516],[-59.62753048738443,-34.158318847686445],[-59.676273754914384,-34.16671312189779],[-59.72290738392654,-34.1305999927817],[-59.706895618590735,-34.10858492201674],[-59.707864904656866,-34.09312061882127],[-59.74101848307737,-34.04800208592356],[-59.74004395251686,-34.038814517199846],[-59.75439371366964,-34.01314029678677],[-59.74670999070481,-33.99611983503348],[-59.73011656881023,-33.98542289219401],[-59.71876539061879,-33.96767518179746],[-59.71389962725936,-33.945258516998756],[-59.685235392004145,-33.93291488953361],[-59.678949874672035,-33.92128533735629],[-59.65301878525901,-33.91720632496406],[-59.653881483418964,-33.9108993410224],[-59.63492127530246,-33.89376278958857],[-59.62875761901464,-33.878890495207976],[-59.60456833681877,-33.86604022010576],[-59.60846214689441,-33.86171767072943],[-59.59883273724078,-33.847960967064495],[-59.602954561965255,-33.821851889532404],[-59.590010217467714,-33.81694541017636],[-59.5923566707571,-33.79491639626306],[-59.579824864410696,-33.79037353388338],[-59.56826418054759,-33.77279164635009]]]}},{"type":"Feature","properties":{"partido":"Arrecifes","hechos":303,"nivel":"bajo"},"geometry":{"type":"Polygon","coordinates":[[[-60.23146938982062,-33.86978725139258],[-60.237600086275044,-34.01112028603716],[-60.23170266569445,-34.02306440557422],[-60.204986913097684,-34.03522887275177],[-60.19114004519324,-34.0547087443295],[-60.16618387394604,-34.06072760189827],[-60.18304197775478,-34.09938282551906],[-60.18455637539911,-34.13553120347935],[-60.2067614345418,-34.17166453432801],[-60.20287770543549,-34.203902403010204],[-60.04029723450667,-34.26854767758663],[-59.995397833419176,-34.22319431478417],[-59.984156841689924,-34.19725008950422],[-59.985955636288224,-34.15429023730887],[-59.98056234256247,-34.13277721452022],[-59.99081865679159,-34.108650660948804],[-59.98534212667173,-34.084321517732576],[-59.95638675982759,-34.08367295092253],[-59.922033302705,-34.074002846212224],[-59.896255820222585,-34.078189197540404],[-59.84447941323762,-34.05269024583029],[-59.81797122424235,-34.029038260789726],[-59.812661607492174,-34.014903820580386],[-59.79952570128204,-34.01365315785134],[-59.79224120791271,-34.02036492480182],[-59.782308604258155,-34.014744217835606],[-60.02448729471969,-33.826776926288915],[-60.04859034108449,-33.82705629954702],[-60.08401822215029,-33.810773244566846],[-60.10691931194101,-33.817918848525196],[-60.156553494981715,-33.745394311664086],[-60.19659010656442,-33.82458424809162],[-60.23146938982062,-33.86978725139258]]]}},{"type":"Feature","properties":{"partido":"Bolívar","hechos":265,"nivel":"bajo"},"geometry":{"type":"Polygon","coordinates":[[[-60.86791468600399,-35.840007760303784],[-60.96967304161527,-35.92661570594233],[-61.03520835113152,-35.87658794620569],[-61.34522359943402,-36.135676722493436],[-61.34902089128579,-36.1326198847073],[-61.43895536653212,-36.21484652447006],[-61.405361276898375,-36.24138867066302],[-61.72391614055255,-36.49468439784691],[-61.69190143369675,-36.52044719977205],[-61.69801176967418,-36.525252086250774],[-61.68486432836936,-36.5363304340103],[-61.67697775631736,-36.53008217300762],[-61.61611664530212,-36.57032046466576],[-61.663338452853786,-36.607311684021404],[-61.49721713809783,-36.744067691275745],[-61.36885011915254,-36.640991776071935],[-61.25482152598334,-36.73498198228406],[-60.89615485183235,-36.451272566486786],[-60.92893837037927,-36.42497144516136],[-60.86543559593261,-36.37260985674338],[-60.905321500201765,-36.34199508902241],[-60.85956976693867,-36.3229293141459],[-60.83478228938735,-36.28364531552959],[-60.823869146032635,-36.27706384012339],[-60.818781218519284,-36.25878259501107],[-60.805401981295475,-36.253466425132736],[-60.798396316347095,-36.23197541232685],[-60.810890344040466,-36.21929750248096],[-60.810381079972544,-36.21035680079606],[-60.77699161451203,-36.184939710871475],[-60.78006896618016,-36.17577270861856],[-60.759218165259774,-36.1566131143225],[-60.74221555659971,-36.1522253082555],[-60.72734267248466,-36.137210374966735],[-60.68888456928945,-36.13575017543229],[-60.665225519441464,-36.11783169820375],[-60.63475775143131,-36.11002283520877],[-60.62825110537605,-36.097681923284526],[-60.61256139607754,-36.09192885681437],[-60.61479322312971,-36.07985083501716],[-60.59451083743199,-36.06968741760363],[-60.57582228269882,-36.0467105389832],[-60.572410041890144,-36.02875072021611],[-60.55590859671373,-36.02298134863311],[-60.53111579625556,-36.00052193667186],[-60.638070717587276,-35.921069129369215],[-60.69544712985382,-35.96881469504046],[-60.78034630984155,-35.90291020609532],[-60.78583308470181,-35.907109535541565],[-60.86791468600399,-35.840007760303784]]]}},{"type":"Feature","properties":{"partido":"Bragado","hechos":291,"nivel":"bajo"},"geometry":{"type":"Polygon","coordinates":[[[-60.36693950352856,-35.10602974538929],[-60.36282086095929,-35.102514301332505],[-60.32942617190729,-35.12810004506641],[-60.365535217432374,-35.16001583489668],[-60.33902103070788,-35.18017930767365],[-60.35432687942798,-35.194271819151695],[-60.31627832783472,-35.22357398309619],[-60.52804848312171,-35.41029878221463],[-60.873300747936554,-35.14316816268873],[-60.7549166049096,-35.04095140066694],[-60.84838103071932,-34.96762978910739],[-60.72464464593874,-34.86078043318287],[-60.81637019575452,-34.789201166402],[-60.76517610354653,-34.74058342231234],[-60.79619604916138,-34.71702156029727],[-60.714643887953635,-34.64668088719023],[-60.685320834151696,-34.657039133267716],[-60.681059814797266,-34.69284462422676],[-60.6863873025253,-34.7076596149796],[-60.66843012769266,-34.70427100980413],[-60.65770716751469,-34.709275104145355],[-60.64807939504084,-34.72838852174414],[-60.62576398938152,-34.74335699915519],[-60.62762864973695,-34.75964717387756],[-60.61051911257656,-34.771301561288986],[-60.58805495766266,-34.81674891291037],[-60.57018816975513,-34.81997945803131],[-60.55828730847419,-34.82958474192839],[-60.54080938458041,-34.82151769370492],[-60.5278967645155,-34.8298239802022],[-60.5292827333375,-34.84162027631849],[-60.49468444466536,-34.83849131362627],[-60.455460435655645,-34.86382561992139],[-60.44784723998423,-34.89578470816671],[-60.45099746768651,-34.918408526145114],[-60.45907572284229,-34.92828981443301],[-60.4535282939705,-34.93085219027692],[-60.47459925120305,-34.93991190867655],[-60.47358248323889,-34.94970190006895],[-60.488252183721016,-34.975239524422285],[-60.474402430606375,-34.99805125139873],[-60.43540226119101,-35.01683067530049],[-60.44051480208584,-35.03722267603088],[-60.36693950352856,-35.10602974538929]]]}},{"type":"Feature","properties":{"partido":"Brandsen","hechos":298,"nivel":"bajo"},"geometry":{"type":"Polygon","coordinates":[[[-58.24768688874685,-35.049771010627694],[-58.23626798374366,-35.058274682475194],[-58.33884406463164,-35.14852660644057],[-58.352709816509524,-35.13786327608678],[-58.446902841207645,-35.21403118566862],[-58.24681607837111,-35.36532466135944],[-58.25955542374138,-35.37710951396977],[-58.21867820493332,-35.40847813884402],[-58.18624401398205,-35.38301266632852],[-58.13861781183494,-35.420373258672186],[-58.04482126974149,-35.33456256345762],[-58.03526675555187,-35.34443530997851],[-57.889568679264265,-35.222578200813004],[-57.9681082036817,-35.15968929521883],[-58.05408575907998,-35.23682747351233],[-58.07753078522724,-35.22000282568789],[-58.018071803554584,-35.16811112854231],[-58.10184332299203,-35.101176615667654],[-58.110492402773815,-35.10881840523826],[-58.1773065228212,-35.0571941812848],[-58.12026142245856,-35.004571968840466],[-58.16072774718338,-34.97286585976069],[-58.24768688874685,-35.049771010627694]]]}},{"type":"Feature","properties":{"partido":"Campana","hechos":1465,"nivel":"bajo"},"geometry":{"type":"Polygon","coordinates":[[[-59.10146928686598,-34.197809032609335],[-58.983411248026904,-34.13504423500625],[-58.9637131482238,-34.15209978448762],[-58.931061611509776,-34.14930924417005],[-58.91744070530318,-34.15615906748671],[-58.93112722527519,-34.173219493143],[-58.874592711301645,-34.2244724088024],[-58.85077627106535,-34.25860622638258],[-58.86412301353781,-34.26600579317058],[-58.86365000514196,-34.27758265831468],[-58.877991102082085,-34.27469079706558],[-58.88074483936941,-34.29782916969233],[-58.91481187127171,-34.32048727934861],[-58.917979922527316,-34.352306512291364],[-58.907749887344764,-34.360015908402936],[-58.921213834564405,-34.371546649520965],[-58.917541309550664,-34.38091960756134],[-58.941406583422896,-34.356396474629236],[-58.94457383826984,-34.359615942600925],[-58.977169227878214,-34.32055675288551],[-59.01426549777798,-34.29563082221253],[-59.03504177598498,-34.2684286112454],[-59.06155797849452,-34.24803993701771],[-59.05715228871237,-34.24150081618068],[-59.077581412447834,-34.224975271684464],[-59.09088139928465,-34.22867618081914],[-59.105192646776906,-34.2142687862377],[-59.10146928686598,-34.197809032609335]]]}},{"type":"Feature","properties":{"partido":"Cañuelas","hechos":954,"nivel":"bajo"},"geometry":{"type":"Polygon","coordinates":[[[-58.65066495640386,-34.89070002387199],[-58.68651172162517,-34.91166874514232],[-58.727044607007066,-34.923812490299845],[-58.75107278263872,-34.94074772236],[-58.76408011742648,-34.95848540541976],[-58.79168495142853,-34.95481938625934],[-58.777483315819,-34.96496517924935],[-58.93409610132302,-35.103508020575966],[-58.86897514673295,-35.15357044151828],[-58.89485156236113,-35.176186692552584],[-58.80807894178649,-35.2388615454225],[-58.81194688123231,-35.24235365348478],[-58.77110734645151,-35.27385331032438],[-58.747897997140775,-35.25412791113074],[-58.678981145741226,-35.306172518233254],[-58.70757613399761,-35.33498556908392],[-58.674153808693084,-35.36038161667927],[-58.663132676283986,-35.354954627621254],[-58.58231384239962,-35.42164030767771],[-58.52439373405901,-35.365971864492444],[-58.571806552399195,-35.32834451757605],[-58.46954616370938,-35.23744536326764],[-58.55451007723643,-35.17816879472792],[-58.55897873662003,-35.1737636949959],[-58.551622337461566,-35.16799736935658],[-58.5772967691284,-35.14790008826066],[-58.578618257192005,-35.06543894225729],[-58.59948075611288,-35.049811615076706],[-58.55389905788763,-35.008988705226784],[-58.62023442573918,-34.96085250409019],[-58.59902748820603,-34.94298941913171],[-58.6106537032675,-34.92522041655874],[-58.6281952559366,-34.91975478321076],[-58.65066495640386,-34.89070002387199]]]}},{"type":"Feature","properties":{"partido":"Carlos Casares","hechos":68,"nivel":"bajo"},"geometry":{"type":"Polygon","coordinates":[[[-61.5321002507189,-35.378412639399244],[-61.72378082352249,-35.53699326449271],[-61.65815378721061,-35.59216133907035],[-61.647894994522616,-35.58358384984582],[-61.573413245733136,-35.642807420854304],[-61.600227099289896,-35.66423163728627],[-61.50180617205883,-35.745143874578204],[-61.63515393079083,-35.8524730043487],[-61.54364329982129,-35.92784655123837],[-61.55857945865208,-35.94227658405322],[-61.39411712957635,-36.07126247855423],[-61.3341086895347,-36.020987519674385],[-61.269924681752265,-36.0705776865515],[-61.03597847641427,-35.876170356494036],[-61.101730577625865,-35.82475583709243],[-61.031898055103596,-35.765553666233004],[-61.19676549841019,-35.63546657813244],[-61.18746721764039,-35.627378266381356],[-61.272598739492345,-35.56007730662901],[-61.28802070840371,-35.57282418971665],[-61.5321002507189,-35.378412639399244]]]}},{"type":"Feature","properties":{"partido":"Carlos Tejedor","hechos":17,"nivel":"bajo"},"geometry":{"type":"Polygon","coordinates":[[[-62.6106082941308,-35.0227490214662],[-62.688321496648854,-35.0851137921621],[-62.65715266258968,-35.110835789572484],[-62.676868519413254,-35.12662703831471],[-62.70751675859259,-35.10115645759713],[-62.89953012515554,-35.25929525789163],[-62.864143907644255,-35.288502444825596],[-62.893163900116704,-35.31131832012991],[-62.84654089096932,-35.350451562404295],[-62.87309703149415,-35.37160731180546],[-62.80380571719102,-35.42950789904777],[-62.77767067047623,-35.40869449873715],[-62.684994423926206,-35.48584716033324],[-62.693872141267576,-35.49263944023072],[-62.33855269296492,-35.78407507993232],[-62.09828644551694,-35.59160578036571],[-62.12998829243177,-35.56536996419415],[-62.050169018278346,-35.50122670965536],[-61.988143856565245,-35.552204806248746],[-61.906309454146076,-35.485611256921054],[-62.22576445963659,-35.21367670893524],[-62.21078988747628,-35.20139572960813],[-62.22493231025589,-35.1894162795674],[-62.27029151718365,-35.151648845030664],[-62.28519063788615,-35.163830609959426],[-62.47145044851969,-35.01066793683636],[-62.548559837850775,-35.07388338081905],[-62.6106082941308,-35.0227490214662]]]}},{"type":"Feature","properties":{"partido":"Carmen de Areco","hechos":182,"nivel":"bajo"},"geometry":{"type":"Polygon","coordinates":[[[-59.78220577311614,-34.218841691119465],[-59.87459228977058,-34.26383781780086],[-59.89523728333993,-34.23643826232315],[-59.91058961921967,-34.24474174270926],[-59.95627730542429,-34.27402766086613],[-60.00037248104095,-34.31246319604789],[-60.01142139649028,-34.32281062530726],[-60.00338340907667,-34.329060554363174],[-60.065287383118225,-34.38287932712385],[-60.08429681578853,-34.36773283334532],[-60.142571079397435,-34.418779332970935],[-60.08360633604311,-34.46977521600935],[-60.09801950234104,-34.4829285381391],[-60.01468827554609,-34.546895388803485],[-59.97472033445635,-34.51042346540672],[-59.930281857086264,-34.54350845931468],[-59.90928726124947,-34.56119336741374],[-59.93317599705023,-34.581252632420835],[-59.8845419294898,-34.61942619573851],[-59.754652293103184,-34.51808761961021],[-59.768408836449396,-34.50729604590766],[-59.735111082740225,-34.477818951051425],[-59.76761540230399,-34.4528142986513],[-59.67382723528459,-34.39940227783396],[-59.697440027090025,-34.288314642074],[-59.69271722139919,-34.285921708687376],[-59.78220577311614,-34.218841691119465]]]}},{"type":"Feature","properties":{"partido":"Daireaux","hechos":85,"nivel":"bajo"},"geometry":{"type":"Polygon","coordinates":[[[-61.25482152598334,-36.73498198228406],[-61.599067688589834,-36.998964652609864],[-61.70786229119956,-36.90717259904407],[-61.76003657783472,-36.94595629960162],[-61.77817034934774,-36.93040833897197],[-61.859765057875514,-36.99254587824731],[-62.019701233073675,-36.849687605655454],[-62.006642057341054,-36.85761195978328],[-61.99325562183099,-36.854244289257544],[-62.00704894772529,-36.84696479693856],[-62.016621630818754,-36.822297631671915],[-61.99618228414232,-36.82048910047739],[-61.99687896717852,-36.81130820107801],[-61.98353889727764,-36.80470236876284],[-62.00004237294308,-36.81164540358903],[-62.17546647373831,-36.66331099558721],[-62.20178124910532,-36.68457436013787],[-62.24896656676239,-36.64595212959878],[-62.22398832789783,-36.62263521510226],[-62.38466028864547,-36.488429844302495],[-62.41154393367599,-36.50918047647725],[-62.47376561242044,-36.45681176133561],[-62.204763462018065,-36.24915326247784],[-62.17801030677297,-36.271637457358885],[-62.144315126756126,-36.245471676525725],[-61.95455242236206,-36.404133586424834],[-61.9378968650665,-36.391112994079144],[-61.928628352938986,-36.398770829080384],[-61.912086881493344,-36.3857864216472],[-61.8599860141623,-36.42853439565576],[-61.86959038135815,-36.436283273620404],[-61.76342981286412,-36.52495068072489],[-61.72467438724599,-36.49425967962691],[-61.692660109348346,-36.52002267577629],[-61.698770458230925,-36.524827613419085],[-61.685623196041284,-36.53590595087369],[-61.67773660937211,-36.52965774011596],[-61.6496275630505,-36.55268844963435],[-61.642404747891895,-36.54893172138627],[-61.616876231420335,-36.56989640389782],[-61.664098123692,-36.606887322073526],[-61.49721713809783,-36.744067691275745],[-61.36885011915254,-36.640991776071935],[-61.25482152598334,-36.73498198228406]]]}},{"type":"Feature","properties":{"partido":"Castelli","hechos":62,"nivel":"bajo"},"geometry":{"type":"MultiPolygon","coordinates":[[[[-57.386731578556414,-35.736666692711935],[-57.38393795772964,-35.74486055842922],[-57.36542818113534,-35.75041779242568],[-57.38086487553238,-35.80769232805839],[-57.38721644282368,-35.81241708175696],[-57.38331680598197,-35.816588894221304],[-57.398446157262214,-35.82881250085877],[-57.38959261215086,-35.82769926323954],[-57.38893940727235,-35.83683568890918],[-57.3955336056986,-35.8536269437321],[-57.39007440086138,-35.862929921277214],[-57.394193139374266,-35.87706758760729],[-57.390261263337926,-35.90100697169856],[-57.39470514377727,-35.904185063211884],[-57.38320900213121,-35.931638091445414],[-57.381422387754114,-35.96453655273367],[-57.349004283923705,-36.0199361142591],[-57.355288660453034,-36.0174392812353],[-57.351946612926824,-36.026731839476895],[-57.3571079963813,-36.03031013258056],[-57.3450582944571,-36.030874969589405],[-57.33714852615504,-36.04934998076968],[-57.34099707930748,-36.05551409144198],[-57.33985481508398,-36.05932333760203],[-57.33489175775623,-36.05270772555149],[-57.33051938423734,-36.05642056018987],[-57.33436647765916,-36.05956107538],[-57.33441596124839,-36.06040931434749],[-57.32590434255191,-36.05892841185165],[-57.30496699984967,-36.09624030221278],[-57.31072170754378,-36.10221030421821],[-57.308578025797274,-36.1077808536674],[-57.31226068790781,-36.11080199733496],[-57.31312441399842,-36.112996096147896],[-57.31268416372727,-36.11613580179286],[-57.32162146286065,-36.11989037063453],[-57.31172223185071,-36.11651447981489],[-57.31257059833299,-36.112230683471466],[-57.30823951742694,-36.10784261378117],[-57.30708219028957,-36.10154381193336],[-57.2953955527348,-36.105135570193504],[-57.27977315791421,-36.12772334851952],[-57.28309690573185,-36.12525973056036],[-57.28564367385455,-36.13066094931457],[-57.28230431656021,-36.13657185202653],[-57.29068407304315,-36.13660913236959],[-57.298154411427156,-36.14137739504966],[-57.30227342474761,-36.139423273121636],[-57.30002003174548,-36.142213825914965],[-57.29637206678594,-36.141325703248995],[-57.29044073480214,-36.13709975155928],[-57.28763745113066,-36.13664922762482],[-57.276096410455374,-36.14048406085194],[-57.278893047479535,-36.14108047151602],[-57.281082990609015,-36.144184568072674],[-57.28167911793876,-36.14606018216617],[-57.2817311436362,-36.14716235477032],[-57.275489811449326,-36.14176962141372],[-57.27587317116043,-36.14019168270919],[-57.27775657493166,-36.13865525795416],[-57.27719945678277,-36.13820591822693],[-57.270724313856874,-36.14529526464209],[-57.27337850791428,-36.14739098714265],[-57.27039190951069,-36.14556633127387],[-57.27214036423736,-36.14206512510713],[-57.26838550874807,-36.14190858028897],[-57.255855089073016,-36.159995122659296],[-57.2590147628738,-36.1661589375621],[-57.24687908387415,-36.162997453444426],[-57.241668352328574,-36.16931114261899],[-57.24430116841968,-36.17031333317392],[-57.24564060235494,-36.17352071396706],[-57.23791692240333,-36.17107600897358],[-57.20942265867533,-36.19613542667511],[-57.50267696329285,-36.141253570625565],[-57.53086860664916,-36.135289843164834],[-57.52877998794793,-36.128488398065286],[-57.64506549291989,-36.10708373213301],[-57.67095936903854,-36.20333177223297],[-57.78449736687536,-36.178140668929146],[-57.815858400220286,-36.27840080764172],[-57.87203660780139,-36.266866624293606],[-57.88350568722561,-36.30213788019079],[-57.9643117205872,-36.270333077781764],[-57.971747593265846,-36.263964621636575],[-57.95972060669714,-36.252922226732],[-58.09380431001593,-36.15440315779769],[-58.052779582325606,-36.118277310053976],[-58.04120536596958,-36.12629480711897],[-57.96680342271159,-36.064632267230664],[-58.004342891904244,-36.04214064357196],[-57.98546686589589,-36.01820537935366],[-57.977001782848134,-36.01985593630702],[-57.98331087811317,-36.02871942427972],[-57.95744898675337,-36.02783119149481],[-57.93943398537032,-35.99300955792984],[-57.927067861909265,-35.98918006032056],[-57.91418473408232,-35.99380575770697],[-57.90502227356611,-35.97400471512596],[-57.89242739057142,-35.975297820651015],[-57.84453910937139,-35.960417934456146],[-57.8329172998945,-35.943709343430115],[-57.77548072208651,-35.9343408305916],[-57.763847535713055,-35.92199250499557],[-57.736120702343214,-35.92557401007405],[-57.726066060951936,-35.91977962709338],[-57.722928779896876,-35.91190908246346],[-57.73245249850734,-35.896473446870665],[-57.71228399684185,-35.87267231906516],[-57.70855724836541,-35.83233233455569],[-57.69496913738415,-35.83611211889019],[-57.68224716210481,-35.83162717875668],[-57.65608970509714,-35.85066695685985],[-57.64805514439485,-35.83732728020881],[-57.58802130323195,-35.830737102187996],[-57.5670389771524,-35.85699723782725],[-57.55573276898456,-35.84488429495554],[-57.530296954703225,-35.842600767610804],[-57.52334056318854,-35.829455305469736],[-57.490309692445365,-35.82630902141737],[-57.4917840891594,-35.81458887948904],[-57.47739995958608,-35.79985301874521],[-57.48227056369475,-35.795248508905736],[-57.47518802472406,-35.783069203288214],[-57.458844272256215,-35.783342979918416],[-57.457879492628635,-35.788913897872824],[-57.454556190494,-35.782582439949806],[-57.46004001759746,-35.779771708959565],[-57.45473793119718,-35.77694000646009],[-57.42477991911288,-35.78459179737467],[-57.42836192224495,-35.776255717671596],[-57.416557196820904,-35.76383495468877],[-57.40844753783897,-35.769025054831125],[-57.408491693802056,-35.75890796864342],[-57.4020584370519,-35.757486656768634],[-57.40958324095767,-35.74309989394483],[-57.3989233778599,-35.74525129405585],[-57.39683578473297,-35.73788983397582],[-57.386731578556414,-35.736666692711935]]],[[[-57.322732312172164,-36.058491607649465],[-57.31706378093767,-36.06375678643515],[-57.31632662974252,-36.06677780952818],[-57.32233459062899,-36.06335966913056],[-57.322732312172164,-36.058491607649465]]],[[[-57.32365856401201,-36.0614184944105],[-57.323433269798805,-36.06060803785695],[-57.32349197493798,-36.0613738705633],[-57.32365856401201,-36.0614184944105]]]]}},{"type":"Feature","properties":{"partido":"Colón","hechos":238,"nivel":"bajo"},"geometry":{"type":"Polygon","coordinates":[[[-60.9491138544843,-33.92300457205862],[-60.945982852238394,-33.92596600755896],[-61.011695066294074,-33.982064289020315],[-61.062336650716176,-34.03925671458908],[-61.12805958050738,-34.07628092045978],[-61.178556361347944,-34.096377706592314],[-61.21035692535785,-34.125398721035204],[-61.33134361825362,-34.025423897654655],[-60.936483318372126,-33.65873072585281],[-60.92121112443989,-33.63602585747756],[-60.9216516622899,-33.60633427914685],[-60.91043106935449,-33.58089423256999],[-60.87300343472307,-33.61293092329746],[-60.84326513372912,-33.650370954511615],[-60.81151350472277,-33.67433521702684],[-60.901584686918284,-33.748889560839075],[-60.86212400067327,-33.78150081260051],[-60.94411636044251,-33.85636717608532],[-60.90662824455545,-33.887375943477686],[-60.9491138544843,-33.92300457205862]]]}},{"type":"Feature","properties":{"partido":"Coronel Dorrego","hechos":100,"nivel":"bajo"},"geometry":{"type":"Polygon","coordinates":[[[-61.18931049821308,-38.29021072944228],[-61.13418471723396,-38.30551706956609],[-61.07738608400476,-38.29337313955237],[-60.99158221756029,-38.310261011336365],[-60.935291039192876,-38.352893917636464],[-60.87900565354021,-38.36940954792606],[-60.836121831809955,-38.40381735410997],[-60.74137765622586,-38.33035742274179],[-60.734761690222044,-38.33858932617907],[-60.74571699816613,-38.36440001309107],[-60.73930674052528,-38.37528429446461],[-60.69706619449123,-38.40870079122034],[-60.67646164309777,-38.43322141740916],[-60.61960375183481,-38.471277326715615],[-60.61619400183627,-38.499200454567244],[-60.60443420990693,-38.515296418616366],[-60.591468456334304,-38.55697503762464],[-60.59259541073561,-38.56942505186296],[-60.612496778907605,-38.58693147143401],[-60.61022392807659,-38.62085976940309],[-60.59537432568174,-38.64694838119563],[-60.59093701991933,-38.67794871126842],[-60.57999314952509,-38.692040786653386],[-60.57808723084219,-38.72512194162785],[-60.562382089723606,-38.750386619163926],[-60.5639274914249,-38.769468178209],[-60.53675155554863,-38.82231032045704],[-60.53710209633889,-38.8449163491831],[-60.52198548687589,-38.883799575650606],[-60.529335510247854,-38.91432770457924],[-60.49750510672958,-38.93075829282082],[-60.72960493969398,-38.95578936400639],[-60.84059906339414,-38.980666519698566],[-61.00116124121133,-38.982934514757645],[-61.09931765850126,-38.995140759722645],[-61.11662903259884,-38.990252061016434],[-61.116674571798065,-38.9795687399737],[-61.1037330900295,-38.97683300864309],[-61.13815735074334,-38.92739818130498],[-61.16656936116171,-38.92662344073157],[-61.27081058191383,-38.94886534964888],[-61.314896056089246,-38.94628058833038],[-61.343641728137456,-38.914127640887195],[-61.387495282795854,-38.91332457628191],[-61.39621615463871,-38.920834649956944],[-61.42221237243729,-38.914632903642534],[-61.433800097204475,-38.92390951053298],[-61.440926838118706,-38.918258856237216],[-61.45365034692173,-38.924515249828204],[-61.458007212630285,-38.94448705102633],[-61.473669861751404,-38.94599249610951],[-61.508609290819116,-38.92248420938418],[-61.54624673831133,-38.911535759093965],[-61.57970029440696,-38.888940688152196],[-61.62434959256968,-38.879251912826255],[-61.63843644221862,-38.86419451493052],[-61.64960941852507,-38.867139173159316],[-61.66314580913764,-38.85799484449864],[-61.67348839592172,-38.8348058491805],[-61.69166968763839,-38.8277593463677],[-61.699668943934206,-38.816850274367965],[-61.691709243749344,-38.806768427294685],[-61.6987608902785,-38.78142337796691],[-61.71083664089373,-38.77245332767786],[-61.71194552016907,-38.76228097683866],[-61.72407121449511,-38.74897959609336],[-61.72525730502635,-38.73223506960744],[-61.715391979787945,-38.71391496687956],[-61.7256338880443,-38.69071963711196],[-61.72132918395717,-38.674426026836095],[-61.728543455353794,-38.65703816626126],[-61.59591704276968,-38.54624633561583],[-61.59138742086279,-38.54993350360278],[-61.52634327375928,-38.50023173593349],[-61.515109874759496,-38.50882226150245],[-61.47327722505015,-38.47552969946491],[-61.465435938179176,-38.48270530054451],[-61.32910054114924,-38.37466044044682],[-61.319923814768,-38.392720982600245],[-61.18931049821308,-38.29021072944228]]]}},{"type":"Feature","properties":{"partido":"Coronel Pringles","hechos":232,"nivel":"bajo"},"geometry":{"type":"Polygon","coordinates":[[[-60.74062942017507,-38.33072285524515],[-60.73413349418468,-38.30010334230253],[-60.7455795785033,-38.271016363310856],[-60.739857027652434,-38.25042262412204],[-60.7468732652125,-38.22995085039382],[-60.74015509523054,-38.22348457215028],[-60.71872164404443,-38.22422586047069],[-60.72929547830736,-38.19666128160536],[-60.7210206727403,-38.1619819245243],[-60.730263514829105,-38.14487550046364],[-60.72923378244949,-38.13024242107607],[-60.72379811221383,-38.11685272900777],[-60.70137442352171,-38.11514190133749],[-60.676254321451616,-38.09313284374076],[-60.75949273346638,-38.028542967417636],[-60.74377013349842,-38.01605077501568],[-60.764421337886496,-37.99896530250362],[-60.84565267439268,-37.93579883773225],[-60.85194750772203,-37.94079224284977],[-61.178034357469386,-37.68084286794278],[-61.6821860000372,-38.07460824370437],[-61.662189195922245,-38.09117227194044],[-61.766581931500134,-38.172834237818904],[-61.75961369291082,-38.191956224057414],[-61.769882827029306,-38.196910614644636],[-61.75419396750414,-38.20212214921581],[-61.737250659244005,-38.21831667931969],[-61.739496517484,-38.22460871909408],[-61.72871193294723,-38.244631101289606],[-61.696939678254644,-38.2857530623242],[-61.71751843184098,-38.28759254417314],[-61.71707664224281,-38.309626003247985],[-61.725681748066584,-38.31088392582063],[-61.72361259138105,-38.32010660611935],[-61.73947293592015,-38.34210792430222],[-61.73786299479216,-38.35578320466825],[-61.75125047084922,-38.36374788315132],[-61.756623291339835,-38.38418153254599],[-61.740866396994754,-38.4085585283709],[-61.74774802902553,-38.40948800527965],[-61.75524357568244,-38.42257518710305],[-61.76535694216277,-38.42332589113625],[-61.76624617194336,-38.4327869184933],[-61.78393095332464,-38.440791187742306],[-61.77943915674829,-38.46157880372453],[-61.78700765120799,-38.46629658610634],[-61.78470813476911,-38.485801954642824],[-61.79040862822655,-38.48693293356986],[-61.78475662080247,-38.49181735698112],[-61.79009047822249,-38.501814371165345],[-61.785098553238676,-38.518024853688246],[-61.79517650453304,-38.52900940634388],[-61.78368006992313,-38.5419655991466],[-61.778636758695,-38.579576769632126],[-61.759831627305566,-38.594753194508705],[-61.74761818199959,-38.596888898894655],[-61.753764940143654,-38.60652466910824],[-61.7513573090264,-38.62352402903284],[-61.72683135692255,-38.64437529865922],[-61.72581847336782,-38.65694023971527],[-61.59517120680306,-38.54661725944531],[-61.59064152117817,-38.55030430960703],[-61.52559741609539,-38.500602128220116],[-61.51436398458185,-38.50919258321292],[-61.47253145160687,-38.47589984416843],[-61.46468993565682,-38.48307539856849],[-61.328355024208385,-38.37502957784023],[-61.319177952240835,-38.39309006597892],[-61.188564987324035,-38.29057898168393],[-61.13503952978119,-38.30589201836938],[-61.07706832832089,-38.293714235558795],[-60.99083558967461,-38.31062802148756],[-60.93454368670197,-38.353260576070575],[-60.87825784183623,-38.369775852038885],[-60.83537333403761,-38.404183479956885],[-60.74062942017507,-38.33072285524515]]]}},{"type":"Feature","properties":{"partido":"Coronel Suárez","hechos":157,"nivel":"bajo"},"geometry":{"type":"Polygon","coordinates":[[[-61.791721598575315,-38.13801069433188],[-61.77664528426209,-38.14027359147851],[-61.78408201799974,-38.1578049437462],[-61.767344458661974,-38.1724255078035],[-61.662951610226216,-38.0907641290788],[-61.68294801779216,-38.07420006824326],[-61.509336500960806,-37.937964034499245],[-61.60556148312449,-37.86153041938173],[-61.44207097162696,-37.73493494978808],[-61.538190250762696,-37.65728053221206],[-61.48845395263178,-37.61885208003749],[-61.59682038774383,-37.530858920278604],[-61.536760852758746,-37.48300603410305],[-61.750097146737424,-37.303523188988464],[-61.7492027094349,-37.28804186201343],[-61.74228747097151,-37.28395763577445],[-61.747406968084,-37.28355367144698],[-61.74175865093041,-37.27844462559259],[-61.744282981459506,-37.27155255271323],[-61.73424285181331,-37.25597849420986],[-61.725914242569154,-37.25696052733617],[-61.7176752766294,-37.24830598964568],[-61.721111352735136,-37.24035487747535],[-61.71263092688232,-37.2377330677921],[-61.70277244173674,-37.21655506239364],[-61.71241517507033,-37.1973574861334],[-61.71512396094928,-37.16842156750229],[-61.72501159670806,-37.15602982069708],[-61.7166599920864,-37.13532503611751],[-61.72686769291519,-37.13000031974626],[-61.72501968809004,-37.12122043288638],[-61.74053548034834,-37.106122765313344],[-61.7354581285669,-37.093502141139],[-61.6046474494029,-36.994418828934116],[-61.70785031925646,-36.90718916909738],[-61.760024609602205,-36.94597278460955],[-61.77815838739354,-36.930424825681364],[-61.81862557805778,-36.96101600218016],[-61.89205243779071,-37.02252857473704],[-61.87565424777454,-37.03659045263235],[-61.91631301718327,-37.06708569122234],[-61.97484258183384,-37.01677340695427],[-62.20297418884522,-37.18714162437996],[-62.211752544140545,-37.180281097593365],[-62.42534047679563,-37.34869419566219],[-62.40814626371364,-37.38288010606861],[-62.39771174432854,-37.37848196578997],[-62.38387838477565,-37.39304575924705],[-62.39840348088724,-37.39941095693731],[-62.390814528696595,-37.41257337843964],[-62.37313317134733,-37.40405398532724],[-62.321963454720255,-37.4678492673549],[-62.28336623616997,-37.45339173956397],[-62.2334737826536,-37.53899365208343],[-62.25000644800525,-37.54497934684955],[-62.21857924062404,-37.56071820695966],[-62.22735347372355,-37.57238356750848],[-62.211064845752915,-37.577798656410515],[-62.22057791028854,-37.59080438160559],[-62.19168926233656,-37.595857625285745],[-62.12479097099631,-37.63351706200908],[-62.131112680434505,-37.6568706379756],[-62.10197059106121,-37.689929475354454],[-62.105410031602766,-37.695886392336966],[-62.08460861505767,-37.70645641422785],[-62.100483128289014,-37.71829095378878],[-62.100349612543994,-37.725523754205994],[-62.0455981040208,-37.75172711790848],[-62.09939156109224,-37.93498577231928],[-62.0724857451946,-37.96311986921552],[-62.05035960748319,-37.971088996355284],[-62.04605988861684,-37.986432768226],[-62.051115754888706,-37.99032319288116],[-61.95238705820961,-38.05657683554187],[-61.93054044892238,-38.03871500859592],[-61.950229917684304,-38.02239616574054],[-61.93066958991859,-38.01259100653541],[-61.93175929921717,-38.008118993100176],[-61.90716619081109,-38.01381630442076],[-61.88378596583481,-38.0350151050565],[-61.87279518473719,-38.033108447243805],[-61.85768787310289,-38.057450119429404],[-61.84096147595125,-38.05925085509935],[-61.84356336758079,-38.06313902351098],[-61.831774070606244,-38.07004919158095],[-61.827289887017656,-38.065410129367365],[-61.81958911861404,-38.081931551603894],[-61.82306664829609,-38.096065062440054],[-61.80050916168888,-38.10916974426246],[-61.791721598575315,-38.13801069433188]]]}},{"type":"Feature","properties":{"partido":"Lanús","hechos":7420,"nivel":"alto"},"geometry":{"type":"Polygon","coordinates":[[[-58.42553274065093,-34.663937811869616],[-58.404051373948064,-34.66024437279515],[-58.391936769104106,-34.67981538062191],[-58.33350482121586,-34.72698403634834],[-58.34716349364715,-34.739835015061054],[-58.36667896986577,-34.74555206917849],[-58.413269137734574,-34.73286485465038],[-58.44718249848423,-34.68842627285474],[-58.42553274065093,-34.663937811869616]]]}},{"type":"Feature","properties":{"partido":"Chacabuco","hechos":522,"nivel":"bajo"},"geometry":{"type":"Polygon","coordinates":[[[-60.55982972153709,-34.40644407442202],[-60.6771891520587,-34.50936301146703],[-60.64737345595063,-34.53258693169934],[-60.759068351472926,-34.63032130356333],[-60.74211825138952,-34.64865140467707],[-60.72884019993144,-34.64336287389849],[-60.6853070905492,-34.657026049909454],[-60.681045956714016,-34.69283154113595],[-60.68637344110323,-34.707646532565306],[-60.66841637878186,-34.70425792470173],[-60.657693419431226,-34.70926201783389],[-60.648065536066376,-34.728375434986226],[-60.62575013134801,-34.743343909879066],[-60.62761478865044,-34.7596340848809],[-60.61050525218398,-34.77128847036146],[-60.58804109306777,-34.81673581956311],[-60.570174307409246,-34.81996636263259],[-60.55827344636202,-34.82957164519162],[-60.548832642410645,-34.8212490260771],[-60.53431498543529,-34.82403054496153],[-60.52788290712808,-34.82981087995938],[-60.529268873731,-34.841607176278714],[-60.49467059102142,-34.83847820958599],[-60.46026504715873,-34.86236214485463],[-60.372877221965986,-34.78791925216694],[-60.36257041997126,-34.796089833127276],[-60.32250970476425,-34.761526456776295],[-60.239386687475324,-34.82708814154004],[-60.17298850288422,-34.77024522397877],[-60.1907555294816,-34.75677215813011],[-60.174137717740706,-34.74304815947505],[-60.19184321691054,-34.72874052614884],[-60.1068457845933,-34.65749936726926],[-60.06419481560017,-34.690674294258784],[-60.007248740053655,-34.64052334522415],[-59.99004127006656,-34.66306985116691],[-59.9929651511896,-34.6740125466974],[-59.98194949835284,-34.675549255928125],[-59.968108790024566,-34.69205314400764],[-59.884566894160564,-34.61943027584051],[-59.933200952703494,-34.58125670258584],[-59.909312100773015,-34.56119744238452],[-59.93030669238805,-34.54351253002069],[-59.97474527100959,-34.51042752711657],[-60.01471322491306,-34.54689944232805],[-60.09804443653957,-34.48293248456101],[-60.08363126574576,-34.46977925553324],[-60.15419428879679,-34.41007155488523],[-60.21122649643927,-34.45956019121531],[-60.24579490798557,-34.43189612412511],[-60.31913838772128,-34.49720528381759],[-60.37407128499695,-34.45492918885212],[-60.40399513184888,-34.48004142607041],[-60.48899837662593,-34.415140472301395],[-60.51689860804405,-34.43916987624725],[-60.55982972153709,-34.40644407442202]]]}},{"type":"Feature","properties":{"partido":"Chascomús","hechos":675,"nivel":"bajo"},"geometry":{"type":"Polygon","coordinates":[[[-57.986252887415574,-35.32846146127356],[-57.97760246923657,-35.33818465637958],[-57.979357398244396,-35.34468631289174],[-57.952741707881266,-35.35939662177249],[-57.94719607295416,-35.37195185881231],[-57.936408648842956,-35.376197385717816],[-57.91786184659694,-35.37142551996194],[-57.912907233445374,-35.38184401655553],[-57.88847159032822,-35.38470070642999],[-57.888725800004494,-35.39203127643183],[-57.87393747657885,-35.385900751219204],[-57.87275205049188,-35.39716413826204],[-57.8624485987906,-35.39979023817254],[-57.852829720054096,-35.412305892681275],[-57.83268504410733,-35.41555936997648],[-57.81453253992727,-35.44191808583641],[-57.79313456374218,-35.445165325250684],[-57.77121689769252,-35.439399566577535],[-57.766903866092484,-35.46326423941894],[-57.755322274214585,-35.45990938823223],[-57.74341233471182,-35.46825823982507],[-57.74598480766795,-35.47304359881366],[-57.72241278653168,-35.47931297952814],[-57.688024877292214,-35.48423737370638],[-57.671337900928556,-35.463081949617525],[-57.630018797895126,-35.469502104974026],[-57.608564267417044,-35.458370358519176],[-57.58586001499528,-35.45566338244402],[-57.5573248709586,-35.45595294285712],[-57.55142489940214,-35.46928330767752],[-57.52184109636756,-35.47309306065329],[-57.51108230057747,-35.466779558407744],[-57.49383403959164,-35.4716392189768],[-57.487151579013634,-35.46073713197646],[-57.48847407914581,-35.46943392307358],[-57.478012083955335,-35.483399573372175],[-57.481453491463505,-35.48712235347595],[-57.46226465214962,-35.493655232237494],[-57.47049637996662,-35.50015398782],[-57.450796014036776,-35.50491597062659],[-57.4358475942802,-35.51780835230777],[-57.45413968732371,-35.54408107664958],[-57.451411871373544,-35.554295478958515],[-57.45909592840739,-35.55634348258689],[-57.45251629433235,-35.56390377167739],[-57.4640485337094,-35.5945052229707],[-57.44777684147056,-35.60898509010535],[-57.42695179763594,-35.61537237365061],[-57.4291774593321,-35.62504742490971],[-57.43714766915931,-35.62362546627965],[-57.439130111963436,-35.636721847001716],[-57.41661429529946,-35.644629256374515],[-57.41316586476235,-35.65148479763497],[-57.41871392955701,-35.654347520109795],[-57.411008774309046,-35.6642165002866],[-57.387452784344234,-35.670237992359695],[-57.38401850695126,-35.67930192876617],[-57.37424782790506,-35.67930920118953],[-57.375016123170944,-35.673720623688546],[-57.36646248967139,-35.67701364193781],[-57.374444666020146,-35.68317445325427],[-57.3701284226102,-35.68756649869348],[-57.38296155668906,-35.69419833236068],[-57.37799359381907,-35.701165604328274],[-57.38173410254413,-35.7118568813666],[-57.364188847472626,-35.70859963624945],[-57.35089063694107,-35.71395807010408],[-57.34700452060864,-35.71736158013433],[-57.352662554651914,-35.72982320448953],[-57.36662638814436,-35.74601507106962],[-57.38307264085531,-35.74529140102006],[-57.386741022207616,-35.73665500511783],[-57.39684511668129,-35.737878143142886],[-57.398932820881704,-35.7452396054862],[-57.40959268511618,-35.74308811442299],[-57.40206788119034,-35.75747496801525],[-57.40850113721126,-35.75889627935449],[-57.40845698254482,-35.76901336561349],[-57.416566529248676,-35.76382326237525],[-57.42837136505232,-35.77624402681524],[-57.42543228666793,-35.7849076025018],[-57.455591092899304,-35.77698005563282],[-57.45864898610012,-35.789050455039536],[-57.458180325055,-35.78359499922956],[-57.46547882866108,-35.786553913854064],[-57.47002547206752,-35.78053418521327],[-57.48215732462619,-35.79449516296304],[-57.477409398446156,-35.79984132389542],[-57.48537506993435,-35.80956704834641],[-57.52346937815812,-35.80969511675119],[-57.61522371659643,-35.77599828723101],[-57.685447093721095,-35.77817575961742],[-57.74983924643691,-35.7661039747347],[-57.860993506296,-35.68577911953077],[-57.86762411788432,-35.69172885612387],[-57.873322580401265,-35.68754407694033],[-57.88737146839975,-35.69987037833485],[-57.898182791548265,-35.69149582060429],[-57.98030737991803,-35.75731582291141],[-58.01169514016202,-35.73990168872915],[-58.03530399239814,-35.761776271492636],[-58.04519750735663,-35.756301490186814],[-58.069354166153516,-35.77819196356012],[-58.07364861350401,-35.77511023134196],[-58.07976846977907,-35.78674904253628],[-58.09670791868209,-35.77498937623791],[-58.145892449891676,-35.81934125140521],[-58.13757774124344,-35.82540968768132],[-58.1646908598894,-35.849108096759096],[-58.16747583174693,-35.86765173969231],[-58.185231553498895,-35.86347770433215],[-58.20431690351582,-35.8387448079328],[-58.20152009119445,-35.82919212298149],[-58.22209944008872,-35.81920748967502],[-58.22913692049513,-35.82684299672156],[-58.249921413189135,-35.81837928321907],[-58.2644127724188,-35.82262930635481],[-58.275802873713516,-35.846039620568334],[-58.27239063307525,-35.858211403164056],[-58.2816502148434,-35.861416346674865],[-58.29737577493207,-35.85387535008696],[-58.312598109400135,-35.86798414686621],[-58.339444790814944,-35.86153214477377],[-58.34259024029556,-35.84427899369446],[-58.37030594995348,-35.83425492131481],[-58.38296048747667,-35.81933521567699],[-58.41355041531182,-35.814736497679924],[-58.41786091464309,-35.78885521829439],[-58.43239686843594,-35.773548859925015],[-58.45290314674996,-35.769466707294335],[-58.45166320659158,-35.741192725937815],[-58.43739405336489,-35.735119715301835],[-58.34154263757323,-35.65200463913724],[-58.33220601466048,-35.63506347207801],[-58.199074379370934,-35.5225243977321],[-58.20381751815439,-35.51866581292138],[-58.15238855914659,-35.47237305111557],[-58.193910662302216,-35.4409532534637],[-58.15485970058785,-35.408152956763026],[-58.139207044321125,-35.41995077483241],[-58.04541032246897,-35.33414061743847],[-58.025017404943,-35.353798996542004],[-58.008601986392044,-35.34496195119883],[-58.00287712329602,-35.33277564990414],[-57.986252887415574,-35.32846146127356]]]}},{"type":"Feature","properties":{"partido":"Chivilcoy","hechos":399,"nivel":"bajo"},"geometry":{"type":"Polygon","coordinates":[[[-60.00657200697896,-34.640982755779724],[-59.98936414969992,-34.663529164486235],[-59.99228806702438,-34.67447178528356],[-59.98127223178473,-34.67600843317802],[-59.96743131263073,-34.69251224300298],[-59.94382356687151,-34.67229745194017],[-59.78940190586662,-34.788932327537765],[-59.80848468658904,-34.805862885809006],[-59.797952784872884,-34.82594375894936],[-59.77127354239423,-34.8434207536931],[-59.75017370569431,-34.8742850601009],[-59.69823784096838,-34.897682067684805],[-59.67185963104246,-34.93135305888872],[-59.65682896919367,-34.93670039179358],[-59.66000872666033,-34.93935445260534],[-59.63127558114404,-34.9611082142671],[-59.6051746310862,-34.997712843276105],[-59.82249292692408,-35.17703887435583],[-59.835340492739824,-35.15879254825997],[-59.869462970594974,-35.15334907514918],[-59.87864612526787,-35.13170863616043],[-59.90279009966873,-35.116168256318154],[-59.94827020546955,-35.11945859984792],[-59.97364260163695,-35.132792007205886],[-59.991041066755535,-35.12940559384314],[-60.02841560079076,-35.10421085409757],[-60.03756009345318,-35.104791100306954],[-60.04694435692277,-35.092520832479025],[-60.07609821635967,-35.087252316422486],[-60.11491480627688,-35.090625316621534],[-60.1327183239047,-35.08241927453101],[-60.15104563373034,-35.06652621515367],[-60.118548994345595,-35.03604446856636],[-60.22817389666115,-34.953488837675586],[-60.219110465927926,-34.94561332583303],[-60.30375410904444,-34.8821310091072],[-60.172311634195644,-34.770705545486315],[-60.190078760069355,-34.75723248878928],[-60.1734610765141,-34.74350839860971],[-60.19116668137217,-34.72920086420491],[-60.11300481316141,-34.66304051421018],[-60.106169355081775,-34.657959238639364],[-60.06351798962023,-34.69113392705359],[-60.00657200697896,-34.640982755779724]]]}},{"type":"Feature","properties":{"partido":"Dolores","hechos":341,"nivel":"bajo"},"geometry":{"type":"Polygon","coordinates":[[[-57.64506399120343,-36.10708568476382],[-57.528778593981585,-36.12849035139504],[-57.53086721260283,-36.13529179651423],[-57.41785324219392,-36.157613873180786],[-57.47326259033513,-36.340340894736414],[-57.343574615557024,-36.36576776267946],[-57.399922273728535,-36.41541692385464],[-57.42064920663378,-36.4596858052754],[-57.44405353016862,-36.47912423824176],[-57.40010854473796,-36.51290980265368],[-57.464947925722925,-36.57052074203959],[-57.49433030020792,-36.580956386607305],[-57.65457620933887,-36.72769357807143],[-57.77636487677148,-36.63453514125336],[-57.76350592732955,-36.62393478401497],[-57.848529157104,-36.55517295815272],[-57.777945182513434,-36.492944264808614],[-57.80980990438482,-36.46701890710621],[-57.77546126630204,-36.43763733141402],[-57.987308732321914,-36.27739417733859],[-57.97174609626378,-36.26396657849154],[-57.88350429855616,-36.30213983780315],[-57.872035108313185,-36.26686857981518],[-57.81585689913065,-36.278402762399885],[-57.78449586707299,-36.17814262336314],[-57.670957863306015,-36.203333815161905],[-57.64506399120343,-36.10708568476382]]]}},{"type":"Feature","properties":{"partido":"Esteban Echeverría","hechos":4829,"nivel":"medio"},"geometry":{"type":"Polygon","coordinates":[[[-58.519825948889626,-34.74119008758568],[-58.503100192236396,-34.72094453990619],[-58.430532440730765,-34.817172253340765],[-58.447753279342095,-34.82598921214792],[-58.41304192432251,-34.873576081332004],[-58.42239876349557,-34.886191807598614],[-58.49185954288213,-34.92763235395797],[-58.508782630961,-34.90080455124471],[-58.502186379409444,-34.867286797189365],[-58.50658009904885,-34.80713821586329],[-58.511673897698046,-34.80971644670498],[-58.52429847374506,-34.780028615210504],[-58.519825948889626,-34.74119008758568]]]}},{"type":"Feature","properties":{"partido":"Exaltación de la Cruz","hechos":333,"nivel":"bajo"},"geometry":{"type":"Polygon","coordinates":[[[-59.32470282744558,-34.16367881041113],[-59.237161193272094,-34.171812359777725],[-59.238771453336255,-34.179713698229314],[-59.1030282938455,-34.2001033016572],[-59.10580733659499,-34.213901507610366],[-59.09150180475051,-34.22821670949644],[-59.07820196946533,-34.2245158689314],[-59.05791911540766,-34.240901116387285],[-59.0621787928909,-34.247580621312416],[-59.03566277519265,-34.26796943548067],[-59.0148869187458,-34.29517185018609],[-58.981686164634624,-34.3222869229783],[-58.97774434500165,-34.32006865213965],[-58.91853048432684,-34.38190837398663],[-58.9237563768558,-34.393315809356764],[-58.91890263753109,-34.41378593971026],[-58.92435338523875,-34.4169937175347],[-58.980256541174334,-34.350642650937466],[-58.99322576586729,-34.358076536925196],[-58.984010780544324,-34.36900356291673],[-58.99307130506566,-34.379272662742196],[-59.02846045936691,-34.39761135180353],[-59.02517747023851,-34.40191883673186],[-59.04224228300007,-34.41416463879738],[-59.04284087105902,-34.421139315326684],[-59.07593337353086,-34.43535104921667],[-59.077206288098076,-34.4511727131178],[-59.097653417471385,-34.46431800697037],[-59.12954320255708,-34.420709017188635],[-59.196244589995835,-34.37406853161798],[-59.19273512624768,-34.370594886123804],[-59.27381229809997,-34.305527547443994],[-59.31035294255182,-34.28943313474313],[-59.29842582085587,-34.26407876740208],[-59.37645203347114,-34.23766302064164],[-59.37851597329789,-34.22541872232155],[-59.36705220581803,-34.198025690251804],[-59.32470282744558,-34.16367881041113]]]}},{"type":"Feature","properties":{"partido":"Florencio Varela","hechos":4086,"nivel":"medio"},"geometry":{"type":"Polygon","coordinates":[[[-58.302466363507136,-34.80011019089744],[-58.30981217373402,-34.793342031685036],[-58.332815436296464,-34.80572399173768],[-58.29247127560663,-34.85486769555716],[-58.31714805922374,-34.868153782175604],[-58.27590934254351,-34.91642811258501],[-58.294376148970834,-34.91492853347455],[-58.316317933436046,-34.92633126773086],[-58.28820463705287,-34.96504404476852],[-58.300786040336405,-34.97168193503414],[-58.277172304574066,-35.00941805106332],[-58.24564238584059,-34.987956190236304],[-58.2476444962821,-34.984136186140795],[-58.21109868866195,-34.95176393819679],[-58.24692888058003,-34.92433659358786],[-58.17987080610572,-34.86600374620788],[-58.19962977473108,-34.81405289125832],[-58.238811938893086,-34.80055399412361],[-58.27165211807344,-34.76881837567599],[-58.298404017334846,-34.7834367352853],[-58.302466363507136,-34.80011019089744]]]}},{"type":"Feature","properties":{"partido":"General Alvarado","hechos":1034,"nivel":"bajo"},"geometry":{"type":"Polygon","coordinates":[[[-57.8294650562176,-38.04918600596064],[-57.852768232074226,-38.031891607549966],[-57.88172461784011,-38.05544925029974],[-57.94257255505639,-38.00893650041539],[-57.959003898856935,-38.02268729346075],[-58.04728358401772,-37.95562220952929],[-58.255908750967095,-38.13086063517046],[-58.32870662379856,-38.07480115894208],[-58.33864152760407,-38.10727389268831],[-58.332218880743035,-38.12699226803112],[-58.34313180205351,-38.1602150982475],[-58.323142180353265,-38.22402932090913],[-58.33769252807397,-38.2515605806219],[-58.32659693245418,-38.27300157143008],[-58.31061750852338,-38.274635913218376],[-58.3017878647305,-38.30083912095787],[-58.283074804846095,-38.31577383949328],[-58.269504749960745,-38.3539878648743],[-58.28485441236403,-38.385569215900716],[-58.25583251132237,-38.423363124797525],[-58.25650398233367,-38.43595008724372],[-58.23538974179823,-38.44704003776681],[-58.05594555881806,-38.38168191937299],[-57.94530876596739,-38.328287875556526],[-57.85039735253559,-38.29498130298454],[-57.824186502235314,-38.26962348677204],[-57.776312143297375,-38.246650555745326],[-57.7828568657301,-38.22990838169456],[-57.78194522503635,-38.206216920814526],[-57.80501366979526,-38.17073076463897],[-57.81379320294542,-38.14735093921968],[-57.81074796233961,-38.139118804744335],[-57.82120499863391,-38.12047613636994],[-57.8131870918782,-38.09287928304318],[-57.81891222992339,-38.083828803358486],[-57.83801626031824,-38.08146031644113],[-57.83581947450073,-38.07235396100595],[-57.846513991631944,-38.06160673003431],[-57.84189371636606,-38.05218416311704],[-57.8294650562176,-38.04918600596064]]]}},{"type":"Feature","properties":{"partido":"General Alvear","hechos":52,"nivel":"bajo"},"geometry":{"type":"Polygon","coordinates":[[[-60.21461967398053,-35.75626197630778],[-60.11862881925853,-35.83325356640623],[-60.05675153522569,-35.78010807799682],[-59.886270242603665,-35.91216529418819],[-59.87115384886646,-35.89925272609149],[-59.87234164484513,-35.876673446785624],[-59.856541652776336,-35.870785853425836],[-59.83542757642357,-35.84928497318334],[-59.815285259442234,-35.853855161961796],[-59.79269111828455,-35.84061383812349],[-59.77431113872443,-35.84717286656109],[-59.75226234900865,-35.834550255432994],[-59.70005994728717,-35.83166743370665],[-59.5164836599711,-35.97599424593636],[-59.5924281610529,-36.04052343388824],[-59.613853184033246,-36.02385026190755],[-59.718045920386935,-36.10584740559302],[-59.79710333517282,-36.04374093577681],[-59.85865405022344,-36.09566986347967],[-59.83867335527727,-36.11134923931282],[-59.94753304052187,-36.20210070995672],[-59.96380886580865,-36.223230185028115],[-59.96694148109263,-36.24859693723341],[-60.090174857593155,-36.16134030066141],[-60.245906460548504,-36.303363965818775],[-60.29691269547303,-36.267066232730265],[-60.359669313189706,-36.326399229805915],[-60.52353531904824,-36.21402673294521],[-60.56517413555108,-36.23619504662338],[-60.699118382351706,-36.13558120214423],[-60.688391896330835,-36.13501763424185],[-60.66471682707069,-36.11713564325217],[-60.63538823311038,-36.10986917297418],[-60.62854744336721,-36.09728654373394],[-60.61331193012517,-36.09196241782036],[-60.6154645801628,-36.07942634589784],[-60.59547058978491,-36.06973167914694],[-60.57637838144354,-36.04639253254592],[-60.57165011468518,-36.027347096997346],[-60.553895590190606,-36.022933706047056],[-60.51829041542097,-35.98558528505517],[-60.495404810763425,-35.9951255408589],[-60.47095308910809,-35.981061888386016],[-60.45737182503646,-35.963625539189614],[-60.465653022739225,-35.956211081653535],[-60.461493546605716,-35.949398605076325],[-60.41758186441621,-35.92762766387872],[-60.39733168854437,-35.91038881340089],[-60.38578184963562,-35.890460081651895],[-60.375985547691684,-35.89274011217626],[-60.21461967398053,-35.75626197630778]]]}},{"type":"Feature","properties":{"partido":"General Arenales","hechos":39,"nivel":"bajo"},"geometry":{"type":"Polygon","coordinates":[[[-61.17501660794401,-34.095283727683984],[-61.20989136790103,-34.12564164942169],[-61.331509664377315,-34.025595175293596],[-61.648284036334765,-34.31950007505207],[-61.610784450846396,-34.352721053477374],[-61.549083597218875,-34.30338601757196],[-61.50949867828287,-34.33631696104786],[-61.47230188607718,-34.30687188869731],[-61.39540755020098,-34.373502415974954],[-61.41697192979425,-34.392316691166805],[-61.376653999229035,-34.425308336082665],[-61.36908871710777,-34.419499177322386],[-61.329870417410675,-34.45266975162667],[-61.27040237414294,-34.40548805821988],[-61.27429334476743,-34.40038276046198],[-61.23816290919315,-34.40346708793258],[-61.230537395749145,-34.42399550948706],[-61.234216409671966,-34.43335319367196],[-61.22685975454029,-34.43658435504783],[-61.19627403238948,-34.4242959112524],[-61.19138577567444,-34.41574744451226],[-61.193047823951794,-34.38965362811221],[-61.19932920010949,-34.376781028084324],[-61.19336843272205,-34.365050275891036],[-61.176565689711566,-34.36620351808057],[-61.168395089034085,-34.35937375296013],[-61.12882745027882,-34.32553422442854],[-61.138343785271715,-34.317818055163656],[-61.09814941565925,-34.284530685624006],[-61.07009817198923,-34.30721349669447],[-61.04155275195022,-34.283291774330884],[-61.05910602632444,-34.26900808255831],[-61.013862197350186,-34.23161958025934],[-60.95808032241884,-34.27669815986978],[-60.91726960180088,-34.24158604931284],[-61.12209293156731,-34.07194014586687],[-61.17501660794401,-34.095283727683984]]]}},{"type":"Feature","properties":{"partido":"General Belgrano","hechos":122,"nivel":"bajo"},"geometry":{"type":"Polygon","coordinates":[[[-59.034011310539285,-35.56528323960608],[-59.0225127168007,-35.57330572832795],[-59.00427032615528,-35.594190014649186],[-58.97287780686762,-35.59033740782243],[-58.95813249756918,-35.61657630401907],[-58.947424126939005,-35.6229695486732],[-58.93119667979045,-35.62288723156594],[-58.903754577598114,-35.605515394002765],[-58.90759822577041,-35.5940868821574],[-58.88185710248779,-35.593127722676705],[-58.8781110258555,-35.604447151750165],[-58.88829906584679,-35.62112154684171],[-58.87655551057604,-35.64014893680769],[-58.83919782638519,-35.65630488262686],[-58.83576165972867,-35.665886874958794],[-58.84376715816451,-35.681617641742406],[-58.80503726724881,-35.68971284975122],[-58.78921125767666,-35.699433904297514],[-58.7841178031219,-35.7151586418751],[-58.76347700299544,-35.739874896052314],[-58.76231156661164,-35.75647634292641],[-58.749649026501245,-35.75270811996495],[-58.738684544858124,-35.731617968212205],[-58.71601639235167,-35.72172918515424],[-58.68602907966643,-35.729687462519955],[-58.66177444094268,-35.724537527000166],[-58.658580230828655,-35.74364459148918],[-58.636044330488865,-35.742684092716694],[-58.62906125653752,-35.75108048430405],[-58.608627164307144,-35.741113919743434],[-58.595027188994564,-35.749728611705535],[-58.54136031073316,-35.74630069423406],[-58.53677963983236,-35.72566131100409],[-58.52453048130829,-35.72247870192549],[-58.516647663957556,-35.7294709799871],[-58.512057570826094,-35.751110636843805],[-58.5016956110794,-35.75332847165302],[-58.49350115820476,-35.74295743270527],[-58.486919544607275,-35.70795179539134],[-58.47429079916415,-35.705248499118106],[-58.46621202206311,-35.6851907051522],[-58.43898387092723,-35.708879953749616],[-58.44380516414962,-35.72186427715254],[-58.43634379340323,-35.73260560185995],[-58.45295681153967,-35.74216965460941],[-58.44928124163765,-35.75643500105445],[-58.45363952370203,-35.76954385677554],[-58.43328313107413,-35.77405830226111],[-58.417569581182185,-35.79022222215798],[-58.415211117763,-35.81432306168826],[-58.40726817555278,-35.820253064599285],[-58.3833207540993,-35.819918418946806],[-58.37126946209743,-35.8333095300777],[-58.342750955876355,-35.84358697423361],[-58.34300507840652,-35.85695280890633],[-58.33528049778801,-35.863343994870945],[-58.312094217451886,-35.86780909572674],[-58.29625777390816,-35.853406139932666],[-58.282354668168026,-35.86063865782553],[-58.57185432892635,-36.120966042993516],[-58.74902150104481,-35.98471959103706],[-58.729174431528044,-35.96754612885328],[-58.89140954437126,-35.84057415925463],[-58.90008490686711,-35.84786838689116],[-58.956745560398815,-35.80319079572424],[-58.97381635200511,-35.81722367005142],[-59.01608136991475,-35.77453615213821],[-59.10355457081238,-35.70346339812756],[-59.09557696889674,-35.696969111893736],[-59.13612368727307,-35.663483095049365],[-59.14205143046265,-35.6657146162301],[-59.1494019558036,-35.635260752645785],[-59.14330048192559,-35.625300894087744],[-59.08154354888953,-35.616296594035504],[-59.08004338140431,-35.60682972745211],[-59.05987173653945,-35.60437970757543],[-59.04658551319752,-35.61337660735099],[-59.03493268384658,-35.611506294988686],[-59.02208433523819,-35.57686635612434],[-59.034011310539285,-35.56528323960608]]]}},{"type":"Feature","properties":{"partido":"General Guido","hechos":8,"nivel":"bajo"},"geometry":{"type":"Polygon","coordinates":[[[-57.98731723933443,-36.27739657312662],[-57.77546978325353,-36.437639742606045],[-57.809818425696506,-36.46702131597895],[-57.77795370809236,-36.4929465859644],[-57.84853768929647,-36.55517536458473],[-57.763514464030365,-36.62393719667997],[-57.77637341507478,-36.63453755304544],[-57.66064836325447,-36.72309697830253],[-57.70710956735611,-36.763009686079165],[-57.74571995992307,-36.73426010228302],[-57.89194405774563,-36.85476114985219],[-57.91970839840676,-36.83346302860939],[-57.97236020834853,-36.87782312062264],[-57.94391320281547,-36.89879589930172],[-58.01067123391183,-36.958719672525916],[-57.944451227504324,-37.0075991288559],[-58.01985319513014,-37.075956768232395],[-58.286544605208704,-36.88102852895417],[-58.11440894123679,-36.72810987398587],[-58.226176250373214,-36.627665930471615],[-58.13616005976869,-36.545239280449564],[-58.1018077949045,-36.52134625337652],[-58.189420553631024,-36.45236055539499],[-57.98731723933443,-36.27739657312662]]]}},{"type":"Feature","properties":{"partido":"Zárate","hechos":1557,"nivel":"bajo"},"geometry":{"type":"Polygon","coordinates":[[[-59.0423947635536,-34.04414931836033],[-59.00635319300578,-34.10200240259486],[-58.97749688884891,-34.113276710693796],[-58.973315443698354,-34.129096424182556],[-59.10290365855377,-34.200121591372145],[-59.23877996035187,-34.1797085224463],[-59.23716969958143,-34.17180718409032],[-59.31234874172162,-34.16103819429304],[-59.279591087097266,-34.146008926737906],[-59.26619959968512,-34.091782654804895],[-59.268559734580585,-34.08461085524444],[-59.30291024727509,-34.063984376320676],[-59.30085144731408,-34.044280537153774],[-59.30822075027053,-34.01851006079738],[-59.33480822142494,-33.98124134873682],[-59.34713726980436,-33.93503323373949],[-59.3408831010947,-33.925379805287974],[-59.32358751328366,-33.931175274425385],[-59.30947235689224,-33.92407483009],[-59.29590723094855,-33.93202682963463],[-59.27142374744139,-33.93268538928728],[-59.2525296908895,-33.94770265111935],[-59.21336005586341,-33.95228480219591],[-59.20753238363393,-33.961139236694834],[-59.18231595459291,-33.9586762744993],[-59.174366296529584,-33.97360317464428],[-59.13993075748028,-33.992279699966794],[-59.14743836902806,-34.00362172541422],[-59.1109975394714,-34.02450897326716],[-59.097671141858136,-34.0399513370117],[-59.0423947635536,-34.04414931836033]]]}},{"type":"Feature","properties":{"partido":"General Madariaga","hechos":251,"nivel":"bajo"},"geometry":{"type":"Polygon","coordinates":[[[-56.81989157222373,-37.024867308354914],[-56.95633384100208,-36.9885849566389],[-56.94440907033409,-36.97474830505622],[-56.94879563583353,-36.964883378533614],[-56.94064197564363,-36.95897022797314],[-56.98515346142842,-36.94952981910287],[-56.987581697257326,-36.93354214895729],[-56.97852152179536,-36.9041550163413],[-56.99399505059393,-36.900604848869925],[-57.00592162818396,-36.90971470977174],[-56.99154060052264,-36.88947786988157],[-56.997753745227094,-36.861431060693576],[-57.090320912818555,-36.82913433272113],[-57.1067728424903,-36.8355599399881],[-57.175889019539134,-36.78443059585822],[-57.233510777307814,-36.788496899155554],[-57.223932371868564,-36.908593618479244],[-57.32222863687218,-36.910243449601616],[-57.30548626515523,-37.00350407838593],[-57.49395489905941,-37.016753622538616],[-57.48750834205109,-37.10456170870103],[-57.566973930885645,-37.10487683209532],[-57.67537191464403,-37.20254172804896],[-57.21149299405648,-37.53276941354107],[-57.16364063231878,-37.48540357224807],[-57.10564136109714,-37.37807317474025],[-57.09098192829082,-37.367672626381136],[-56.99612438839768,-37.248960106938895],[-56.99388601245611,-37.24138051336473],[-57.04130211296107,-37.236178128575034],[-57.040178576569204,-37.23173387708881],[-56.99196988170638,-37.23709513714287],[-56.81989157222373,-37.024867308354914]]]}},{"type":"Feature","properties":{"partido":"General La Madrid","hechos":43,"nivel":"bajo"},"geometry":{"type":"Polygon","coordinates":[[[-61.42328204626465,-36.86473310641578],[-60.89132687317693,-37.302354858042825],[-60.97545182264582,-37.36812974596864],[-60.87853857591826,-37.451456260706],[-61.50931518464865,-37.93796737091224],[-61.60554019369717,-37.86153377268092],[-61.442049709956095,-37.734938272994505],[-61.53816901788977,-37.657283962291395],[-61.48843272804605,-37.61885550099805],[-61.59679908054666,-37.53086236163296],[-61.536739668970796,-37.483009462932735],[-61.75007602222225,-37.30352656460156],[-61.74918159126226,-37.28804532742727],[-61.74226635356675,-37.28396109993508],[-61.74738584897987,-37.28355704645088],[-61.741737532952854,-37.27844799956098],[-61.744261754910305,-37.27155601880708],[-61.73422173968359,-37.255981866698065],[-61.72589312973656,-37.256963898354286],[-61.717654165772586,-37.248309359146944],[-61.72109024426056,-37.24035824753404],[-61.712609820735494,-37.2377365263951],[-61.70272690322203,-37.21620308864602],[-61.71239408009158,-37.19736094443773],[-61.715102872075235,-37.16842493603384],[-61.724990401287904,-37.15603328260043],[-61.71663879993372,-37.13532840633558],[-61.726846615249805,-37.1300036901047],[-61.72499861274997,-37.12122380286086],[-61.740514409966146,-37.10612613793041],[-61.735437063452345,-37.09350560284151],[-61.60462640278235,-36.994422176860866],[-61.59903474316405,-36.99898455781891],[-61.42328204626465,-36.86473310641578]]]}},{"type":"Feature","properties":{"partido":"General Las Heras","hechos":72,"nivel":"bajo"},"geometry":{"type":"Polygon","coordinates":[[[-59.08980573719482,-34.71713955096095],[-58.95149832050086,-34.83117632101114],[-58.93618715825327,-34.81782798564745],[-58.92572531148947,-34.82586952073803],[-58.84588778787058,-34.89126551130052],[-58.859703712909806,-34.90360920094718],[-58.77749059181655,-34.96496182749301],[-58.93409610132302,-35.103508020575966],[-59.0148074887289,-35.0412928881367],[-58.99258074562307,-35.021428717294064],[-59.087328715545524,-34.945331479194095],[-59.218728233182915,-34.85257215539839],[-59.1542816986231,-34.793574836129565],[-59.08980573719482,-34.71713955096095]]]}},{"type":"Feature","properties":{"partido":"General Lavalle","hechos":42,"nivel":"bajo"},"geometry":{"type":"Polygon","coordinates":[[[-56.819485059425666,-37.02520055794302],[-56.79766624385232,-36.99051364474252],[-56.78127623768726,-36.97604671679809],[-56.73529209708701,-36.90071390778566],[-56.71486800636829,-36.88542554487066],[-56.69792216346315,-36.853884323035025],[-56.71241952344357,-36.820627471145436],[-56.70338239549251,-36.775341569005114],[-56.70090722962708,-36.70535668606572],[-56.715611747122246,-36.56016414025742],[-56.741890887887074,-36.53140116043425],[-56.714994987202886,-36.53321559110397],[-56.71128213499377,-36.491471884142875],[-56.71459125804887,-36.43449514408284],[-56.739364617140545,-36.388594656220825],[-56.73164220359545,-36.36618763448037],[-56.72726587294956,-36.36652906566056],[-56.7415165655432,-36.36450536742971],[-56.77592965650127,-36.338299970526755],[-56.762063186173364,-36.33805395402508],[-56.76885646549257,-36.332532544039815],[-56.76349400076384,-36.331756052072635],[-56.75281664859602,-36.33799719606015],[-56.77573690669046,-36.320822086565286],[-56.810382618896085,-36.33518241638717],[-56.813240869953646,-36.3257762927299],[-56.836399420644305,-36.331077925876755],[-56.865148475140636,-36.328103538322836],[-56.869085449596724,-36.34193777511982],[-56.871184456910306,-36.3297902062101],[-56.878220991384325,-36.32917682694988],[-56.873486440811526,-36.33015478765758],[-56.87744952321226,-36.331684970368755],[-56.877373437112574,-36.338296339194386],[-56.8795110471051,-36.34045627270387],[-56.882252278151135,-36.327965207901386],[-56.88638832188112,-36.33697467783929],[-56.90077462643045,-36.33687885278785],[-56.90381899288263,-36.342148446926544],[-56.88343700256538,-36.34761455597038],[-56.88653308810019,-36.349747143330724],[-56.90536351279114,-36.3465465022552],[-56.913185047665216,-36.333772656425445],[-56.938323771422525,-36.33516089078166],[-56.93823566302791,-36.34162482076762],[-56.94298990612244,-36.34220938364629],[-56.93631792116883,-36.34634633060932],[-56.938735571539965,-36.35061190993726],[-56.94517599091297,-36.34297723744618],[-56.93863217902311,-36.340191822191876],[-56.94009770964349,-36.33293581340434],[-56.948279337034464,-36.33460800391568],[-56.95037251941315,-36.341944539170115],[-56.955472467240895,-36.34477637528505],[-56.94924611157679,-36.33321728161259],[-56.96535397335096,-36.33301014755788],[-56.96824973661908,-36.34494171184854],[-56.96823755390447,-36.33312906712595],[-56.98713899373152,-36.33055048844632],[-56.99019963674823,-36.340113561248344],[-56.98981420481463,-36.33280980750068],[-56.99869370307925,-36.328506104597594],[-57.00018755343254,-36.33834268118303],[-57.00309134588454,-36.338542793430896],[-56.999928512221324,-36.32793538962238],[-57.012875022792926,-36.326446323771755],[-57.015487739291494,-36.34163842817924],[-57.06465723660209,-36.38559471627634],[-57.04289881035718,-36.41306404170321],[-57.04028602004946,-36.42919433892618],[-57.056874513217586,-36.429660612033054],[-57.074418139917874,-36.43874659721003],[-57.08252947785856,-36.45371376219889],[-57.09874044382742,-36.44212691521711],[-57.17615191788401,-36.51281386646763],[-57.16476936534299,-36.52100084120269],[-57.328779138187265,-36.66915733166003],[-57.106202252907394,-36.835948330891085],[-57.08975029527333,-36.82952264335665],[-56.99718243438498,-36.86181898265478],[-56.990969044603794,-36.88986565950037],[-57.00534998199546,-36.91010256403753],[-56.993423419232016,-36.90099264650695],[-56.97794978942261,-36.904542734458836],[-56.98700977754166,-36.933929901267774],[-56.98458140127072,-36.94991764284014],[-56.940069634043205,-36.959357732888826],[-56.948223286381534,-36.965270922356524],[-56.94383662255803,-36.97513582275911],[-56.95576134093837,-36.98897252920735],[-56.819485059425666,-37.02520055794302]]]}},{"type":"Feature","properties":{"partido":"General Paz","hechos":45,"nivel":"bajo"},"geometry":{"type":"Polygon","coordinates":[[[-58.44288632613211,-35.216186357557426],[-58.2474216000712,-35.36489276564039],[-58.260160969107424,-35.37667764585077],[-58.21928420140263,-35.408046491082374],[-58.18684998157967,-35.38258108902436],[-58.15487696351692,-35.40814411876498],[-58.19392792837572,-35.44094441000674],[-58.152405836372886,-35.472364213984584],[-58.20383491040547,-35.51865697025377],[-58.19909177296408,-35.522515555794],[-58.33222330706007,-35.635054699905886],[-58.3415599345962,-35.651995775627725],[-58.43626574566329,-35.73304174313944],[-58.44296500657358,-35.721242955224724],[-58.44137908893359,-35.70287126591358],[-58.46258557317689,-35.68659317010781],[-58.46742263021506,-35.68569438361339],[-58.474359071131765,-35.70593308643],[-58.48652406603577,-35.706936602834865],[-58.5064364020912,-35.65049790205605],[-58.499361640928626,-35.64513835967442],[-58.568715118478515,-35.5959018082674],[-58.470485859575206,-35.51194198311706],[-58.582557528960216,-35.42105385474409],[-58.52486644306135,-35.36676729400557],[-58.571811105840034,-35.32806068045036],[-58.44288632613211,-35.216186357557426]]]}},{"type":"Feature","properties":{"partido":"General Pinto","hechos":47,"nivel":"bajo"},"geometry":{"type":"Polygon","coordinates":[[[-61.818483982678494,-34.386468439034644],[-62.269231310804436,-34.386318678368184],[-62.31634806321603,-34.56973154986503],[-62.32557542673594,-34.56926772520274],[-62.34816229838634,-34.653778443588095],[-62.18818314988562,-34.68272219364652],[-62.26380454506996,-34.74306418493934],[-62.240236414701215,-34.762040286772255],[-62.30505402377464,-34.81282260200591],[-62.28561030585059,-34.813532543381186],[-62.28306043814831,-34.85677345225672],[-62.222590413081875,-34.854785330583255],[-62.220665735933125,-34.8913391824035],[-62.205553608467575,-34.89012481259703],[-62.18520114153555,-34.917796722705155],[-62.105286393834476,-34.98421105230263],[-61.98392697233834,-34.885553913457805],[-61.90344365360514,-34.95227759691263],[-61.67347207930355,-34.76095182859278],[-61.77289860333641,-34.676405507184256],[-61.71056695882666,-34.627116504032045],[-61.76960811919401,-34.57642165024316],[-61.845458322334316,-34.63748402840683],[-61.98468012127181,-34.51777738807864],[-61.818483982678494,-34.386468439034644]]]}},{"type":"Feature","properties":{"partido":"General Pueyrredón","hechos":10156,"nivel":"alto"},"geometry":{"type":"Polygon","coordinates":[[[-57.53428149806259,-38.05043538091697],[-57.54108827286878,-38.07808356668825],[-57.53593099270269,-38.081353983585316],[-57.5432251103504,-38.100058558215764],[-57.59406701784242,-38.11942951176938],[-57.635557522940736,-38.1721712092968],[-57.68151190235815,-38.2036708401701],[-57.69903205495249,-38.20791566730481],[-57.70201055572207,-38.21536944242615],[-57.77670276793418,-38.245762182321265],[-57.7828568657301,-38.22990838169456],[-57.78194522503635,-38.206216920814526],[-57.80501366979526,-38.17073076463897],[-57.81379320294542,-38.14735093921968],[-57.81074796233961,-38.139118804744335],[-57.82120499863391,-38.12047613636994],[-57.8131870918782,-38.09287928304318],[-57.81891222992339,-38.083828803358486],[-57.83801626031824,-38.08146031644113],[-57.83581947450073,-38.07235396100595],[-57.846513991631944,-38.06160673003431],[-57.84189371636606,-38.05218416311704],[-57.8294650562176,-38.04918600596064],[-57.852768232074226,-38.031891607549966],[-57.88172461784011,-38.05544925029974],[-57.94257255505639,-38.00893650041539],[-57.959003898856935,-38.02268729346075],[-58.04728358401772,-37.95562220952929],[-57.735836462577375,-37.699551864591385],[-57.673208307982414,-37.74498112189891],[-57.6980542963617,-37.7542666569582],[-57.51972337417723,-37.88948828745167],[-57.54433620934279,-37.98988180791798],[-57.539196936509576,-38.005279804349],[-57.524277168514416,-38.016417269467425],[-57.53167295752257,-38.0309073907187],[-57.522366775357874,-38.03709916520078],[-57.53323430084921,-38.031939079134844],[-57.54011209974267,-38.04850324387254],[-57.534380758804296,-38.05033550268085],[-57.53186741350745,-38.04540632320704],[-57.53055391134827,-38.047535495236275],[-57.52724857411085,-38.043878319904465],[-57.52500288476631,-38.041961502139735],[-57.52174276221616,-38.04015007083176],[-57.5190265253891,-38.039106910118065],[-57.51772722646749,-38.03887626522363],[-57.53428149806259,-38.05043538091697]]]}},{"type":"Feature","properties":{"partido":"General Rodríguez","hechos":1906,"nivel":"bajo"},"geometry":{"type":"Polygon","coordinates":[[[-58.8810099161732,-34.625442800471305],[-58.884468211954626,-34.66879636337121],[-58.86431671512961,-34.68291933141887],[-58.86797840131837,-34.68727491509632],[-58.93590311494532,-34.7033052843177],[-58.95352315272998,-34.71663137014592],[-58.967059651812605,-34.73882528582363],[-59.00286468066911,-34.763511225322496],[-59.02176688554464,-34.75825398624062],[-59.03174961783211,-34.763825397909294],[-59.09120905736842,-34.71923321872703],[-59.13608138920672,-34.65886041672527],[-59.05637723702623,-34.61646438479775],[-59.07006034562121,-34.60387533314815],[-59.03925572689256,-34.58864279459025],[-59.02554433374799,-34.59280985346074],[-58.98659603430143,-34.57743615913059],[-58.99263401834679,-34.5685775504509],[-58.98403577752225,-34.56454536840474],[-58.987191932732856,-34.559859178364164],[-58.95420128747813,-34.54372473332255],[-58.96189048409297,-34.53374110695246],[-58.928420465451985,-34.51620366799458],[-58.86411267074069,-34.616882442205004],[-58.8810099161732,-34.625442800471305]]]}},{"type":"Feature","properties":{"partido":"General San Martín","hechos":7386,"nivel":"alto"},"geometry":{"type":"Polygon","coordinates":[[[-58.60055554029241,-34.49035867950809],[-58.53778079559004,-34.54416433011537],[-58.529810861706814,-34.53733151309058],[-58.50985065646537,-34.569359228114],[-58.52236960472293,-34.59766752045898],[-58.56231363816963,-34.59140516714283],[-58.619241387846465,-34.546729647027156],[-58.605236026457376,-34.53252164657245],[-58.60055554029241,-34.49035867950809]]]}},{"type":"Feature","properties":{"partido":"General Viamonte","hechos":106,"nivel":"bajo"},"geometry":{"type":"Polygon","coordinates":[[[-61.0481759642612,-34.69290585322527],[-60.90399055859064,-34.81084091206417],[-60.84916687466612,-34.762948648929225],[-60.723956262539694,-34.86123062579027],[-60.84769245649692,-34.9680806778118],[-60.754226900649776,-35.04140176853476],[-60.98373133071309,-35.24756721847802],[-61.06161286833488,-35.18774715057006],[-61.15412116501654,-35.26513913773163],[-61.27728310494174,-35.166820236209084],[-61.299902634493584,-35.18605081775407],[-61.419741603929054,-35.087908252229376],[-61.127673173378724,-34.84740056137773],[-61.182352770524155,-34.802208211482764],[-61.0481759642612,-34.69290585322527]]]}},{"type":"Feature","properties":{"partido":"General Villegas","hechos":243,"nivel":"bajo"},"geometry":{"type":"Polygon","coordinates":[[[-62.269278050667104,-34.38631853213525],[-62.31639490442222,-34.56973138149026],[-62.32562226996391,-34.56926764336478],[-62.34820929761276,-34.65377834904711],[-62.58488266636121,-34.61068455599283],[-62.594753686058176,-34.65018276988149],[-62.62220676969884,-34.63249196107147],[-62.606755671021766,-34.99670509195362],[-62.64219605752581,-34.99698362328715],[-62.61063658072538,-35.022732644046194],[-62.68834989675503,-35.085097394048326],[-62.65718107802297,-35.11081939815448],[-62.676896935867184,-35.12661064223767],[-62.70754515990388,-35.10114005494143],[-62.96460735323669,-35.31189394771036],[-63.11542840286499,-35.18885551258963],[-63.090395383195904,-35.16823739840916],[-63.13906072798789,-35.12838603038416],[-63.23552922234217,-35.208558817083386],[-63.21117334464688,-35.228969725960546],[-63.28514439536346,-35.28849126021767],[-63.3100181499302,-35.26780787696173],[-63.34716880712367,-35.30004129605051],[-63.32947516762069,-35.323155621000076],[-63.38629580268396,-35.37021395995845],[-63.38457063583622,-34.68224322239723],[-63.392950835388014,-34.52873380929549],[-63.3851359393221,-34.529237481917974],[-63.38520501149801,-34.38576890650119],[-62.269278050667104,-34.38631853213525]]]}},{"type":"Feature","properties":{"partido":"Adolfo Gonzales Chaves","hechos":102,"nivel":"bajo"},"geometry":{"type":"Polygon","coordinates":[[[-60.45273635014892,-37.60103628409454],[-60.37802230692611,-37.662685325769715],[-60.424207356772335,-37.69766799223996],[-60.32343517962241,-37.77636899546938],[-60.26195926291586,-37.72875198690831],[-60.14620341873669,-37.81756989630313],[-60.13935822405775,-37.81196883339728],[-60.089129154567914,-37.85167074103989],[-60.06049682643343,-37.82823061251732],[-60.018163934165266,-37.86074493020439],[-59.93661363019991,-37.79444567745309],[-59.815082141713276,-37.877691582180695],[-59.793940668880865,-37.89845461912872],[-59.75468627053112,-37.91412646917217],[-59.74814043430594,-37.928326405226535],[-59.71834535788948,-37.95597750485776],[-59.67367498664987,-37.97954575602445],[-59.67658501814328,-37.999623036989085],[-59.64153427938134,-38.02434258550421],[-59.77836623399192,-38.13731869865434],[-59.767408178201535,-38.14586107457859],[-59.78944625843388,-38.16450361561763],[-59.75458752958863,-38.19084691910465],[-59.7765833851168,-38.20987633780932],[-59.79416508372044,-38.19688088077466],[-59.83488321318256,-38.231116990000984],[-59.852403608971905,-38.19810889283625],[-59.86199798572107,-38.19553047827948],[-59.887142584661966,-38.15670801116141],[-60.03701062558233,-38.28046003658463],[-60.370689202415655,-38.01672072527701],[-60.463203991443166,-38.08950313874282],[-60.44240023954483,-38.10624712368607],[-60.5496105906562,-38.192149731781626],[-60.76019362141297,-38.02815519235879],[-60.7444709870681,-38.015663003158004],[-60.846352226769234,-37.935410558645124],[-60.653767297368724,-37.782134880836786],[-60.644751417348125,-37.789155826959146],[-60.55667048355511,-37.720853836691965],[-60.580830428149746,-37.700806917484094],[-60.45273635014892,-37.60103628409454]]]}},{"type":"Feature","properties":{"partido":"Guaminí","hechos":41,"nivel":"bajo"},"geometry":{"type":"Polygon","coordinates":[[[-62.4115536232613,-36.50918343371419],[-62.38466986319323,-36.48843280609702],[-62.22171884092321,-36.62457414861749],[-62.24897615651547,-36.64595510173266],[-62.20179095391555,-36.68457733388843],[-62.175476063157305,-36.66331397365878],[-62.00005197501359,-36.81164839537814],[-61.983548609878724,-36.80470536006542],[-61.99688868109527,-36.81131119124649],[-61.996191999212286,-36.82049209066434],[-62.016631346838274,-36.82230062015579],[-62.007058666576455,-36.846967786110554],[-61.99326522906942,-36.85424728142298],[-62.006651777546296,-36.85761494894332],[-62.019710840664416,-36.84969059567015],[-61.85652203170295,-36.99535546359982],[-61.89207401110105,-37.022514986798505],[-61.87567582800896,-37.03657686751483],[-61.91627331367295,-37.0671430916553],[-61.97486402582536,-37.01675980628901],[-62.20299574910215,-37.187127980471196],[-62.211774103473104,-37.18026754222412],[-62.42536203924263,-37.34868051135733],[-62.538775154714905,-37.25742309827298],[-62.50951591325336,-37.23376804354051],[-62.51098108657988,-37.19601739256547],[-62.55665575781436,-37.14995631993562],[-62.594990267472596,-37.09639379553141],[-62.64730600553547,-37.123047284632676],[-62.97003836554833,-36.86298389114959],[-62.813158168595635,-36.734267131562866],[-62.74074205310807,-36.66516126465191],[-62.73734085150298,-36.667742335652086],[-62.47894272894556,-36.45973217143121],[-62.47377529743827,-36.456814713695174],[-62.4115536232613,-36.50918343371419]]]}},{"type":"Feature","properties":{"partido":"Benito Juárez","hechos":175,"nivel":"bajo"},"geometry":{"type":"Polygon","coordinates":[[[-60.200790192785874,-37.17658129134578],[-59.98742183847943,-37.3395526528579],[-60.03861322884234,-37.380733166675256],[-59.95393854458793,-37.44712372498969],[-59.8612954360607,-37.37080966375622],[-59.88096795206883,-37.35555419305729],[-59.82717415989747,-37.31054244354174],[-59.81223144890742,-37.25593443699152],[-59.78040425605187,-37.237883784942255],[-59.491123420711574,-37.45877991469743],[-59.41863733718079,-37.50582707475951],[-59.225756625751885,-37.65102955778834],[-59.255101131867534,-37.67409302802669],[-59.255746022339075,-37.68234988817221],[-59.30635859616974,-37.719996326208154],[-59.34006132518223,-37.73315501884069],[-59.36950743779587,-37.75745646793668],[-59.38270225122939,-37.75826645276885],[-59.40037544412324,-37.78216851712979],[-59.676565913379235,-37.99961793926387],[-59.67365588728653,-37.97954065783378],[-59.718326261484044,-37.95597241391151],[-59.748121342960204,-37.92832131911041],[-59.754667182393824,-37.91412138411679],[-59.793921582054516,-37.89844954042989],[-59.81506305877322,-37.87768650690212],[-59.93659444677895,-37.79444062174959],[-60.01814484164826,-37.860739887822994],[-60.06047773942534,-37.82822557696708],[-60.08911005968612,-37.85166580025464],[-60.13933913591775,-37.81196381061387],[-60.14618432887078,-37.81756496473308],[-60.26195975773329,-37.728731443721],[-60.323416088385066,-37.77636400249192],[-60.42418827967646,-37.69766310553488],[-60.37800324177092,-37.6626804314985],[-60.46588021062208,-37.59027243351121],[-60.349195165371235,-37.49604442500809],[-60.5026765637114,-37.3734996519037],[-60.471011781393834,-37.34865500398501],[-60.43755680668137,-37.37533663431037],[-60.27787119529294,-37.24802669286457],[-60.28268979150158,-37.24442247257674],[-60.200790192785874,-37.17658129134578]]]}},{"type":"Feature","properties":{"partido":"Junín","hechos":1476,"nivel":"bajo"},"geometry":{"type":"Polygon","coordinates":[[[-61.04084933790528,-34.283765506232896],[-60.96581312840803,-34.34634983610959],[-60.951558603881985,-34.334314344634905],[-60.92229848363081,-34.33661154734224],[-60.90199009098069,-34.32655040545512],[-60.75257417357175,-34.43991787506941],[-60.75820871910975,-34.44500485364458],[-60.646701155297876,-34.53304977326189],[-60.758395903919265,-34.630784755166665],[-60.74144556170446,-34.64911476454771],[-60.72816747718778,-34.64382616130972],[-60.71395720367037,-34.647131108000536],[-60.79550924088946,-34.71747214714083],[-60.76448893105549,-34.741033837331365],[-60.81568291036095,-34.78965195865272],[-60.84925536278936,-34.76301419331899],[-60.90399055859064,-34.81084091206417],[-61.0481759642612,-34.69290585322527],[-61.15114976880901,-34.7771998087246],[-61.22253583220031,-34.71736143170438],[-61.20472061566643,-34.70247978439292],[-61.33847174754668,-34.592160005257604],[-61.275199250614186,-34.54121393324679],[-61.35550873774284,-34.47394669438066],[-61.26969939663317,-34.405963089052214],[-61.27359043175642,-34.40085781260497],[-61.23745976006824,-34.403941937212146],[-61.2298340339001,-34.42447031799404],[-61.23351299254594,-34.43382802387394],[-61.22615626795704,-34.43705914414947],[-61.19335392274121,-34.42321184631403],[-61.19234452513147,-34.39012822202572],[-61.19862604456402,-34.37725574621179],[-61.19323806563967,-34.3661518932959],[-61.1758624871142,-34.366678016897964],[-61.12787747719687,-34.32616504729945],[-61.137640648158644,-34.31829233528776],[-61.09740459808845,-34.28496995449104],[-61.06939483547861,-34.30768739048042],[-61.04084933790528,-34.283765506232896]]]}},{"type":"Feature","properties":{"partido":"La Plata","hechos":9066,"nivel":"alto"},"geometry":{"type":"MultiPolygon","coordinates":[[[[-58.16086927544584,-34.97266685010156],[-58.246486845901224,-35.048356667619004],[-58.28860336503314,-35.01711320763929],[-58.24689282595949,-34.98686465108858],[-58.203684303258946,-34.945211085618624],[-58.208128977465066,-34.941863666124846],[-58.083552336964324,-34.83507574118177],[-57.9908680449886,-34.87968444629364],[-57.97460428810708,-34.87236661220325],[-57.89602595946296,-34.930488999291555],[-57.8616534971516,-34.93790164659475],[-57.80351822353625,-34.96427591182187],[-57.77001922135913,-34.95850109229766],[-57.753271699314425,-34.97074422490106],[-58.05364806928398,-35.235535090303024],[-58.07722419517666,-35.21884300329257],[-58.01853242972444,-35.167639872076464],[-58.10168038112242,-35.101048526540154],[-58.10995959532361,-35.10849720009069],[-58.17825692697632,-35.05637762876626],[-58.12037974650805,-35.0043790490078],[-58.16086927544584,-34.97266685010156]]],[[[-58.25935068637669,-34.18161421056614],[-58.24415427747303,-34.17482807994001],[-58.24324003970033,-34.18555319315689],[-58.25366334188562,-34.19073939114734],[-58.25935068637669,-34.18161421056614]]]]}},{"type":"Feature","properties":{"partido":"Laprida","hechos":52,"nivel":"bajo"},"geometry":{"type":"Polygon","coordinates":[[[-60.81452657339214,-37.05123898059817],[-61.011857608257365,-37.204233966732275],[-60.890589208881266,-37.30275469239278],[-60.974714091578235,-37.36853001223297],[-60.87779950809752,-37.451855933967074],[-61.064471973699334,-37.60006724575543],[-61.07002019615356,-37.59593270007342],[-61.178034357469386,-37.68084286794278],[-60.85194750772203,-37.94079224284977],[-60.653068152507345,-37.78252211147501],[-60.644052158262454,-37.78954291458279],[-60.555971396768406,-37.721240404660435],[-60.580131769087174,-37.70119362689133],[-60.452037834454174,-37.60142233003634],[-60.465200915973575,-37.59066343715451],[-60.34851610590817,-37.496434762301284],[-60.50199952310555,-37.37389086558947],[-60.471149186081796,-37.349692883620314],[-60.57140687854187,-37.27014206236073],[-60.57529699921308,-37.2731084205121],[-60.731737567720344,-37.140233645195096],[-60.71595894612188,-37.12826756432114],[-60.81452657339214,-37.05123898059817]]]}},{"type":"Feature","properties":{"partido":"Tigre","hechos":4047,"nivel":"medio"},"geometry":{"type":"Polygon","coordinates":[[[-58.65674112724044,-34.372122666899706],[-58.690393189206695,-34.34718229077346],[-58.72061927386384,-34.363290067200374],[-58.70531565916221,-34.37297928652911],[-58.72135818503666,-34.39008405934101],[-58.715909010707875,-34.39254286027142],[-58.73463421632008,-34.40245975827229],[-58.67821046319807,-34.474650740601746],[-58.60634293052447,-34.534541516128044],[-58.59834168611345,-34.49816802104861],[-58.598949373659224,-34.48583733761933],[-58.606464603271945,-34.48028137644356],[-58.59927020335475,-34.47441434623287],[-58.595314524885644,-34.448351757143485],[-58.58033252114781,-34.445153972866215],[-58.55843178149506,-34.42440184274222],[-58.65674112724044,-34.372122666899706]]]}},{"type":"Feature","properties":{"partido":"Las Flores","hechos":162,"nivel":"bajo"},"geometry":{"type":"Polygon","coordinates":[[[-59.292986225836366,-36.37464025336018],[-59.48836662939685,-36.226922054064445],[-59.382250138785665,-36.135587017249186],[-59.552316643635194,-36.00707095416574],[-59.51585794086958,-35.97616647084959],[-59.70025775909229,-35.8319224416735],[-59.69255746911614,-35.82727387301475],[-59.68435485535516,-35.83456981026033],[-59.676141394658806,-35.833325496875425],[-59.675825841983006,-35.84325907415632],[-59.64260685479023,-35.86146133780508],[-59.61766344107678,-35.85240450561032],[-59.605545866325244,-35.85704281914906],[-59.56008321910066,-35.85102992231176],[-59.5323356667977,-35.8331413446863],[-59.532134392686956,-35.82747764827335],[-59.52262004363417,-35.830827041456224],[-59.50387249337329,-35.81667305497276],[-59.48136610536922,-35.82021252594749],[-59.483367933616734,-35.81235017154005],[-59.47864438886092,-35.8107665598712],[-59.45934861060418,-35.81412761477361],[-59.45163223905257,-35.80761862905932],[-59.41632391091668,-35.80249633291947],[-59.39738009619176,-35.80390552069879],[-59.37936574019318,-35.81738789224543],[-59.347403160241484,-35.80356756511132],[-59.3392005208197,-35.80771534629176],[-59.33005956812512,-35.80230830241466],[-59.31845185425842,-35.8094479535504],[-59.30549545537575,-35.795972955551484],[-59.287405872210236,-35.79709234146843],[-59.279574806018836,-35.79029077240433],[-59.24209984173007,-35.79297446744517],[-59.22684376136533,-35.778744089642416],[-59.18334788335867,-35.76286018115188],[-59.17487774127594,-35.71200550360153],[-59.166627210555255,-35.70622943062728],[-59.1555596502771,-35.71129398567867],[-59.130070118639175,-35.69789027079889],[-59.1368887713771,-35.66333203414579],[-59.09517136367118,-35.69617864728828],[-59.10338220710334,-35.703117569033445],[-59.01600019592287,-35.77433875047332],[-58.974424745185765,-35.816927676531215],[-58.95753647117354,-35.8029605469347],[-58.90111668534167,-35.84789828509602],[-58.89182521720404,-35.84017146017358],[-58.73014784940645,-35.96741486129948],[-58.75027884258193,-35.984194518025504],[-58.70866607353971,-36.016886288809324],[-58.809196535875735,-36.105665507569086],[-58.82885673946218,-36.11081587120285],[-58.844006995708995,-36.14442762467276],[-58.90211778121386,-36.15897256823999],[-58.9143381416808,-36.17203627104182],[-58.938976793932284,-36.1772579828472],[-59.02218027652777,-36.214950839033776],[-59.07042777620162,-36.22146526847143],[-59.081017290746175,-36.239486805752506],[-59.10309639895909,-36.246610907377615],[-59.09923036145563,-36.26768065712983],[-59.10596797029647,-36.274766747752956],[-59.15645456347619,-36.289368640652526],[-59.19402264560835,-36.314281931254094],[-59.2179396523238,-36.32092663198183],[-59.23862625672094,-36.342896735507104],[-59.27496231270131,-36.361213035340626],[-59.28125385763977,-36.371662930359314],[-59.292986225836366,-36.37464025336018]]]}},{"type":"Feature","properties":{"partido":"Leandro N. Alem","hechos":103,"nivel":"bajo"},"geometry":{"type":"Polygon","coordinates":[[[-61.548383084689156,-34.30386268430334],[-61.50886151737567,-34.33684571567985],[-61.47160089294608,-34.30734803793561],[-61.43264225140591,-34.34037780933366],[-61.39470556512966,-34.37397814439604],[-61.41626981072415,-34.39279263416201],[-61.37595137283817,-34.425783967203415],[-61.36838620255748,-34.41997476405109],[-61.32916740156302,-34.453145122160485],[-61.35550873774284,-34.47394669438066],[-61.275199250614186,-34.54121393324679],[-61.436410570175184,-34.671162116741634],[-61.51640470414984,-34.60320071888405],[-61.59760635738782,-34.668712894039786],[-61.6116176722259,-34.65669887080992],[-61.6445848829066,-34.6836543064964],[-61.768867194509475,-34.57689169164157],[-61.84471731757479,-34.63795443975901],[-61.983940974171524,-34.518248681821376],[-61.8177450843328,-34.38693872787519],[-61.72085081444678,-34.38666512485143],[-61.64758397635368,-34.31997720586635],[-61.610083901106364,-34.353197981214095],[-61.548383084689156,-34.30386268430334]]]}},{"type":"Feature","properties":{"partido":"Lincoln","hechos":285,"nivel":"bajo"},"geometry":{"type":"Polygon","coordinates":[[[-61.783206012699516,-35.58550186571067],[-61.29991821168151,-35.18605695947854],[-61.4197571706469,-35.08791437886692],[-61.127688782800846,-34.84740672605596],[-61.182368265933654,-34.80221437033923],[-61.151165366507186,-34.77720597068496],[-61.22255142354249,-34.71736758470175],[-61.20473609380641,-34.70248594084972],[-61.33848732323075,-34.59216614388488],[-61.43642616917177,-34.671168332359514],[-61.51642018519513,-34.60320683574994],[-61.597621856360604,-34.66871900003691],[-61.61163316988096,-34.65670497507003],[-61.64460038791346,-34.683660406327796],[-61.709840746256006,-34.6275922980852],[-61.77217245491634,-34.676881669645894],[-61.67274450676626,-34.761427431473926],[-61.74533721141789,-34.816514803346955],[-61.74066482753105,-34.82028946554729],[-61.90271583047164,-34.952754483311125],[-61.98320032053416,-34.886031340416515],[-62.18537245718886,-35.05070006183263],[-62.16622323754268,-35.06712790446274],[-62.2698713282675,-35.15224208941202],[-62.21004314946485,-35.20185830868993],[-62.22501770298234,-35.21413938060899],[-62.14431694265474,-35.28104447444641],[-62.148533939602075,-35.28439255556297],[-61.783206012699516,-35.58550186571067]]]}},{"type":"Feature","properties":{"partido":"Lobería","hechos":118,"nivel":"bajo"},"geometry":{"type":"Polygon","coordinates":[[[-58.809546661290234,-37.578390156981],[-59.1108645745993,-37.825782793427244],[-59.109234160964284,-37.83811688219482],[-59.12968578554808,-37.84820802544954],[-59.13050494932914,-37.85894653975323],[-59.16236128146813,-37.87661598075776],[-59.16767735070507,-37.88649628144535],[-59.167908267376475,-37.93665661257948],[-59.15645191116769,-37.94405217877089],[-59.14848356457032,-37.9614278824874],[-59.12768665065922,-37.973595435512],[-59.12477975739937,-37.99555595206599],[-59.07845908826612,-38.020392253888815],[-59.07591857590902,-38.02998939122242],[-59.053631531301136,-38.04706421663522],[-59.04977158815336,-38.061447335815096],[-59.04194137474958,-38.06555038324667],[-59.04497016238411,-38.073615463843744],[-59.036046911744045,-38.07838487930133],[-59.03838493684736,-38.08696245259785],[-58.98930135011279,-38.12041082356483],[-58.9771262612804,-38.141630505098284],[-58.954342691228206,-38.15510248500306],[-58.95109479619241,-38.18267502195933],[-58.94095634065849,-38.18038707272998],[-58.92020134719873,-38.192295450439204],[-58.92211732170917,-38.197830834377],[-58.91280902504781,-38.20197904411262],[-58.91654414459373,-38.20800429369934],[-58.90142895560525,-38.23184911437785],[-58.90038111656499,-38.24075775587866],[-58.906565694701236,-38.2452035998708],[-58.87822733208834,-38.268271731610064],[-58.880912504516196,-38.27587782371127],[-58.86724437933726,-38.291436570313486],[-58.84363703915704,-38.29799343712062],[-58.80898400081131,-38.32881759730774],[-58.81319359131683,-38.3399714214415],[-58.80185986068497,-38.34572453283849],[-58.78225177460692,-38.377959671759555],[-58.78752017298547,-38.40069682788276],[-58.76867676982138,-38.42980324767789],[-58.77415095936555,-38.43577179915815],[-58.75780938748314,-38.4538997804614],[-58.757114054376565,-38.4724550323815],[-58.74006895571431,-38.48059015935376],[-58.75200054546068,-38.488722019028394],[-58.7339569392981,-38.50820530775472],[-58.739208560249054,-38.51586518340879],[-58.708024786731244,-38.495017190884056],[-58.61923028030399,-38.5620401345511],[-58.49740091322723,-38.53720956829862],[-58.28529285745399,-38.46789089355724],[-58.23587137343838,-38.446395950770395],[-58.256985466535596,-38.435305907740926],[-58.2563138011847,-38.4227188531422],[-58.28533518342792,-38.38492489916555],[-58.26998555162707,-38.353343517716176],[-58.28355510652792,-38.315129512256185],[-58.30226790223855,-38.30019461927575],[-58.311097287950915,-38.27399136681028],[-58.32707656168932,-38.2723569559742],[-58.33817191288211,-38.250915912059945],[-58.32362149959935,-38.22338479774839],[-58.34361050906137,-38.15957047308575],[-58.332697456262984,-38.126347591018074],[-58.33911991245497,-38.10662918315005],[-58.32897076317905,-38.07394552825824],[-58.59123269555565,-37.87799399065921],[-58.50715614551381,-37.80560883153837],[-58.809546661290234,-37.578390156981]]]}},{"type":"Feature","properties":{"partido":"Lobos","hechos":387,"nivel":"bajo"},"geometry":{"type":"Polygon","coordinates":[[[-59.07046603814891,-34.961743190188265],[-58.99258062832926,-35.021429347252976],[-59.0148074887289,-35.0412928881367],[-58.86897514673295,-35.15357044151828],[-58.89485156236113,-35.176186692552584],[-58.80830432309369,-35.23952521597025],[-58.923264600865394,-35.34291373295031],[-58.93513812818022,-35.334535614583935],[-58.95003902510977,-35.34148776784423],[-58.970806466602326,-35.33977440549644],[-59.005844342106364,-35.36691758621589],[-59.0253758567948,-35.35224458889096],[-59.12764919318524,-35.43675824364456],[-59.153916487732324,-35.41969138284547],[-59.16395022592137,-35.42097800427215],[-59.16705002953759,-35.40597040963636],[-59.17651490410912,-35.40351169268939],[-59.18251397993832,-35.40900526310606],[-59.18465245627988,-35.40162911748212],[-59.23470323439898,-35.38794141506737],[-59.26220836522651,-35.391088164281804],[-59.2926079452624,-35.365397246771735],[-59.32252455570942,-35.3746771896488],[-59.31738723719279,-35.36469207786518],[-59.32143486118441,-35.35956137209204],[-59.34226372116528,-35.35603901823156],[-59.3489875794408,-35.34417810652588],[-59.36015522768427,-35.350862387179575],[-59.36715805283519,-35.338100599887966],[-59.38007052091665,-35.33344884891728],[-59.37850152380229,-35.31393411855729],[-59.39272767152135,-35.291355381019805],[-59.41521559304283,-35.30119003425698],[-59.42739982414052,-35.29840574017992],[-59.44177013284982,-35.30812195475783],[-59.46362198239793,-35.29891088456168],[-59.468507602751934,-35.30737138197591],[-59.48033441329496,-35.287301112788484],[-59.52181443006909,-35.28700261021426],[-59.549932185249524,-35.26802567540685],[-59.55294194741341,-35.255140708613204],[-59.3591784596981,-35.15787461909929],[-59.3217718630718,-35.136242616187104],[-59.32534555903464,-35.13208989043106],[-59.250813834568284,-35.09869537351535],[-59.24704535880475,-35.065204469566254],[-59.22070253182123,-35.085502725336134],[-59.140689623011134,-35.01378299885666],[-59.13619803704906,-35.017268886846],[-59.07046603814891,-34.961743190188265]]]}},{"type":"Feature","properties":{"partido":"Lomas de Zamora","hechos":7754,"nivel":"alto"},"geometry":{"type":"Polygon","coordinates":[[[-58.44729393995419,-34.688477084861624],[-58.413269137734574,-34.73286485465038],[-58.36667896986577,-34.74555206917849],[-58.34666417371963,-34.739069260442285],[-58.33658612752995,-34.75437285427781],[-58.43046212488972,-34.817335922047334],[-58.501009493742345,-34.723027636300515],[-58.484088903252854,-34.73283017553637],[-58.44729393995419,-34.688477084861624]]]}},{"type":"Feature","properties":{"partido":"Luján","hechos":1849,"nivel":"bajo"},"geometry":{"type":"Polygon","coordinates":[[[-59.197013602788736,-34.37336828998807],[-59.20648880487726,-34.39006073371651],[-59.23882896492852,-34.414075108162415],[-59.217716449014766,-34.446563843033076],[-59.33827222790861,-34.5077113962963],[-59.263933372740965,-34.61909790686145],[-59.28180790489073,-34.625279624090865],[-59.24197495705491,-34.67740781742215],[-59.25646816579737,-34.68485335278363],[-59.16570909019248,-34.804140989453074],[-59.091209169484884,-34.7192329491479],[-59.13608138920672,-34.65886041672527],[-59.05637723702623,-34.61646438479775],[-59.070985687689245,-34.604392304531096],[-59.03925572689256,-34.58864279459025],[-59.02554433374799,-34.59280985346074],[-58.98659603430143,-34.57743615913059],[-58.99263401834679,-34.5685775504509],[-58.98403577752225,-34.56454536840474],[-58.987191932732856,-34.559859178364164],[-58.95420128747813,-34.54372473332255],[-59.00077063953172,-34.48338825151789],[-59.01054067429099,-34.48828606365153],[-59.05633983663457,-34.428116043590464],[-59.07598440307756,-34.435251827417616],[-59.07725732522283,-34.45107358130693],[-59.097704439953034,-34.464218776441534],[-59.12959415996383,-34.42060977166508],[-59.197013602788736,-34.37336828998807]]]}},{"type":"Feature","properties":{"partido":"Magdalena","hechos":146,"nivel":"bajo"},"geometry":{"type":"Polygon","coordinates":[[[-57.70791983290263,-34.93054209963693],[-57.96833226453289,-35.1591252287742],[-57.890142905130475,-35.222141517211035],[-58.03542815957268,-35.3468806960057],[-58.025002599963535,-35.35378361517021],[-58.008587186157115,-35.34494656794867],[-58.002862326291655,-35.332760266032416],[-57.98538362888415,-35.32845301174283],[-57.97934260378289,-35.344670926243474],[-57.95272691836515,-35.359381141903356],[-57.94718128007884,-35.371936468327156],[-57.9363937473721,-35.37618199208536],[-57.91784705956956,-35.37141012607534],[-57.91289233560617,-35.38182862015322],[-57.88845680678005,-35.384685309084766],[-57.88871101513974,-35.39201587908696],[-57.87392269568053,-35.38588535218578],[-57.87273726788144,-35.397148739046116],[-57.86243371012759,-35.399774745735954],[-57.85281482872781,-35.41229048914031],[-57.83267026620754,-35.415543966047586],[-57.8145177610543,-35.441902679697776],[-57.79697269150973,-35.44481284044299],[-57.75924127599516,-35.40484779862137],[-57.72737857544734,-35.348864274939814],[-57.68323806968093,-35.37636144842104],[-57.671378477967245,-35.365817063843856],[-57.682057924335275,-35.357891823027636],[-57.66463899309531,-35.34227738871961],[-57.64006925761417,-35.35556165664324],[-57.61339460780003,-35.333060444933245],[-57.63201806559948,-35.31915117755477],[-57.63766808786001,-35.32440016152084],[-57.641313123377216,-35.32158367159851],[-57.63570364382171,-35.31642044030588],[-57.668183919826255,-35.292828263097604],[-57.633557208811375,-35.26042848462522],[-57.603490503398895,-35.26874609640776],[-57.608515685386514,-35.273521646512805],[-57.58137448979295,-35.294128869665116],[-57.602179863139206,-35.36165737892933],[-57.588873343826,-35.350016902462144],[-57.571921322676985,-35.36299377756466],[-57.50373180207218,-35.30157565540125],[-57.54943610534391,-35.29622557679738],[-57.49290064029192,-35.2435915275971],[-57.460123236560236,-35.26676083801796],[-57.42563640557951,-35.234628096135424],[-57.403876621351664,-35.25051196913628],[-57.30480215136685,-35.198160851644786],[-57.3572301672914,-35.14198457275051],[-57.50187862927234,-35.03075115841504],[-57.5276493739862,-35.01717539585156],[-57.57503427013946,-35.00712671289549],[-57.651048292509024,-34.950296414850854],[-57.68073965227315,-34.934879119616355],[-57.70791983290263,-34.93054209963693]]]}},{"type":"Feature","properties":{"partido":"Maipú","hechos":75,"nivel":"bajo"},"geometry":{"type":"Polygon","coordinates":[[[-57.79277284324194,-36.76911441711984],[-57.788900627843866,-36.77219193626078],[-57.74512083506156,-36.73466407226903],[-57.706510021133425,-36.76341335490472],[-57.66004890554038,-36.7235005077129],[-57.65398523135477,-36.72809940491684],[-57.493739692440585,-36.58136143721639],[-57.46435725576755,-36.57092564467877],[-57.17531915472631,-36.784819353031146],[-57.23294104273017,-36.788885940924075],[-57.22336177122095,-36.908982570695926],[-57.32165849042337,-36.91063298423744],[-57.30491531519944,-37.00389340565688],[-57.49338486729232,-37.01714389203722],[-57.4869374794081,-37.10495200385145],[-57.56640345525931,-37.10526743494782],[-57.67480131654603,-37.20293293350574],[-58.01007162837162,-36.95912495388523],[-57.94331374651972,-36.89920076074449],[-57.97176106255025,-36.878228226672036],[-57.94894432434871,-36.857696870129566],[-57.91961090155937,-36.83324329465799],[-57.891630676945134,-36.854497112093526],[-57.79277284324194,-36.76911441711984]]]}},{"type":"Feature","properties":{"partido":"Salto","hechos":181,"nivel":"bajo"},"geometry":{"type":"Polygon","coordinates":[[[-60.29910709885119,-33.99856820599814],[-60.270234276706645,-34.008560107971846],[-60.24288178966024,-34.007991228025595],[-60.23217058003912,-34.0235678362505],[-60.2045891387228,-34.03584590715253],[-60.19491000845814,-34.045500809234284],[-60.19630713714074,-34.051445026810896],[-60.16674182738442,-34.06127947860224],[-60.18343265281748,-34.0999373957133],[-60.18503472454077,-34.13529221456818],[-60.207014041203486,-34.1712203882646],[-60.20331813111011,-34.20381765411459],[-60.07738089294059,-34.25049659256552],[-60.05017598976378,-34.26589193255132],[-59.97077320536026,-34.28642034155595],[-60.01214092929342,-34.32291422673174],[-60.004433636335065,-34.3289138495755],[-60.065030054665655,-34.38265364470876],[-60.08408982606131,-34.367516170538764],[-60.1425742358337,-34.41878041105418],[-60.154117554777635,-34.40956854128933],[-60.21120483165171,-34.45955734396976],[-60.24577324920841,-34.431893282967025],[-60.3191167093234,-34.49720236564166],[-60.3729623702119,-34.455471918728335],[-60.403918377887486,-34.48022025750179],[-60.48914208264236,-34.415274034709114],[-60.51669997379917,-34.43901773911095],[-60.57759803446808,-34.39256595273423],[-60.53878487028953,-34.349286233699736],[-60.53490269449706,-34.33260601950611],[-60.54818703362436,-34.27537631430518],[-60.535283165356596,-34.255668005602494],[-60.490671356147644,-34.231004404196014],[-60.49008329941604,-34.21917943974326],[-60.4697684971898,-34.19960583634573],[-60.49645733486309,-34.176522808281945],[-60.40887372610862,-34.098250360993404],[-60.413570207088256,-34.09312029267292],[-60.31572332456671,-34.003045854161485],[-60.29910709885119,-33.99856820599814]]]}},{"type":"Feature","properties":{"partido":"Marcos Paz","hechos":621,"nivel":"bajo"},"geometry":{"type":"Polygon","coordinates":[[[-58.86369597051918,-34.68336522075503],[-58.88775193531798,-34.69654638947736],[-58.93534408376017,-34.70373089631324],[-58.95264753629323,-34.7166597200034],[-58.96643901878489,-34.73927169713444],[-58.9982892308824,-34.762792501303345],[-59.02108364826722,-34.75852007879539],[-59.0331146739714,-34.76736890741261],[-58.95088186121601,-34.831619340193825],[-58.93557061111751,-34.81827092755183],[-58.84527021023066,-34.89170797018689],[-58.85908611304952,-34.904051728809286],[-58.791141442698304,-34.95531664408947],[-58.76473017669267,-34.9594356082244],[-58.726837241306185,-34.92435029674048],[-58.692909614438406,-34.91241967035511],[-58.76249377676035,-34.858422381124065],[-58.74986184808351,-34.84736688058253],[-58.774041381026365,-34.82866435205985],[-58.74370105807133,-34.82555659829089],[-58.70640298956216,-34.81160256405296],[-58.86429006163226,-34.698483429848714],[-58.86369597051918,-34.68336522075503]]]}},{"type":"Feature","properties":{"partido":"Mar Chiquita","hechos":329,"nivel":"bajo"},"geometry":{"type":"Polygon","coordinates":[[[-57.67326797185915,-37.74493780174445],[-58.09450967896815,-37.437403687505316],[-57.768972035273194,-37.135971227104456],[-57.18541119042029,-37.5513453874316],[-57.43429109525696,-37.761978529764015],[-57.503551864197796,-37.846053257468355],[-57.51972337417723,-37.88948828745167],[-57.6980542963617,-37.7542666569582],[-57.67326797185915,-37.74493780174445]]]}},{"type":"Feature","properties":{"partido":"La Matanza","hechos":31405,"nivel":"alto"},"geometry":{"type":"Polygon","coordinates":[[[-58.5832544503704,-34.65064687048833],[-58.639377973963676,-34.700617893608246],[-58.642998039238634,-34.709632254056],[-58.636241831026204,-34.71490758976559],[-58.67543135293637,-34.73935456515213],[-58.657687901366685,-34.75348175416908],[-58.673610129109825,-34.76632729045255],[-58.68193488335745,-34.75950005540477],[-58.703886342185115,-34.77862800909799],[-58.72847444330875,-34.75924490712652],[-58.75038599525704,-34.7774772578431],[-58.70740432416041,-34.81165349586067],[-58.734475903309,-34.81721990907835],[-58.74449583089076,-34.82527349265518],[-58.77497077707923,-34.82864505277836],[-58.75037236579954,-34.84680681252419],[-58.76315636501504,-34.85795096642436],[-58.693973430753104,-34.912284284990044],[-58.646848835185295,-34.88959477089169],[-58.64269536083706,-34.868992389135734],[-58.615435078423275,-34.818605067285276],[-58.59454008295199,-34.805776778148456],[-58.586340063193205,-34.78037196835477],[-58.57217105693603,-34.775223997937886],[-58.574834049507366,-34.768529112993576],[-58.567596401990606,-34.76575381616785],[-58.566982567368434,-34.75776090159233],[-58.5514056243256,-34.750906891939735],[-58.54582628415828,-34.75913701138722],[-58.53765332176675,-34.7570871352767],[-58.538673299128924,-34.746837259236145],[-58.51276097313183,-34.74008714214246],[-58.504472885611136,-34.72127803430832],[-58.484115670664394,-34.732560115237554],[-58.46189187358229,-34.70538771440523],[-58.55603271108494,-34.6346795219799],[-58.5818652883934,-34.64342596890876],[-58.5832544503704,-34.65064687048833]]]}},{"type":"Feature","properties":{"partido":"Mercedes","hechos":724,"nivel":"bajo"},"geometry":{"type":"Polygon","coordinates":[[[-59.338524292410554,-34.50845833806187],[-59.47222271396091,-34.57719854750009],[-59.482796009363234,-34.57072337951406],[-59.52366450203053,-34.5968941796326],[-59.5681851017944,-34.56104591523615],[-59.63179152179207,-34.61547545368314],[-59.67230824656915,-34.583079940866256],[-59.71575976646294,-34.620472551474776],[-59.52526882660469,-34.765216973856035],[-59.53130072066602,-34.77032725482592],[-59.49067777251444,-34.80339267848497],[-59.52194087398457,-34.82924292904473],[-59.4961715969776,-34.849835872623494],[-59.465838551457495,-34.87305479209444],[-59.40809066381779,-34.84286932809699],[-59.372532135051564,-34.89157515052974],[-59.31592065228591,-34.843064172565136],[-59.31989955953062,-34.83729779072206],[-59.28880529543279,-34.82212877300556],[-59.2782647936407,-34.83489177268745],[-59.20451653315146,-34.79622711961047],[-59.19219178492837,-34.81210308870556],[-59.1680889726169,-34.799421073416895],[-59.25591051306561,-34.68558882979701],[-59.24128389855035,-34.6773288817208],[-59.28180790489073,-34.625279624090865],[-59.263933372740965,-34.61909790686145],[-59.338524292410554,-34.50845833806187]]]}},{"type":"Feature","properties":{"partido":"Merlo","hechos":6496,"nivel":"medio"},"geometry":{"type":"Polygon","coordinates":[[[-58.75658999022166,-34.65975398127446],[-58.80948908528392,-34.67711257687362],[-58.818440091562856,-34.68559920720604],[-58.860968829034135,-34.68500512938655],[-58.86487562713026,-34.69804847902759],[-58.7502984656993,-34.777631299745345],[-58.72837761311076,-34.75929193729164],[-58.703884286454965,-34.778710549507764],[-58.68193488335745,-34.75950005540477],[-58.673610129109825,-34.76632729045255],[-58.657687901366685,-34.75348175416908],[-58.67543135293637,-34.73935456515213],[-58.63615382028763,-34.71502918605077],[-58.64109088551754,-34.70448103536947],[-58.72903558705519,-34.6347750819304],[-58.75658999022166,-34.65975398127446]]]}},{"type":"Feature","properties":{"partido":"Monte","hechos":302,"nivel":"bajo"},"geometry":{"type":"Polygon","coordinates":[[[-58.811791512082245,-35.24237808497763],[-58.923264600865394,-35.34291373295031],[-58.93575542041893,-35.33412925518513],[-58.95065629849396,-35.3410813324229],[-58.97142362541408,-35.33936786189543],[-59.006461648549866,-35.36651095700762],[-59.02599284423655,-35.35183785465457],[-59.121465513914295,-35.430536188160104],[-59.10536950941405,-35.426747436592436],[-59.107198447340934,-35.431231428468756],[-59.0955793446716,-35.43360942152609],[-59.084701292929175,-35.447066023414635],[-59.03401089883074,-35.460270096851225],[-59.0295989963891,-35.47269144819533],[-59.01798076995176,-35.46886017300047],[-59.018272919661854,-35.47630279922478],[-59.00790691091922,-35.479910969634396],[-59.01715203445597,-35.49971544375347],[-59.01081525221854,-35.50989164892927],[-59.0473330376214,-35.528385362594875],[-59.049265179401694,-35.55190372732075],[-59.036619083494365,-35.55162372431321],[-59.03334266226536,-35.568194077203664],[-59.00532880383234,-35.593933607974186],[-58.97394114966949,-35.5899800183046],[-58.95092007221794,-35.621898005610035],[-58.93066284578693,-35.6223179575974],[-58.9038285751163,-35.604969014834474],[-58.91026388455399,-35.59746048122883],[-58.90664718205702,-35.59391810649962],[-58.88558817547361,-35.594856884588125],[-58.87873065527483,-35.6040127552766],[-58.88818101724573,-35.620742839638204],[-58.87717553941107,-35.639714557070505],[-58.84365216495981,-35.65158511817014],[-58.83509288710203,-35.66603613787405],[-58.84313758786218,-35.681851318378314],[-58.80479236455556,-35.69059325061628],[-58.78799709141784,-35.70097087029043],[-58.78410780073712,-35.715606082390714],[-58.76324009035152,-35.74129879862785],[-58.763662602089255,-35.75597835476193],[-58.74923335548745,-35.752417035595656],[-58.73800502201076,-35.731148614559885],[-58.71615562539879,-35.72151654503459],[-58.68388671266121,-35.729517600573715],[-58.66136133144639,-35.72467613150541],[-58.65810449017518,-35.744162698222404],[-58.6355831032697,-35.743133873129196],[-58.62732038465756,-35.75141497626952],[-58.60832351429641,-35.741507650572764],[-58.59509342773163,-35.75009860079424],[-58.54071259645798,-35.745727168009694],[-58.53760360527306,-35.72562140394528],[-58.52583179601564,-35.722386602162764],[-58.51704900046541,-35.72988046647209],[-58.51226468868196,-35.751072015344285],[-58.50024382683106,-35.75217327765764],[-58.486539632850196,-35.70693724921099],[-58.506451846150036,-35.6504986343293],[-58.499377085544715,-35.645139002731526],[-58.568730664823676,-35.595902443535984],[-58.47050138849624,-35.51194263064774],[-58.66322910125036,-35.35533836455735],[-58.67432753695286,-35.360912646262385],[-58.70767246893469,-35.33537999776182],[-58.678323736647656,-35.30447232159345],[-58.74674790752647,-35.25270208673217],[-58.7707711364024,-35.27397823558806],[-58.811791512082245,-35.24237808497763]]]}},{"type":"Feature","properties":{"partido":"Moreno","hechos":6170,"nivel":"medio"},"geometry":{"type":"Polygon","coordinates":[[[-58.776939611555555,-34.55791686267878],[-58.71340157985537,-34.60560036942562],[-58.731742453849066,-34.64256143493715],[-58.756768719007404,-34.659823766518414],[-58.809650417006175,-34.67731353393633],[-58.818310705282265,-34.68558947989542],[-58.860762910017115,-34.68486259141252],[-58.883345683199984,-34.67175682589313],[-58.88430937977316,-34.627195199496384],[-58.86411267074069,-34.616882442205004],[-58.89095047774284,-34.57981225475137],[-58.847500883674236,-34.54917089555731],[-58.82388956111948,-34.50829542575536],[-58.776939611555555,-34.55791686267878]]]}},{"type":"Feature","properties":{"partido":"Navarro","hechos":227,"nivel":"bajo"},"geometry":{"type":"Polygon","coordinates":[[[-59.205155439166965,-34.79578222478035],[-59.27890361203754,-34.834446582286425],[-59.28944395829891,-34.821683524434945],[-59.32053817711776,-34.836852289283314],[-59.31655933602665,-34.842618693204905],[-59.37317089699108,-34.891129468236656],[-59.40872885620222,-34.84242344963841],[-59.6343562094273,-34.95731233841411],[-59.605812978245076,-34.9972659420559],[-59.823131499904285,-35.176590753045154],[-59.79652023510783,-35.18358377663578],[-59.77630761125896,-35.173794394737655],[-59.75898842881563,-35.18911907061315],[-59.76139468285422,-35.197356334417684],[-59.74693674184851,-35.19606833728569],[-59.72137416118242,-35.222684661903564],[-59.69911950470653,-35.21094660378874],[-59.67041314434666,-35.223150001782024],[-59.66388285645022,-35.210010612107546],[-59.64474406959892,-35.20809396801541],[-59.6322650488878,-35.19721188372259],[-59.62106987966318,-35.20055913456952],[-59.575204964554516,-35.17762177486067],[-59.57203805489192,-35.186288083306884],[-59.54326357842004,-35.2049607921302],[-59.54873636412171,-35.214375016768976],[-59.540801355513814,-35.22279119823374],[-59.55523187874953,-35.24324112998407],[-59.55358288778363,-35.254722511269804],[-59.35981960667898,-35.15745753313313],[-59.32241302690992,-35.13582563678515],[-59.325986672056516,-35.13167289126297],[-59.25145505558659,-35.098278767725006],[-59.247686333395464,-35.06478787835367],[-59.221343798388176,-35.085086278541404],[-59.1413307189694,-35.01336696797789],[-59.13683918188841,-35.01685297078617],[-59.071107069397186,-34.96132752585331],[-59.219015927556974,-34.85253632569951],[-59.164911744072484,-34.80383112470876],[-59.16872809448545,-34.79897646329343],[-59.19283088012093,-34.81165826233104],[-59.205155439166965,-34.79578222478035]]]}},{"type":"Feature","properties":{"partido":"Necochea","hechos":1357,"nivel":"bajo"},"geometry":{"type":"Polygon","coordinates":[[[-59.16898318744596,-37.93243702035035],[-59.14878985424614,-37.961943438231756],[-59.128021586164365,-37.97411531037035],[-59.12530572481771,-37.99589995668448],[-59.07887385848131,-38.02092775456483],[-59.07628459073936,-38.030528210804384],[-59.053996471538085,-38.04758282497111],[-59.050087829741734,-38.062025470741],[-59.04227374950762,-38.06613749880362],[-59.04528161234664,-38.074186184394335],[-59.03634889145312,-38.07892653659492],[-59.038720644056106,-38.08750023522422],[-58.989670345208395,-38.12099182036439],[-58.977709771488826,-38.14197025975974],[-58.95469318360711,-38.15570117021038],[-58.951527586853395,-38.183240306869024],[-58.94140665185015,-38.18096561523013],[-58.92060477307103,-38.192873369603404],[-58.92247035511791,-38.198446120337934],[-58.91319397563499,-38.20258591447107],[-58.91693327656682,-38.208572002764775],[-58.90187939723428,-38.23247167651717],[-58.90084523908925,-38.24137738663141],[-58.90703740705909,-38.2458099442319],[-58.87870575082145,-38.26887437757945],[-58.881387161247396,-38.27648447633584],[-58.866091511406196,-38.2929802873416],[-58.82743791103255,-38.309618023186445],[-58.80889586441649,-38.32953502675801],[-58.813349727265596,-38.34037738524645],[-58.80208682432564,-38.346132946273045],[-58.78246394002509,-38.37837616475371],[-58.78900400698044,-38.403850360473406],[-58.77501750780638,-38.41542835016279],[-58.77692060218522,-38.42317904694017],[-58.768716836529286,-38.43090996026656],[-58.77418082252501,-38.43625431793048],[-58.75792186461782,-38.454548836475475],[-58.75694160992129,-38.47339544794124],[-58.74010024564126,-38.48128762959832],[-58.75205735131967,-38.48869785219745],[-58.734273022698126,-38.508885496885846],[-58.74062824704481,-38.51561328425509],[-58.73555041207518,-38.51783641206186],[-58.70857296888432,-38.49560425417893],[-58.6196776178381,-38.56266289851449],[-58.68779533014837,-38.574575568839236],[-58.696556657689726,-38.57846056977327],[-58.69340098637345,-38.58611377979434],[-58.70162563631807,-38.581802361897175],[-58.73269029647502,-38.587344773191084],[-58.82754248157136,-38.623132203415764],[-59.00521318802327,-38.67209601043842],[-59.02762721761234,-38.68316154039701],[-59.11802785811257,-38.70321527298144],[-59.2503480294077,-38.71763782058766],[-59.33314375746221,-38.73810335275313],[-59.33128303004585,-38.71988711932555],[-59.355953687669725,-38.70859663485937],[-59.35219766627931,-38.70121403045954],[-59.361654100156755,-38.694266744616264],[-59.37224379755655,-38.65934513060954],[-59.38791164699546,-38.655577534969574],[-59.39852858168826,-38.627420466657725],[-59.40574702351555,-38.629394119361386],[-59.411340679514694,-38.62295899514718],[-59.405350596883,-38.59740599880044],[-59.422037866139014,-38.59567227196417],[-59.4314777813718,-38.6044340141271],[-59.431442973213876,-38.5985297348964],[-59.445980868724746,-38.589517037196416],[-59.380765510210146,-38.5684325403343],[-59.34124610517382,-38.547719044792316],[-59.336673895655586,-38.50119707384576],[-59.347461932040794,-38.50159252054827],[-59.40690640695197,-38.457074501373626],[-59.31705980444953,-38.383824449810156],[-59.34121739634434,-38.336360429780306],[-59.33668657765811,-38.32152341052139],[-59.35417810630082,-38.30341709862539],[-59.32642464692013,-38.25405655617581],[-59.31376465830144,-38.2069703055669],[-59.24623752670875,-38.15305179468661],[-59.25320237308731,-38.146866195363934],[-59.29861125144612,-38.142300242712125],[-59.30419067838849,-38.13495511885679],[-59.35535503728681,-38.11457146748639],[-59.41592974780155,-38.113696507644065],[-59.44453993115345,-38.09834053111399],[-59.509842924044996,-38.079132278547824],[-59.53921447049411,-38.0572913771238],[-59.548563016076244,-38.060698870696505],[-59.62256434757748,-38.04488130444888],[-59.62979282903009,-38.04085069756755],[-59.632089953487224,-38.029576593389066],[-59.661353835668976,-38.01572419210412],[-59.6770298463013,-38.00011445328018],[-59.40100152211957,-37.782515954791315],[-59.383349121261276,-37.758604092960766],[-59.37015498254393,-37.75778688625478],[-59.340729998713236,-37.73346922972618],[-59.29249952918634,-37.71032734814973],[-59.185495270066134,-37.61675188044576],[-59.16256201890376,-37.63155894965137],[-59.15305711050771,-37.65743574129949],[-59.17084113258448,-37.700552227562305],[-59.16608198610785,-37.7370383387541],[-59.1347460061668,-37.757279812690875],[-59.12933153720585,-37.77907112480185],[-59.11596973891139,-37.79007431021378],[-59.10895471402208,-37.82928594587222],[-59.113450608435116,-37.84284811575762],[-59.130259982457034,-37.84878994224297],[-59.13107934909645,-37.85952836335504],[-59.149897482696204,-37.86606014648455],[-59.16539938686571,-37.88064721249904],[-59.16898318744596,-37.93243702035035]]]}},{"type":"Feature","properties":{"partido":"Nueve de Julio","hechos":276,"nivel":"bajo"},"geometry":{"type":"Polygon","coordinates":[[[-61.53193351955306,-35.378533714920835],[-61.28802070840371,-35.57282418971665],[-61.272598739492345,-35.56007730662901],[-61.18746721764039,-35.627378266381356],[-61.19676549841019,-35.63546657813244],[-61.031898055103596,-35.765553666233004],[-61.101730577625865,-35.82475583709243],[-60.97103812012789,-35.925220151711486],[-60.44488153548866,-35.473320932593126],[-60.869083656846655,-35.14497049121559],[-60.98463111673029,-35.24660010423407],[-61.06251107373331,-35.18677947545532],[-61.15501897055592,-35.26417079392017],[-61.278178482853185,-35.16585101507964],[-61.53193351955306,-35.378533714920835]]]}},{"type":"Feature","properties":{"partido":"Olavarría","hechos":1495,"nivel":"bajo"},"geometry":{"type":"Polygon","coordinates":[[[-60.648341608255855,-36.3439402123057],[-60.56934845991246,-36.39757238744724],[-60.5629637997507,-36.39165309595032],[-60.532233563656185,-36.41252123940724],[-60.53811678217676,-36.417698437338345],[-60.4377875294302,-36.49826001672117],[-60.47717880756948,-36.53108211719724],[-60.3265040311899,-36.6525249477267],[-60.28547652524657,-36.619876086187546],[-60.099629053763344,-36.769858877601216],[-60.09272005650445,-36.764183096919204],[-60.00135740918584,-36.83548255619026],[-60.02119967599475,-36.852588624441076],[-60.007506799419765,-36.863523102494206],[-60.028060317140316,-36.88000559665198],[-60.01255972100951,-36.891029597868325],[-60.032893116568125,-36.90799662226615],[-60.023420777670204,-36.915576452354934],[-60.05995865078052,-36.95196641052663],[-60.06600353822837,-36.94759255817784],[-60.106737094650434,-36.98081306106633],[-60.09589979081493,-36.98914211183394],[-60.116130983208635,-37.00656971762445],[-60.10364726456659,-37.016072534579976],[-60.122854433914235,-37.03430932611932],[-60.11303734720758,-37.0416416797079],[-60.13315638737474,-37.058330506062504],[-60.12565394791397,-37.06416187101204],[-60.145208667798286,-37.081182845110064],[-60.1263823392734,-37.0968241485775],[-60.207603205842275,-37.17276809305468],[-60.20058404919204,-37.178043510370394],[-60.28228691220341,-37.245885104212626],[-60.277468204345936,-37.249489397776976],[-60.437153656389064,-37.3768185880582],[-60.62566821892529,-37.23219747298843],[-60.62251801465633,-37.22962829008154],[-60.731737567720344,-37.140233645195096],[-60.71595894612188,-37.12826756432114],[-60.81452657339214,-37.05123898059817],[-61.010799987137155,-37.20340442358464],[-61.422715100185684,-36.86500614806447],[-60.89615485183235,-36.451272566486786],[-60.87543975209844,-36.46782890585935],[-60.76280446548745,-36.378586073670455],[-60.728799017202576,-36.40269128428522],[-60.648341608255855,-36.3439402123057]]]}},{"type":"Feature","properties":{"partido":"Patagones","hechos":386,"nivel":"bajo"},"geometry":{"type":"MultiPolygon","coordinates":[[[[-62.15800718760696,-39.883575082088065],[-62.15908278087982,-39.89236774917472],[-62.14803064541579,-39.890610381066274],[-62.147827477311566,-39.88730463103183],[-62.15800718760696,-39.883575082088065]]],[[[-63.3798271645863,-40.708961697873576],[-63.382754465439675,-39.32942980500249],[-63.37403524812862,-39.327034768739914],[-63.32307699362686,-39.33572633918901],[-63.23932377349933,-39.36634594814359],[-63.219060594857915,-39.386661797653716],[-63.19892369152635,-39.38769054979152],[-63.1734539094242,-39.4130206712594],[-63.14762903843782,-39.394143124083016],[-63.13665510065112,-39.39372239055424],[-63.12154367643607,-39.40457172683056],[-63.11744772777699,-39.417001176947835],[-63.10184760945074,-39.424406274376324],[-63.10422058154631,-39.44307183384293],[-63.11311136105675,-39.451769480960145],[-63.107368754030844,-39.45669125014082],[-63.091729777611036,-39.45157860227396],[-63.090694445352554,-39.459002715485084],[-63.101333315548246,-39.462065380345194],[-63.099691281003956,-39.46815453602884],[-63.09235123436953,-39.4728585914448],[-63.08346266493807,-39.461808870315885],[-63.06602269065694,-39.46019233068829],[-63.072177475266585,-39.478056079283554],[-63.04681799729417,-39.4864841326296],[-63.03267753634226,-39.48096839209391],[-63.02831860000005,-39.49487295378938],[-63.016958353832415,-39.48569374695674],[-63.01338295758173,-39.5032756079994],[-62.97315771937416,-39.503728919576126],[-62.95882071006896,-39.51756603847178],[-62.92277515471691,-39.504059053302534],[-62.908677642156576,-39.50514084069322],[-62.883290169904825,-39.51156255059047],[-62.85802468364293,-39.53049501826392],[-62.84614443597172,-39.52895930703405],[-62.83967196163446,-39.518986676039944],[-62.80902943216978,-39.51134143745528],[-62.78137839734983,-39.50843748998515],[-62.77038167757065,-39.513385070750374],[-62.75441155634929,-39.506180760218484],[-62.73407306851985,-39.51149983890086],[-62.720242580584944,-39.52801468600855],[-62.69157044999201,-39.53479042615287],[-62.677188803130434,-39.52640707148769],[-62.64516672280962,-39.527948860569204],[-62.63943679823413,-39.53662052747305],[-62.626618233569474,-39.52986612208826],[-62.6207419567606,-39.53307328172858],[-62.624674444383885,-39.54200194133871],[-62.61683463936739,-39.548086809923625],[-62.60110336467859,-39.54988440435747],[-62.57011124681166,-39.57074351566128],[-62.537036647146586,-39.57516503010075],[-62.519525430265475,-39.5948796766309],[-62.490340113642326,-39.607506619302406],[-62.491401473949274,-39.619807727315816],[-62.4750511248378,-39.62824544670081],[-62.48053964965416,-39.64277298225681],[-62.47493427429956,-39.65307665879925],[-62.48656503443038,-39.665614677391474],[-62.47638555889091,-39.69367219982411],[-62.43102293600798,-39.72477127684959],[-62.40891132829032,-39.72501668328507],[-62.40355195431908,-39.7379209959256],[-62.392409069031416,-39.74393684355423],[-62.39757863231086,-39.75361537885012],[-62.37508596121585,-39.76401370749236],[-62.39390340289702,-39.771983655620744],[-62.389114996184354,-39.78079428453303],[-62.370785963968686,-39.77566165895949],[-62.33782512039438,-39.80227378389575],[-62.2996682768252,-39.797212817422796],[-62.26140908956429,-39.81527330624381],[-62.23354425049129,-39.816232593035174],[-62.230609651987734,-39.82736911653515],[-62.21501161327806,-39.83994601919325],[-62.16778760952831,-39.830035729590506],[-62.15336882668171,-39.8436920060183],[-62.147648401271276,-39.8663307521037],[-62.139561731448,-39.865268874429496],[-62.14151470828968,-39.8719186014018],[-62.15628554002839,-39.87081868167407],[-62.16153438562657,-39.86031095823477],[-62.17976940352518,-39.85352523781355],[-62.190613152187105,-39.86240985514738],[-62.22200121011268,-39.85665149667219],[-62.260325748445524,-39.85853335330156],[-62.26993891148076,-39.87219372788651],[-62.27224511937706,-39.86964143209714],[-62.26334462324595,-39.86035383433631],[-62.26398149216855,-39.85370856452684],[-62.27006428522014,-39.84939547923918],[-62.279477303138,-39.84867941066454],[-62.267619923037365,-39.85119445324075],[-62.264430613406574,-39.8598878645104],[-62.28567275874453,-39.8794066413411],[-62.300941359768075,-39.8751992602853],[-62.30147437400788,-39.863907908381975],[-62.32193424466106,-39.871113462863214],[-62.31328074474611,-39.88324348343384],[-62.31622958768095,-39.903192281549146],[-62.310911466544084,-39.90714655764655],[-62.327230315123956,-39.922375285475056],[-62.322228517048345,-39.92929897543937],[-62.32677430063804,-39.93490578790134],[-62.315178473981256,-39.939205860744906],[-62.32585303981292,-39.94235302716497],[-62.33558514429277,-39.96136726431063],[-62.32875331809541,-39.97481452275343],[-62.334098771951915,-39.98633409491453],[-62.3317297777737,-39.99671663641611],[-62.328711211578955,-39.99406490233308],[-62.33142019650205,-40.01082613868639],[-62.344410754380434,-40.0335843747399],[-62.340632334569186,-40.062159336776794],[-62.345105436635,-40.06841909913703],[-62.34903483573766,-40.06384588115452],[-62.35279297455952,-40.06510561901941],[-62.33856499937074,-40.102597788563365],[-62.34274649369706,-40.12354910384108],[-62.32763744854309,-40.15170703190915],[-62.330799841794594,-40.16745867090994],[-62.341254834242726,-40.17853837546689],[-62.337524937448144,-40.18539527245001],[-62.34453996564337,-40.197991558530695],[-62.3709437046359,-40.21136755878177],[-62.38872934842049,-40.228877777973956],[-62.437551676725455,-40.24490122922599],[-62.44767185026599,-40.25449154102679],[-62.451572088814906,-40.263495565758035],[-62.442512378560565,-40.25944248146547],[-62.45078962642511,-40.27048705776699],[-62.48501528294507,-40.30204960352692],[-62.48248519442709,-40.332960292519346],[-62.46010977541968,-40.36044710718876],[-62.45821778395153,-40.37214546849155],[-62.44861588754459,-40.38114385392743],[-62.44779143435701,-40.39773491834809],[-62.43260400394406,-40.42155508087625],[-62.419654249877766,-40.428942853453435],[-62.41807918805042,-40.45170519430514],[-62.41040841700621,-40.46195660127167],[-62.382627547484745,-40.476023303107404],[-62.37066014121799,-40.491523836800866],[-62.343947376877004,-40.49221485822784],[-62.319157581308026,-40.50496246023391],[-62.31442512463396,-40.51409512404209],[-62.33400777504188,-40.51540960097238],[-62.34768346486555,-40.50849731384584],[-62.3616959213827,-40.52043203571946],[-62.35360855369165,-40.52289626168275],[-62.35592508609527,-40.51728993362365],[-62.346262003445744,-40.51380023363139],[-62.33600865456629,-40.51861120509193],[-62.31870057862408,-40.51602280637678],[-62.321361113616874,-40.52598926021826],[-62.238845388500096,-40.54558088792352],[-62.1692488222765,-40.587428636199036],[-62.17384499941511,-40.63504910532343],[-62.2119003516276,-40.66528856495644],[-62.23316810956951,-40.69083457447493],[-62.23457741399162,-40.709821904256316],[-62.25685601269177,-40.74314046465619],[-62.31037759716769,-40.87220544414291],[-62.39652895485667,-40.914558883524826],[-62.526594680011506,-40.950761991491746],[-62.66011376235657,-41.00661403580028],[-62.69971187283711,-41.02968819375045],[-62.756208304043476,-41.03613952433946],[-62.788266243713416,-41.02487210742868],[-62.80355223491289,-40.97893021416009],[-62.84243431744828,-40.94579767107937],[-62.851586292828166,-40.92382766095135],[-62.87989254237293,-40.89351383311896],[-62.91593696430031,-40.869006407832636],[-62.9247933198099,-40.8515134139254],[-62.94154793168953,-40.84201177005312],[-62.956803065434094,-40.81841367606892],[-62.978837067975675,-40.815967980435715],[-62.997869097855485,-40.79814331720214],[-63.03009411502484,-40.79411588312826],[-63.049231420775726,-40.771782948763885],[-63.09470327176398,-40.76332121425565],[-63.11270950044955,-40.747746867761165],[-63.13757554024914,-40.74247552086682],[-63.19097931404813,-40.71718164496855],[-63.2044413133008,-40.723541657658956],[-63.27027937545614,-40.723020443209016],[-63.285060896426806,-40.73000753932901],[-63.29631634452822,-40.72460952734712],[-63.29866078553238,-40.71240216042541],[-63.32916542269662,-40.70990975553027],[-63.356011209368795,-40.700519594765545],[-63.36615671103681,-40.6899065326528],[-63.37130985735989,-40.69350699855261],[-63.36823553802874,-40.70417075488225],[-63.3798271645863,-40.708961697873576]]],[[[-62.14618022540085,-40.39556789875257],[-62.14553865013396,-40.41872157748277],[-62.16361107745618,-40.42679385945289],[-62.16204102330364,-40.43025116737319],[-62.166490371016415,-40.4354387043927],[-62.199908324832634,-40.43541323872665],[-62.190351766045005,-40.38830452816013],[-62.17170685973485,-40.36120432322549],[-62.16162539274929,-40.37144698120882],[-62.170284456118914,-40.3794556538713],[-62.16490724618203,-40.38449548985483],[-62.15290492579978,-40.37430200342663],[-62.14499838620545,-40.38301324741171],[-62.16230059329049,-40.40027468622325],[-62.1540911952043,-40.40229813499312],[-62.1602295035749,-40.40462370627926],[-62.1536735148673,-40.40424081468106],[-62.14618022540085,-40.39556789875257]]],[[[-62.25942465519333,-39.860824178201334],[-62.22623005411395,-39.861925043319964],[-62.22512027254219,-39.87486409915168],[-62.240079516486944,-39.877755012675415],[-62.25966509044343,-39.868345994660295],[-62.25942465519333,-39.860824178201334]]],[[[-62.21376277083202,-39.863754982317],[-62.20303047642917,-39.86962584523652],[-62.20397210733711,-39.87915642777346],[-62.222429934049494,-39.882794057833706],[-62.22128601081967,-39.867655949065934],[-62.21376277083202,-39.863754982317]]],[[[-62.11184750355102,-39.857300289706856],[-62.11176412655257,-39.870561313880955],[-62.127743539142564,-39.884732257138516],[-62.1281200279741,-39.87577392901274],[-62.11184750355102,-39.857300289706856]]],[[[-62.14298653872677,-39.94442166611167],[-62.13896088001897,-39.943536268394666],[-62.14285854604467,-39.945298794826115],[-62.14298653872677,-39.94442166611167]]],[[[-62.149101029175895,-39.94032815159714],[-62.145586680071546,-39.93998281481137],[-62.14613287585976,-39.9454580181241],[-62.149101029175895,-39.94032815159714]]],[[[-62.17086290241996,-39.92751272121626],[-62.162849989372276,-39.92750017145163],[-62.16793687664945,-39.932467649970114],[-62.17086290241996,-39.92751272121626]]],[[[-62.20592943491133,-40.490260929074864],[-62.187700249708875,-40.491643638439726],[-62.18226654301759,-40.50000055897816],[-62.19812900916812,-40.51250462888921],[-62.195822405765156,-40.51620552967187],[-62.213805939054296,-40.52294369725147],[-62.22915027586934,-40.50926229330607],[-62.219182423807176,-40.51241476912755],[-62.22715404752072,-40.50278094372773],[-62.22391480549657,-40.497327563310705],[-62.20592943491133,-40.490260929074864]]],[[[-62.36368034313966,-40.22874273598929],[-62.35849203901961,-40.25248025796372],[-62.371138742188045,-40.25632531480107],[-62.37364187002162,-40.2375776996461],[-62.36368034313966,-40.22874273598929]]]]}},{"type":"Feature","properties":{"partido":"Pehuajó","hechos":380,"nivel":"bajo"},"geometry":{"type":"Polygon","coordinates":[[[-61.907218886624456,-35.485887231441254],[-61.988143856565245,-35.552204806248746],[-62.050169018278346,-35.50122670965536],[-62.12998829243177,-35.56536996419415],[-62.09828644551694,-35.59160578036571],[-62.43108584333531,-35.85883901534488],[-62.08243716802167,-36.15230060247955],[-62.205701701467824,-36.24939742684998],[-62.1789487466235,-36.27188182460075],[-62.145253157711785,-36.245716323405496],[-62.04897504774449,-36.326463411393945],[-62.015919600541245,-36.30089167776755],[-61.97540097905441,-36.33388207646758],[-61.950467341307046,-36.31080283732886],[-61.94528376485656,-36.31517470052564],[-61.94010248107969,-36.31116446875529],[-61.945532555643084,-36.306675735626584],[-61.922134462834734,-36.288679167409555],[-61.945709938856176,-36.2688098896677],[-61.77351046510398,-36.138811362968944],[-61.74339295268208,-36.16233239277067],[-61.703573262911426,-36.12951862010978],[-61.69003711303515,-36.14056300372446],[-61.6173303915688,-36.09183836782121],[-61.59767943905037,-36.1075366235799],[-61.492440965715836,-36.019352414527916],[-61.450994609767136,-36.05196788117069],[-61.43613564606431,-36.0392371140235],[-61.56004599940651,-35.942755947907386],[-61.54368335217564,-35.92898913455446],[-61.636116527238606,-35.85274438756852],[-61.50276704796181,-35.745416463793894],[-61.60118729891484,-35.66450346017444],[-61.57437299123316,-35.64307937880667],[-61.648854363508526,-35.583855227363905],[-61.65911329108788,-35.592432630825016],[-61.72473900639185,-35.53738373575565],[-61.784081246882366,-35.58610728158368],[-61.907218886624456,-35.485887231441254]]]}},{"type":"Feature","properties":{"partido":"Pellegrini","hechos":27,"nivel":"bajo"},"geometry":{"type":"Polygon","coordinates":[[[-63.385281820830194,-35.88376471450924],[-62.9391027853335,-36.24832433070001],[-62.978900905104446,-36.28013785280151],[-62.959266855875626,-36.296074860922516],[-63.039950063016704,-36.35907531092716],[-63.02839866731183,-36.368804730382536],[-63.0679761081832,-36.399477611890596],[-63.04863677949122,-36.41541414297743],[-63.28275504134993,-36.607553947109025],[-63.385108790673534,-36.5251402081932],[-63.385281820830194,-35.88376471450924]]]}},{"type":"Feature","properties":{"partido":"Pergamino","hechos":1713,"nivel":"bajo"},"geometry":{"type":"Polygon","coordinates":[[[-60.8187999435982,-33.54092378412589],[-60.86591962188799,-33.54898131825087],[-60.90974329179455,-33.58138315155241],[-60.87186791366266,-33.613783772265485],[-60.84244581649429,-33.65096362624068],[-60.810808573768625,-33.67480062303861],[-60.90103088844086,-33.74935897137299],[-60.8612936982396,-33.780965335872274],[-60.942795820914775,-33.85685976965138],[-60.80199621729712,-33.956343809948514],[-60.79738483423144,-33.952371628676936],[-60.705401410145754,-34.02512191952546],[-60.715400712667616,-34.035736746557326],[-60.674744407606504,-34.06433094121945],[-60.65729638618657,-34.09158454928773],[-60.63705347827049,-34.09651391778456],[-60.62447361514702,-34.11215266133613],[-60.57842325144923,-34.116370081506474],[-60.541327713990704,-34.13731618060761],[-60.51550292530496,-34.14377990069504],[-60.5021584836812,-34.15552409940132],[-60.49645733486309,-34.176522808281945],[-60.31239964292741,-34.00145404098789],[-60.298314058705024,-33.99885789895992],[-60.270395342348536,-34.01009216818135],[-60.23602361501549,-34.01102857071717],[-60.23091711280744,-33.87010887771344],[-60.19603809590948,-33.824905719755506],[-60.138300292132605,-33.71219983286308],[-60.14089531499371,-33.6939399413611],[-60.159011655213796,-33.69068959479339],[-60.175145938335625,-33.67370101524523],[-60.172239461884864,-33.66192372432381],[-60.242538521854044,-33.64884054077918],[-60.23939400811249,-33.6645070885271],[-60.312989180033796,-33.65109939492976],[-60.32743178584576,-33.671835272166646],[-60.325816292756336,-33.68344494806367],[-60.38754501712916,-33.63658674768199],[-60.39342555576229,-33.64201387672239],[-60.456637606996004,-33.59802210984684],[-60.456825405551605,-33.62870432688209],[-60.46296924827226,-33.63521581575171],[-60.52265194332381,-33.64905867387018],[-60.555813706166326,-33.64675487681147],[-60.58592275073928,-33.63172009523441],[-60.61890283217647,-33.62881056596606],[-60.664594829342704,-33.592460475107],[-60.683018847458236,-33.585516895078506],[-60.74663544006857,-33.5883881797331],[-60.78123479887089,-33.579388695352804],[-60.8187999435982,-33.54092378412589]]]}},{"type":"Feature","properties":{"partido":"Pila","hechos":16,"nivel":"bajo"},"geometry":{"type":"Polygon","coordinates":[[[-58.24996781961015,-35.818795378834466],[-58.2334680172599,-35.82744760453062],[-58.2243190437964,-35.82581075730377],[-58.22297153990306,-35.81946414327541],[-58.20431888359245,-35.82571457219337],[-58.203724818887714,-35.83916750201101],[-58.18463918186818,-35.86390029438355],[-58.158289362050716,-35.87022129337639],[-58.14908953535355,-35.86591603025424],[-58.14288107729253,-35.87941648723962],[-58.14877813223512,-35.88560647930961],[-58.13602723209651,-35.89663340454449],[-58.13719918340379,-35.90606284859458],[-58.12427042020785,-35.917307960220505],[-58.10371034653859,-35.922045333868425],[-58.11120110454039,-35.93342906982736],[-58.09067416123689,-35.93923153260125],[-58.0920901715833,-35.94985208213552],[-58.069491523908525,-35.95317836298452],[-58.04020236538846,-35.945281879994766],[-58.02451057299989,-35.95052767943398],[-58.01661027683779,-35.944955310773075],[-58.00860925858384,-35.959542763044595],[-58.033628696328925,-36.00213306621214],[-58.02786831974747,-36.0265651979059],[-58.011657191179395,-36.042609657083304],[-57.966217784012734,-36.065041946625584],[-58.04061962331962,-36.126704844242965],[-58.05219395881353,-36.11868740800783],[-58.09321861581217,-36.1548133624201],[-57.95913337070565,-36.25333181138829],[-58.188825887380446,-36.45276690670875],[-58.10146324170424,-36.52129391527237],[-58.21243374546446,-36.61586409082546],[-58.5784689322542,-36.34778262872378],[-58.5969189174455,-36.36412633938999],[-58.78151372811447,-36.226881050581014],[-58.76309211040314,-36.20830791800974],[-58.81893782551779,-36.1662794191009],[-58.814398630753274,-36.1619526490054],[-58.841074866697205,-36.13971102082611],[-58.827402026603956,-36.11035791001185],[-58.80566541129522,-36.10324859677672],[-58.70753043602592,-36.01727993659268],[-58.57185432892635,-36.120966042993516],[-58.32890870767285,-35.899749142324424],[-58.28247772852848,-35.860681418823866],[-58.271798746629756,-35.85863443762009],[-58.27521109790585,-35.84646267566135],[-58.26666541150357,-35.827203151815716],[-58.24996781961015,-35.818795378834466]]]}},{"type":"Feature","properties":{"partido":"Pilar","hechos":3108,"nivel":"medio"},"geometry":{"type":"Polygon","coordinates":[[[-58.91731592506629,-34.38027769799525],[-58.9187591678144,-34.41362593286486],[-58.9239098349448,-34.417077433075455],[-58.98016617449237,-34.35065568997891],[-58.99313528317515,-34.35808967466029],[-58.98392028588537,-34.36901660344759],[-58.99298080055042,-34.37928570978149],[-59.02857727717247,-34.397712788376225],[-59.025132392558774,-34.4019703995732],[-59.056342906847895,-34.428472039531925],[-59.01034947874841,-34.488454521340216],[-59.000682850683425,-34.483419804128815],[-58.96189048409297,-34.53374110695246],[-58.928420465451985,-34.51620366799458],[-58.8850661612009,-34.57705096898137],[-58.847500883674236,-34.54917089555731],[-58.818938812271355,-34.50197913853966],[-58.811009436646664,-34.48598397321047],[-58.82168654721931,-34.451955519413296],[-58.78468855996035,-34.47615652401457],[-58.77018788482047,-34.46483606325557],[-58.756206740209315,-34.462411644517445],[-58.75201604933347,-34.46776272720051],[-58.73736447133918,-34.45641263467337],[-58.778101288532405,-34.40403653267627],[-58.788851443611826,-34.39937657791276],[-58.798174015917965,-34.410272334611584],[-58.816988919684896,-34.41540390689881],[-58.90234798173449,-34.308542842785336],[-58.9147074761457,-34.32046093405651],[-58.911740939365295,-34.32609735429483],[-58.91691608730114,-34.325926894584185],[-58.91353776878462,-34.3447518425233],[-58.917943894942766,-34.3523444140657],[-58.90773869588662,-34.359948562721826],[-58.921290911897074,-34.371580501125116],[-58.91731592506629,-34.38027769799525]]]}},{"type":"Feature","properties":{"partido":"Puan","hechos":80,"nivel":"bajo"},"geometry":{"type":"Polygon","coordinates":[[[-62.62989327262597,-37.5101525951171],[-62.581436034360735,-37.54921468228899],[-62.73547979983813,-37.671832535745594],[-62.730767206303355,-37.690496063743716],[-62.89556553888572,-37.81915918325249],[-62.7347834369523,-37.947915094559946],[-62.81646814157075,-38.00927295932326],[-62.65550813060108,-38.13870616026673],[-62.73674064428346,-38.202071814267164],[-62.655786174224666,-38.26659998120995],[-63.38435628722774,-38.829025231672674],[-63.38567106783965,-37.80878203102538],[-63.377336849049215,-37.81512639431317],[-62.813196067181195,-37.373926007291466],[-62.64215148174493,-37.519813263863725],[-62.62989327262597,-37.5101525951171]]]}},{"type":"Feature","properties":{"partido":"Quilmes","hechos":8762,"nivel":"alto"},"geometry":{"type":"Polygon","coordinates":[[[-58.27772933374052,-34.67889752322778],[-58.21767848180074,-34.70664406911987],[-58.192828647276585,-34.734712623002984],[-58.26746126940713,-34.77364567362676],[-58.27161863920142,-34.7688211448685],[-58.29845444359016,-34.78343879226472],[-58.30411403993014,-34.80116548764137],[-58.34696233714855,-34.73934387561414],[-58.27772933374052,-34.67889752322778]]]}},{"type":"Feature","properties":{"partido":"Ramallo","hechos":304,"nivel":"bajo"},"geometry":{"type":"Polygon","coordinates":[[[-60.20027056624529,-33.538999599200814],[-60.18013042406857,-33.51305077973283],[-60.17212591457451,-33.510935733779796],[-60.16021416336949,-33.478609739140516],[-60.160215882136264,-33.473581206704885],[-60.1751623840359,-33.46770441766048],[-60.1755307610831,-33.4606770342949],[-60.186900775742,-33.45922415289445],[-60.19446914857663,-33.4447843278982],[-60.185131975844996,-33.42707951025326],[-60.18984470292535,-33.408780432928616],[-60.17165447671098,-33.3876437114563],[-60.16779929750672,-33.3564935410974],[-60.15790285903608,-33.35531430289415],[-60.132807038844575,-33.364705240433665],[-60.09371704881908,-33.400825578292505],[-60.09466073197402,-33.413407024349915],[-60.089316051712025,-33.41818107830168],[-59.99926044524533,-33.47009093489949],[-59.97491244812156,-33.492691689386135],[-59.90888714112942,-33.50918929621441],[-59.900712413872775,-33.52668192393892],[-59.83984337591138,-33.56757020575928],[-59.83137664025875,-33.579813041932624],[-60.04114420882859,-33.76881862854302],[-60.05172161232846,-33.76128008514709],[-60.07270913534758,-33.77885596970767],[-60.01675291195275,-33.826421653829826],[-60.046377273478285,-33.827512437712954],[-60.08266732000621,-33.80932571293869],[-60.107406526427866,-33.816942759703515],[-60.15630135708734,-33.74549542634248],[-60.13877065275545,-33.711128147013234],[-60.14124198748325,-33.69309413853654],[-60.159765164976754,-33.68995654365276],[-60.17604710300963,-33.67270096731758],[-60.17302940111189,-33.661365354979864],[-60.24363575772945,-33.64839462598997],[-60.24023984418535,-33.66353156354877],[-60.31313949695366,-33.65081240290592],[-60.28091943994874,-33.62046002924861],[-60.2444387377666,-33.61568635095538],[-60.23060467817598,-33.58630892140644],[-60.215187538853314,-33.5785811236285],[-60.20027056624529,-33.538999599200814]]]}},{"type":"Feature","properties":{"partido":"Rauch","hechos":102,"nivel":"bajo"},"geometry":{"type":"Polygon","coordinates":[[[-59.16982920119206,-36.29616184156134],[-59.10612131364305,-36.27534427544896],[-59.09873793670229,-36.266547613840395],[-59.10307879603866,-36.24700251098716],[-59.094155421307285,-36.23936550237424],[-59.080970774020955,-36.23928873335924],[-59.07067306336534,-36.2214324789733],[-59.023099394972036,-36.21479045968047],[-58.914963362973786,-36.17162299075224],[-58.88072932912,-36.15061824871352],[-58.850886795921184,-36.149992513872206],[-58.84148272594373,-36.14143266068738],[-58.815024280785565,-36.16153989810735],[-58.81956348880083,-36.165866554865964],[-58.76371839781774,-36.20789545070831],[-58.78213996274088,-36.22646839784587],[-58.597547324584156,-36.3637147982396],[-58.57909729899541,-36.34737118279371],[-58.43724018188856,-36.452101474572494],[-58.72095402069393,-36.70022668926806],[-58.66685246790971,-36.742926056346036],[-58.68512321044539,-36.74004325572191],[-58.71995552758844,-36.75257705680091],[-58.734034055928916,-36.76816458247148],[-58.790869236313874,-36.78911302532008],[-58.79517534869268,-36.80599719934521],[-58.83701194902559,-36.836248890127386],[-58.8504894502724,-36.83098895803292],[-58.866825406190536,-36.83837101046469],[-58.875448003380946,-36.84742291539697],[-58.87309405159718,-36.86075651361649],[-58.881049860571586,-36.85865112945819],[-58.91123334882011,-36.87640069771073],[-58.911653590395545,-36.8967728689658],[-58.91749807924808,-36.90891838117052],[-58.93113476373829,-36.91231141995625],[-58.93687741632778,-36.93604580186009],[-59.0026899358008,-36.9446320221175],[-59.02151866295303,-36.96007709181712],[-59.04074601466797,-37.026078090162315],[-59.06029695289531,-37.03772284403941],[-59.061592445138665,-37.044333235627136],[-59.078233243819895,-37.04773655493674],[-59.09018921520798,-37.06282751419514],[-59.220128700859945,-36.96351850192025],[-59.21132668962178,-36.95603540929818],[-59.35993933747026,-36.844724520756955],[-59.349286560740126,-36.82985473883716],[-59.3535310012924,-36.82498946651298],[-59.348305839200215,-36.81662583140631],[-59.28152589671321,-36.764637509327564],[-59.28040152475536,-36.74315463012948],[-59.26375134569935,-36.713565018128556],[-59.255949678877705,-36.64646344936859],[-59.24591966889496,-36.64282322524161],[-59.23983301967685,-36.62609237701721],[-59.227184344048595,-36.61645917285355],[-59.227083995083994,-36.604113209101946],[-59.21982987619109,-36.597510301012555],[-59.22707104189574,-36.59140733886293],[-59.22235098442456,-36.5737388931708],[-59.195568896834196,-36.590900071252996],[-59.1384200762404,-36.54287636357395],[-59.202806754580955,-36.493229931836275],[-59.19089983432399,-36.48308745048032],[-59.249995629576965,-36.437525055447026],[-59.22971314480965,-36.420850077725206],[-59.289709530718035,-36.37429946331148],[-59.24094710440744,-36.34419132467959],[-59.218736885711756,-36.32139396043665],[-59.19162077913365,-36.3133059777135],[-59.16982920119206,-36.29616184156134]]]}},{"type":"Feature","properties":{"partido":"Rivadavia","hechos":99,"nivel":"bajo"},"geometry":{"type":"Polygon","coordinates":[[[-63.13905074467031,-35.12840304602416],[-63.09038527557098,-35.16825441351333],[-63.115418294962126,-35.18887243959713],[-62.96459720285765,-35.31191095414148],[-62.899548378938206,-35.25929581117333],[-62.86416216497034,-35.288502913131055],[-62.893182162441875,-35.31131878379273],[-62.846559165519864,-35.35045212273713],[-62.8731153075382,-35.37160777786099],[-62.80382400980199,-35.4295084650355],[-62.77768884539802,-35.40869498141997],[-62.685037770054,-35.48544831982095],[-62.69389044556209,-35.492639932264396],[-62.62381117949832,-35.55074284810759],[-62.93245365760564,-35.79830625251348],[-62.923412676612166,-35.805339234873195],[-63.20371872719279,-36.033058609886574],[-63.38527100151578,-35.88374718482693],[-63.38628573360003,-35.370230907348585],[-63.32946509498831,-35.32317265406888],[-63.34715885056095,-35.30005832724579],[-63.310008079003055,-35.267824908383574],[-63.28513431319468,-35.28850819995427],[-63.21116325650833,-35.228986750083045],[-63.23551914165247,-35.20857584287894],[-63.13905074467031,-35.12840304602416]]]}},{"type":"Feature","properties":{"partido":"Rojas","hechos":195,"nivel":"bajo"},"geometry":{"type":"Polygon","coordinates":[[[-61.122073656517074,-34.071940682457246],[-60.91725028608179,-34.241586554408535],[-60.958290733115746,-34.27669480185782],[-61.013842775266546,-34.23162001128629],[-61.05908659720553,-34.26900861104029],[-60.96649804062027,-34.34587703769802],[-60.95224350082678,-34.333841535218625],[-60.922983567040205,-34.336138898793514],[-60.90267521045296,-34.32607786925691],[-60.75326095195229,-34.439446160321964],[-60.758895615092975,-34.44453310682975],[-60.67720498431266,-34.50935481080153],[-60.55984565438758,-34.40643579826054],[-60.57826812625208,-34.392172546998516],[-60.53937608405688,-34.34970281178625],[-60.53587696918781,-34.33202031304571],[-60.54916643778774,-34.275661122724436],[-60.5359576171649,-34.255809746040015],[-60.490569614885935,-34.23116545590424],[-60.48996791851134,-34.219644076317465],[-60.46987623739487,-34.1998802882471],[-60.48865891743188,-34.187018362674756],[-60.50284450312015,-34.1550537755093],[-60.51540792673334,-34.14374108444198],[-60.54201325973013,-34.13684573051051],[-60.57910852968712,-34.115899425997135],[-60.625158599933,-34.11168166156946],[-60.63773826827169,-34.09604293903101],[-60.65598628136488,-34.09267082195855],[-60.675428729391164,-34.06385975550692],[-60.71608457782073,-34.03526524791667],[-60.70396814691176,-34.026398365640894],[-60.79806757892507,-33.95189968353136],[-60.807925473287426,-33.95234193253071],[-60.900655417945686,-33.88242685137765],[-61.01191217991394,-33.98225001159708],[-61.05152656482884,-34.030172966323654],[-61.122073656517074,-34.071940682457246]]]}},{"type":"Feature","properties":{"partido":"Roque Pérez","hechos":57,"nivel":"bajo"},"geometry":{"type":"Polygon","coordinates":[[[-59.48098382642632,-35.286893616348564],[-59.50571462712928,-35.28893587039833],[-59.585762809646994,-35.359959942143824],[-59.64311258468706,-35.31614244887887],[-59.713547515419705,-35.378337665923546],[-59.75612538582456,-35.346307096577405],[-59.82609058838212,-35.406916711325366],[-59.76932037181947,-35.4506059986971],[-59.77565407257862,-35.47803692595724],[-59.64772209353632,-35.46924144073449],[-59.628901851617265,-35.46310401029331],[-59.62052188326852,-35.4513800499839],[-59.59934772184698,-35.46235707545811],[-59.58979096786744,-35.45649793429164],[-59.55164906886637,-35.4617553513476],[-59.5244767725012,-35.456402076570306],[-59.496304407545125,-35.49276266205379],[-59.471367190414355,-35.493101768639654],[-59.43744785832035,-35.51350610493481],[-59.41060364228982,-35.520597001764074],[-59.39648729239313,-35.531042172797825],[-59.37843327044809,-35.531557586249676],[-59.37761082191925,-35.536443364224986],[-59.35031954860338,-35.52900560085727],[-59.41326243671285,-35.58569133882417],[-59.33080235389256,-35.646304025424094],[-59.32663016134746,-35.64271328609671],[-59.181480279902914,-35.75535592323921],[-59.17443863623893,-35.71161558683267],[-59.166389052597246,-35.706190469671114],[-59.155637472272154,-35.71165809423639],[-59.131081476634726,-35.69817777338369],[-59.14903283146623,-35.63543298921139],[-59.14301371035645,-35.62562060327916],[-59.09013390145733,-35.618357963545705],[-59.08091267450039,-35.6143079427535],[-59.080200174289246,-35.60679361249503],[-59.06018296679818,-35.60466999592085],[-59.039228515291214,-35.613530589368104],[-59.03152357965405,-35.60559314167185],[-59.02682541013713,-35.57543919727778],[-59.03444350400109,-35.568231920263],[-59.036481956400806,-35.55181180293012],[-59.048332659155946,-35.55291740841017],[-59.05041616376352,-35.54162895428686],[-59.04736818651583,-35.52838717238508],[-59.011808942632065,-35.5113036911793],[-59.01715203445597,-35.49971544375347],[-59.00790691091922,-35.479910969634396],[-59.018272919661854,-35.47630279922478],[-59.01798076995176,-35.46886017300047],[-59.0295989963891,-35.47269144819533],[-59.03401089883074,-35.460270096851225],[-59.08473651768236,-35.447067822654354],[-59.095614562874,-35.433611307632596],[-59.10723355474377,-35.43123331036128],[-59.10540472591986,-35.426749229683686],[-59.12830155340544,-35.43635278101044],[-59.1545685807719,-35.41928568326095],[-59.16460228026717,-35.42057225003859],[-59.16789527660848,-35.405498370985505],[-59.1771667543648,-35.403105866683305],[-59.18316584556073,-35.408599405278245],[-59.18530425128288,-35.401223246679926],[-59.23535467227438,-35.3875352686567],[-59.26285969268419,-35.39068195850055],[-59.29779130293909,-35.36376078149065],[-59.323175453014265,-35.37427065263799],[-59.318038078793045,-35.36428556724847],[-59.32208564200344,-35.359154748516765],[-59.342914370103244,-35.35563237093312],[-59.349638099184034,-35.3437714208485],[-59.36080574652453,-35.350455641818876],[-59.36780843386278,-35.33769381454417],[-59.380720690686324,-35.33304199217713],[-59.37915165354643,-35.313527267988064],[-59.39337754957694,-35.29094835978397],[-59.41586543960369,-35.30078289251162],[-59.42804947756764,-35.29799862159335],[-59.44241979370502,-35.30771475967936],[-59.46427157102809,-35.29850357032088],[-59.46915723542391,-35.30696404244132],[-59.48098382642632,-35.286893616348564]]]}},{"type":"Feature","properties":{"partido":"Saavedra","hechos":91,"nivel":"bajo"},"geometry":{"type":"Polygon","coordinates":[[[-62.28327640240473,-37.45362201546555],[-62.23350662090512,-37.53900987606048],[-62.25003929230226,-37.54499556600862],[-62.218612085632124,-37.56073443482611],[-62.22738643888188,-37.57239979054179],[-62.21109781005117,-37.57781488401938],[-62.22061076926128,-37.59082060840327],[-62.19172211771008,-37.59587386024832],[-62.12482394291386,-37.63353331341617],[-62.131145664224164,-37.65688688719779],[-62.102003583871685,-37.68994573239912],[-62.10544302782254,-37.69590264830142],[-62.08464161180408,-37.70647267598659],[-62.1005161336723,-37.71830721081016],[-62.100382507831625,-37.725540013171525],[-62.04559909733533,-37.75172610975663],[-62.099424551557775,-37.93500202825367],[-62.12343671735952,-37.94745276258785],[-62.12578595965943,-37.95418143033075],[-62.157986330396376,-37.96655616476266],[-62.16204475050968,-37.982441115688545],[-62.17136205540678,-37.98388106926167],[-62.17038892735252,-37.99448240139097],[-62.20021158636657,-38.011827063804105],[-62.20938952461873,-38.025995506241415],[-62.24455428890235,-38.04192045572382],[-62.27612197731458,-38.0856436913741],[-62.30960182711899,-38.09346772322317],[-62.331767190073144,-38.107609855971305],[-62.33557173203968,-38.12455790432965],[-62.346866999283314,-38.13589794617608],[-62.44228279863308,-38.055847716325474],[-62.46313580278684,-38.07199898856452],[-62.48968346096198,-38.00818374304664],[-62.575451783374746,-38.07528802212417],[-62.89556231456449,-37.81916673813733],[-62.73076396638824,-37.690503524700766],[-62.735476564407016,-37.67184008679822],[-62.58143278455872,-37.549222139627965],[-62.62989002919885,-37.51016005358952],[-62.42536203924263,-37.34868051135733],[-62.408179179852844,-37.38289628060453],[-62.39774465353961,-37.378498053366336],[-62.3839113006329,-37.39306194054677],[-62.39843640251104,-37.39942713396773],[-62.39084745472292,-37.41258955740912],[-62.373165977154315,-37.404070171773675],[-62.32199639181779,-37.467865465068286],[-62.28327640240473,-37.45362201546555]]]}},{"type":"Feature","properties":{"partido":"Saladillo","hechos":195,"nivel":"bajo"},"geometry":{"type":"Polygon","coordinates":[[[-59.691908632409486,-35.82758620907567],[-59.75158855945255,-35.834969841323726],[-59.773637246768665,-35.84759257501783],[-59.79201748874537,-35.84103374094472],[-59.814611636324486,-35.85427510041155],[-59.834754097615864,-35.84970511539087],[-59.85586799192498,-35.87120611217824],[-59.87166812809447,-35.87709370379194],[-59.870480023341564,-35.899673064452415],[-59.88559638710911,-35.9125857164084],[-60.05607980640223,-35.78052946492645],[-60.11795697119668,-35.83367529553201],[-60.21859987952961,-35.75234798977416],[-60.116733203998436,-35.6644423201438],[-60.05924757256071,-35.709463549395885],[-60.04653722081282,-35.69803506843201],[-60.03234241344239,-35.6956397926186],[-60.02765861608949,-35.68587324486158],[-60.03735169579568,-35.67820811229553],[-60.01146942345024,-35.657764854568455],[-60.033209753296894,-35.657031501772465],[-60.029875110159196,-35.6386379247206],[-60.03996902855845,-35.62419544519087],[-60.031024047269334,-35.62443602126907],[-60.01625477589246,-35.60549539087675],[-60.00801788327737,-35.58117018070537],[-60.027879476444376,-35.55427823792126],[-60.01139906499567,-35.5456215788045],[-60.00489405116176,-35.52891636140386],[-59.99497357662188,-35.529956821855215],[-59.92983038650023,-35.48823275544671],[-59.88838180010226,-35.481018179552365],[-59.82270113496342,-35.49649336103979],[-59.780238012503496,-35.47681308890965],[-59.74809362231845,-35.47976894128398],[-59.71962752476319,-35.473796915044375],[-59.69684336417766,-35.47665252149461],[-59.68716991312121,-35.46952507342348],[-59.647072355007765,-35.46967820913501],[-59.62825206190366,-35.46354067751245],[-59.619872253691874,-35.45181667359286],[-59.59975711991296,-35.46270832110867],[-59.589211353658975,-35.45685946070309],[-59.55099898708828,-35.46219160033705],[-59.52382647894851,-35.45683817837691],[-59.49552147701182,-35.49308367842951],[-59.47071642577771,-35.49353757718671],[-59.43679674680127,-35.51394172589052],[-59.40995232998981,-35.521032475377964],[-59.39583570945107,-35.53147756730089],[-59.37778158722335,-35.53199288214786],[-59.37695909440096,-35.536878654880624],[-59.34966784701294,-35.529440744240326],[-59.412610496447876,-35.586126816664816],[-59.330149476394716,-35.6467390427896],[-59.3259774015408,-35.643148281793295],[-59.18080510926387,-35.75580393024319],[-59.18343672678329,-35.76353680459764],[-59.22579850599655,-35.77966735515357],[-59.240943998494224,-35.79317184759792],[-59.30293143736344,-35.79603724667302],[-59.3185557156217,-35.809645824258304],[-59.32910601811106,-35.80253397383242],[-59.33852120038778,-35.80750144030382],[-59.34689619945822,-35.80351821778131],[-59.37934549084508,-35.81738787781707],[-59.38969029897864,-35.806892214976465],[-59.416425313993614,-35.802200224240536],[-59.458784026090015,-35.81420086922422],[-59.47843150872585,-35.81105430694367],[-59.48027386069538,-35.82017031630381],[-59.50348372639059,-35.817515470951165],[-59.52639229839387,-35.831368926093006],[-59.531547652123535,-35.828001602835805],[-59.56889058791987,-35.854132395807866],[-59.6171971092253,-35.85315231978525],[-59.647116290884625,-35.861636711780356],[-59.67470036976677,-35.84368647113975],[-59.675431630636965,-35.833895247784895],[-59.691908632409486,-35.82758620907567]]]}},{"type":"Feature","properties":{"partido":"San Andrés de Giles","hechos":98,"nivel":"bajo"},"geometry":{"type":"Polygon","coordinates":[[[-59.47286207177737,-34.576740498094814],[-59.21769559622201,-34.446536305983635],[-59.23932266141191,-34.4137039008992],[-59.206077487260664,-34.389941238612025],[-59.19260073433546,-34.370540543979516],[-59.27459319197325,-34.30492684394712],[-59.278257958439106,-34.30818473203531],[-59.31083759645101,-34.28892310856054],[-59.29867694668033,-34.264289615495606],[-59.374806035225944,-34.23869629487515],[-59.3961769488811,-34.262907246329],[-59.414825415354784,-34.26827979798911],[-59.40930099609708,-34.277505930997805],[-59.42134442291086,-34.28360776801778],[-59.415481074942974,-34.29113274009206],[-59.427881435839076,-34.29748876973243],[-59.42407718976564,-34.30232824848035],[-59.43204353984074,-34.306337318773295],[-59.43814575308952,-34.298573144967676],[-59.490729277887034,-34.31891802712923],[-59.54266723460358,-34.35054818087831],[-59.60659880106123,-34.40613963470206],[-59.61884525007786,-34.39663711776738],[-59.64458257156387,-34.417528965957835],[-59.67052506569033,-34.3979227762891],[-59.767600486578935,-34.452816794393144],[-59.735096270190574,-34.47782153317374],[-59.76839391103843,-34.507298541684996],[-59.632430307876305,-34.615016566930755],[-59.56882381452527,-34.56058735684739],[-59.52366450203053,-34.5968941796326],[-59.482796009363234,-34.57072337951406],[-59.47286207177737,-34.576740498094814]]]}},{"type":"Feature","properties":{"partido":"San Antonio de Areco","hechos":179,"nivel":"bajo"},"geometry":{"type":"Polygon","coordinates":[[[-59.32196219101673,-33.9962977444138],[-59.31821605287032,-34.020665030957986],[-59.334430426932826,-34.03858452056008],[-59.37564454546519,-34.05657270258762],[-59.40646539512996,-34.06095624057136],[-59.39554355790399,-34.07451858749876],[-59.46309482115496,-34.13501397510176],[-59.51090850073898,-34.099406627834],[-59.53524231350579,-34.13019782730754],[-59.54332381095284,-34.152132972688754],[-59.562089090156974,-34.16797296424614],[-59.59458668454689,-34.171736221240394],[-59.627531543703,-34.15832525154846],[-59.64273843545508,-34.158649287527915],[-59.67627481501598,-34.16671952535424],[-59.782190908722654,-34.21884049277722],[-59.69270234655944,-34.28592049945505],[-59.69742515175677,-34.28831343341284],[-59.67381244944993,-34.399401066507494],[-59.644582587200944,-34.417525270002805],[-59.6188451580856,-34.396633421471634],[-59.60659881836205,-34.406135938756194],[-59.54266714598617,-34.3505444845235],[-59.490729300210425,-34.31891433118968],[-59.43814575308952,-34.298573144967676],[-59.43204353984074,-34.306337318773295],[-59.42407718976564,-34.30232824848035],[-59.427881435839076,-34.29748876973243],[-59.415481074942974,-34.29113274009206],[-59.42134442291086,-34.28360776801778],[-59.40930099609708,-34.277505930997805],[-59.414825415354784,-34.26827979798911],[-59.3961769488811,-34.262907246329],[-59.37423050060853,-34.23999103390225],[-59.37810854899682,-34.226054993783514],[-59.3665999317996,-34.19892078098395],[-59.324623083878855,-34.16346517068028],[-59.298864665214474,-34.15795753782031],[-59.279045296376,-34.145597711399894],[-59.27234809459571,-34.13297573979211],[-59.27658546331417,-34.12665269792624],[-59.26835461276523,-34.0849911451029],[-59.299849587295405,-34.06849375242803],[-59.30849151520062,-34.01927128078398],[-59.32196219101673,-33.9962977444138]]]}},{"type":"Feature","properties":{"partido":"San Fernando","hechos":1295,"nivel":"bajo"},"geometry":{"type":"Polygon","coordinates":[[[-58.55874280287319,-34.42403856320861],[-58.57951119848242,-34.44446507320062],[-58.59517060650009,-34.44834334306879],[-58.59927020335475,-34.47441434623287],[-58.606464603271945,-34.48028137644356],[-58.59984690906617,-34.489567547571134],[-58.517506936093596,-34.44605231147781],[-58.55874280287319,-34.42403856320861]]]}},{"type":"Feature","properties":{"partido":"San Isidro","hechos":3559,"nivel":"medio"},"geometry":{"type":"Polygon","coordinates":[[[-58.55376394672876,-34.53020488925722],[-58.600303282465894,-34.49035380680782],[-58.516164762914826,-34.44332051192522],[-58.501980608570896,-34.44807576735012],[-58.48099151611849,-34.47471930094637],[-58.47733531532637,-34.488817975102016],[-58.531230439024775,-34.513085594795136],[-58.55376394672876,-34.53020488925722]]]}},{"type":"Feature","properties":{"partido":"San Nicolás","hechos":2280,"nivel":"bajo"},"geometry":{"type":"Polygon","coordinates":[[[-60.272624307463225,-33.26359836594828],[-60.26452927636865,-33.28128110948232],[-60.27612583517969,-33.29092354367423],[-60.2905462865914,-33.3230559760045],[-60.323915115498735,-33.35090887230072],[-60.32684652237543,-33.367325355774575],[-60.321607674025266,-33.37357011718789],[-60.33469288112905,-33.39680395803009],[-60.335483034359584,-33.412551817543864],[-60.41005182896561,-33.46775874601061],[-60.4238712772561,-33.52869741114327],[-60.41377181115148,-33.54483603220468],[-60.41846953293706,-33.55862445099949],[-60.440886195283674,-33.56765445707993],[-60.458601119255555,-33.5884966015938],[-60.45755709560737,-33.5982380670278],[-60.42933481852414,-33.619387203805076],[-60.39342555576229,-33.64201387672239],[-60.38754501712916,-33.63658674768199],[-60.326791942637094,-33.68327035188318],[-60.32743178584576,-33.671835272166646],[-60.31294520161853,-33.65002852263506],[-60.28659080777334,-33.624461673807886],[-60.24232322785791,-33.613424650930895],[-60.23060467817598,-33.58630892140644],[-60.215187538853314,-33.5785811236285],[-60.1990449468227,-33.53450477022939],[-60.17212591457451,-33.510935733779796],[-60.16021416336949,-33.478609739140516],[-60.16018288537824,-33.47359828972059],[-60.1751623840359,-33.46770441766048],[-60.1755307610831,-33.4606770342949],[-60.186900775742,-33.45922415289445],[-60.19446914857663,-33.4447843278982],[-60.185131975844996,-33.42707951025326],[-60.18984470292535,-33.408780432928616],[-60.17165447671098,-33.3876437114563],[-60.16727994023504,-33.354137036087266],[-60.221906159915896,-33.32078118308591],[-60.25136033804129,-33.27684399882774],[-60.272624307463225,-33.26359836594828]]]}},{"type":"Feature","properties":{"partido":"San Pedro","hechos":1416,"nivel":"bajo"},"geometry":{"type":"Polygon","coordinates":[[[-59.83137664025875,-33.579813041932624],[-59.81952503974641,-33.582768330966694],[-59.802776698740665,-33.603071798141336],[-59.78919695894695,-33.60705434374409],[-59.74852003350124,-33.64279805036287],[-59.650509778526235,-33.67263713032195],[-59.60348265856172,-33.729410752319836],[-59.603689550465546,-33.740994772420265],[-59.51010862976515,-33.77883649838883],[-59.56310588310436,-33.772086599149596],[-59.5724339707721,-33.77572115976783],[-59.579824864410696,-33.79037353388338],[-59.5923566707571,-33.79491639626306],[-59.590010217467714,-33.81694541017636],[-59.602954561965255,-33.821851889532404],[-59.59883273724078,-33.847960967064495],[-59.60846214689441,-33.86171767072943],[-59.60456833681877,-33.86604022010576],[-59.62875761901464,-33.878890495207976],[-59.63492127530246,-33.89376278958857],[-59.653881483418964,-33.9108993410224],[-59.65301878525901,-33.91720632496406],[-59.678949874672035,-33.92128533735629],[-59.685235392004145,-33.93291488953361],[-59.71389962725936,-33.945258516998756],[-59.71212447380029,-33.954103930679366],[-59.71841739668232,-33.956220592511286],[-59.716416073034466,-33.962799082855966],[-59.73011656881023,-33.98542289219401],[-59.77934272564989,-34.01338610170303],[-59.985530172255714,-33.85910355900763],[-60.07270913534758,-33.77885596970767],[-60.05172161232846,-33.76128008514709],[-60.04114420882859,-33.76881862854302],[-59.83137664025875,-33.579813041932624]]]}},{"type":"Feature","properties":{"partido":"San Vicente","hechos":870,"nivel":"bajo"},"geometry":{"type":"Polygon","coordinates":[[[-58.46901369429973,-35.011018321497595],[-58.430380853627014,-34.97806056984653],[-58.42162170103807,-34.98190861863936],[-58.41196076680551,-34.97346428559124],[-58.40833110367997,-34.97787000375208],[-58.389583999935574,-34.96580078422683],[-58.39461611813676,-34.958877830398315],[-58.31689747388137,-34.9255327619085],[-58.28820463705287,-34.96504404476852],[-58.300786040336405,-34.97168193503414],[-58.277172304574066,-35.00941805106332],[-58.28959824029166,-35.01810445344671],[-58.23626798374366,-35.058274682475194],[-58.33884406463164,-35.14852660644057],[-58.352709816509524,-35.13786327608678],[-58.410696742954364,-35.18843087157666],[-58.41481621397737,-35.185433549362386],[-58.46947877276686,-35.23972816189187],[-58.53718894541962,-35.19475544689164],[-58.5595903810925,-35.17544758682925],[-58.55376805222472,-35.171270703293914],[-58.577919092302025,-35.15166207248796],[-58.578618257192005,-35.06543894225729],[-58.59948075611288,-35.049811615076706],[-58.55389905788763,-35.008988705226784],[-58.54915418316455,-34.97977650615005],[-58.5543266396919,-34.97525218887484],[-58.49153724135316,-34.92829692598959],[-58.463283513413195,-34.951330203742735],[-58.46901369429973,-35.011018321497595]]]}},{"type":"Feature","properties":{"partido":"Morón","hechos":8220,"nivel":"alto"},"geometry":{"type":"Polygon","coordinates":[[[-58.61649999207908,-34.58860090289791],[-58.588799224819645,-34.606091913307566],[-58.57222245893406,-34.62876341015667],[-58.566712003949114,-34.625946715273706],[-58.55619822259027,-34.63469977887396],[-58.58187574792539,-34.643170380976464],[-58.580697567854365,-34.64933930601363],[-58.640990570687535,-34.70450857896856],[-58.66738121623239,-34.68598764409989],[-58.653485897583245,-34.63161175901291],[-58.620379002840075,-34.631418738358455],[-58.61649999207908,-34.58860090289791]]]}},{"type":"Feature","properties":{"partido":"Suipacha","hechos":49,"nivel":"bajo"},"geometry":{"type":"Polygon","coordinates":[[[-59.75487747288496,-34.51828801372836],[-59.67295873591671,-34.58262934297811],[-59.7164102069439,-34.62002172474298],[-59.52592143079275,-34.76476719028768],[-59.53195333306626,-34.76987743936314],[-59.49133097477376,-34.80294308781757],[-59.5225940049167,-34.828793172304685],[-59.46649244252949,-34.872605346111044],[-59.6343718804737,-34.957309050470094],[-59.63192917370169,-34.960657882816896],[-59.66066209921911,-34.93890396330743],[-59.65748222836493,-34.93624991906987],[-59.67251276643335,-34.930902414113575],[-59.698890564896935,-34.89723136663449],[-59.75082596206468,-34.873834076373264],[-59.77192543969394,-34.84296965308064],[-59.798604508472906,-34.82549251324613],[-59.809136085115306,-34.805411581321295],[-59.79005327422865,-34.78848112382298],[-59.944473291227055,-34.671845411007304],[-59.84530839940518,-34.585937028908],[-59.84051194695255,-34.589554747947865],[-59.75487747288496,-34.51828801372836]]]}},{"type":"Feature","properties":{"partido":"Tandil","hechos":1787,"nivel":"bajo"},"geometry":{"type":"Polygon","coordinates":[[[-59.35931105143011,-36.84514014318134],[-59.21069657524079,-36.956450217823814],[-59.219498570975965,-36.963933356476765],[-59.072993686126814,-37.07659849137733],[-58.98879521158572,-37.13779693204014],[-58.982076558138225,-37.13220524860752],[-58.61089897828064,-37.411262637643595],[-59.11039474543909,-37.82643079746079],[-59.11492643503717,-37.79014026357772],[-59.12822359954541,-37.77920347870637],[-59.13357146877975,-37.75748858026971],[-59.14812103559295,-37.745318139021755],[-59.159414453721766,-37.745231108468886],[-59.16512607972948,-37.73663506576624],[-59.16973443392496,-37.70068498825698],[-59.151912990505174,-37.65908879467689],[-59.1614564466249,-37.63169164706521],[-59.18403904741685,-37.616907056571186],[-59.22507036409978,-37.6514133661171],[-59.41795339195979,-37.50621203463226],[-59.490440274018766,-37.459165303324795],[-59.77972458318503,-37.23827087278356],[-59.73619746097208,-37.23393087523394],[-59.69936004396819,-37.21661060837406],[-59.66836000151323,-37.18192762563281],[-59.641372728127266,-37.17349177199334],[-59.62598259470703,-37.153750886029904],[-59.586567141603965,-37.13249337797008],[-59.582186605304415,-37.11280622888421],[-59.56763898122656,-37.097808651056326],[-59.55218948752528,-37.094316383021145],[-59.54211080634268,-37.08083352187849],[-59.52082648287867,-37.082358014107015],[-59.47984556653171,-37.036738169967926],[-59.43683398629716,-37.021329121846954],[-59.43352638656669,-36.99946228504728],[-59.416470185847984,-36.989571599614806],[-59.40908892541115,-36.97340364662468],[-59.399566510574324,-36.97077880248181],[-59.392562904066786,-36.946607895516244],[-59.35966431917383,-36.89722266160086],[-59.35612939923153,-36.878558610107426],[-59.36501221165216,-36.85125993724623],[-59.35931105143011,-36.84514014318134]]]}},{"type":"Feature","properties":{"partido":"Tapalqué","hechos":38,"nivel":"bajo"},"geometry":{"type":"Polygon","coordinates":[[[-59.55321711502003,-36.00678916428793],[-59.38245281723935,-36.13538394122666],[-59.63457668721986,-36.3588703660352],[-59.72720437233971,-36.28822248431507],[-59.81777689783452,-36.36316247271375],[-59.8239149869288,-36.35853808888101],[-59.86257260067364,-36.38976257497704],[-59.918213954109554,-36.444851903665786],[-59.913715287829355,-36.448238383083385],[-59.93118145740141,-36.46661447298182],[-59.97365683398921,-36.50323654939446],[-59.98322903056441,-36.49609831112008],[-60.02437851504324,-36.53142331447893],[-59.91958289386757,-36.6143972203481],[-60.06351672098074,-36.73138895500929],[-60.13557646225536,-36.67437791876874],[-60.14243740287705,-36.67995241498202],[-60.13977782174283,-36.68939715150627],[-60.1494746754917,-36.70750028659065],[-60.16182681784842,-36.71899150283468],[-60.286165400912296,-36.61945891954973],[-60.327192973305486,-36.65210754580993],[-60.47805194948532,-36.52973086887876],[-60.43847450535869,-36.497841973305235],[-60.53991631179625,-36.416352453568294],[-60.53376694767504,-36.41145174741193],[-60.56364916303476,-36.39123433798861],[-60.57003383999733,-36.3971535931058],[-60.650627510963126,-36.3424414076496],[-60.729483572046924,-36.40227167402973],[-60.76348862507064,-36.378166271432626],[-60.87612406507406,-36.467408371985385],[-60.92962201769425,-36.42455070108681],[-60.86611925195339,-36.37218947334498],[-60.90600467159916,-36.341574391848944],[-60.86025302541125,-36.32250887612294],[-60.83546523500299,-36.28322511007612],[-60.82455220507012,-36.276643605650364],[-60.819464148088294,-36.25836239001346],[-60.80597160092092,-36.252844296613986],[-60.7990791268103,-36.23155532340122],[-60.811572977410194,-36.218877343607154],[-60.8110636393768,-36.2099366451559],[-60.777674137835355,-36.18451974440548],[-60.78075139414091,-36.175352725141344],[-60.759900431300856,-36.15619324972442],[-60.74289787827217,-36.15180562972701],[-60.72735518567956,-36.1365198065199],[-60.69943732253924,-36.135353591260014],[-60.565185298781465,-36.23620049111708],[-60.52354636506633,-36.21403218188064],[-60.35968036387887,-36.326404693746284],[-60.29692384471658,-36.26707170231067],[-60.24591761144175,-36.30336944011514],[-60.090185977497235,-36.161345789662846],[-59.966952604739824,-36.24860243760419],[-59.96381998564485,-36.22323568571141],[-59.947544156229704,-36.20210621216862],[-59.838684450565395,-36.11135475166957],[-59.85866514471319,-36.09567537399878],[-59.797114418070336,-36.04374645200634],[-59.71805700640745,-36.10585292908871],[-59.613864251238816,-36.023855795007734],[-59.592439229062336,-36.04052896895576],[-59.55321711502003,-36.00678916428793]]]}},{"type":"Feature","properties":{"partido":"Tordillo","hechos":7,"nivel":"bajo"},"geometry":{"type":"Polygon","coordinates":[[[-57.417389808248345,-36.15800811961602],[-57.47267377478762,-36.340746012354344],[-57.34298497010258,-36.36617211366329],[-57.39933251175907,-36.41582154701514],[-57.420059196600604,-36.4600905191937],[-57.44379959097075,-36.479539514012664],[-57.39923064459163,-36.51308407244809],[-57.46435725576755,-36.57092564467877],[-57.328779138187265,-36.66915733166003],[-57.16476936534299,-36.52100084120269],[-57.17615191788401,-36.51281386646763],[-57.09874044382742,-36.44212691521711],[-57.08252947785856,-36.45371376219889],[-57.074418139917874,-36.43874659721003],[-57.056874513217586,-36.429660612033054],[-57.04028602004946,-36.42919433892618],[-57.04289881035718,-36.41306404170321],[-57.06465723660209,-36.38559471627634],[-57.015487739291494,-36.34163842817924],[-57.01175973097647,-36.32501999365514],[-57.07443594303842,-36.29657716693044],[-57.11876582180413,-36.26814297077329],[-57.12799622437193,-36.268344260614455],[-57.12830204424927,-36.2607054530143],[-57.20883218322795,-36.1965410971693],[-57.417389808248345,-36.15800811961602]]]}},{"type":"Feature","properties":{"partido":"Tornquist","hechos":56,"nivel":"bajo"},"geometry":{"type":"Polygon","coordinates":[[[-62.07172712399418,-37.96353048551493],[-62.10206135676619,-37.93408774325029],[-62.12499462292528,-37.9545761334438],[-62.151657437900575,-37.9625415330396],[-62.16125332345972,-37.98283606444712],[-62.17057055252768,-37.984276081730364],[-62.16639100274275,-37.98899882409629],[-62.177151369415824,-38.002445647064995],[-62.19942006834886,-38.0122222711975],[-62.20859791018218,-38.02639077776617],[-62.24484432160966,-38.04173197181958],[-62.282380042510695,-38.09015955435486],[-62.30745540442626,-38.0933543545452],[-62.33097541896452,-38.10800595447705],[-62.33477980439128,-38.124954032715],[-62.34607490327791,-38.13629415435728],[-62.441492094115674,-38.05624452686142],[-62.46234504945158,-38.07239594063983],[-62.48889352863926,-38.00858084907379],[-62.57466176016784,-38.07568570771373],[-62.73428738541647,-37.94856143510675],[-62.81439436759909,-38.01074407473341],[-62.654714534179675,-38.13911194202842],[-62.735946861584225,-38.20247806071713],[-62.65499122657886,-38.26700571783532],[-62.899668631087216,-38.45666068646655],[-62.737220634812154,-38.585842631883615],[-62.648967846226924,-38.51660615459659],[-62.61365278908204,-38.59224157251617],[-62.38781291070439,-38.40854648640606],[-62.34185322147279,-38.442646595817884],[-62.23976541780406,-38.360879478822454],[-62.22340051371308,-38.37354279419216],[-62.229904413317584,-38.37894652944684],[-62.20907192765913,-38.395427989494],[-62.22751161549592,-38.41050533122187],[-62.20948714810641,-38.42442138274729],[-62.22069228770996,-38.43341040049038],[-62.19634169250075,-38.4520229074335],[-62.084649575191015,-38.36273733357648],[-61.99865043770708,-38.42681505125406],[-62.01018270543175,-38.43622848566561],[-61.98859801981444,-38.452507265299765],[-61.938614385007334,-38.41121132612801],[-61.93109789416585,-38.421678293346815],[-61.925364511291676,-38.45345917745547],[-61.89304055940847,-38.426140693295295],[-61.812740175081196,-38.48546206088423],[-61.78160187515843,-38.45994500590732],[-61.78187729922005,-38.43752988957277],[-61.76624617194336,-38.4327869184933],[-61.76535694216277,-38.42332589113625],[-61.75524357568244,-38.42257518710305],[-61.74774802902553,-38.40948800527965],[-61.740866396994754,-38.4085585283709],[-61.756623291339835,-38.38418153254599],[-61.75125047084922,-38.36374788315132],[-61.73786299479216,-38.35578320466825],[-61.73947293592015,-38.34210792430222],[-61.72361259138105,-38.32010660611935],[-61.725681748066584,-38.31088392582063],[-61.71707664224281,-38.309626003247985],[-61.71751843184098,-38.28759254417314],[-61.696920032287174,-38.28532168658552],[-61.72871193294723,-38.244631101289606],[-61.739496517484,-38.22460871909408],[-61.737250659244005,-38.21831667931969],[-61.75419396750414,-38.20212214921581],[-61.769882827029306,-38.196910614644636],[-61.75985675303766,-38.19276951467179],[-61.76032397668909,-38.178676161831305],[-61.78323039492431,-38.15843799253342],[-61.77567555963254,-38.14115312108682],[-61.79303938105277,-38.137246697813794],[-61.79974735862542,-38.10957867468235],[-61.82180807931584,-38.0972574357646],[-61.818827817588414,-38.08234059601757],[-61.82670209867936,-38.06566329776561],[-61.831012847350415,-38.070458312671356],[-61.84280228321804,-38.06354821793996],[-61.84020052969458,-38.05966003048319],[-61.85661829118633,-38.058052997919695],[-61.87203468899699,-38.03351781889379],[-61.883025515009635,-38.03542454663134],[-61.90640597699663,-38.01422589127809],[-61.930715664908966,-38.00845853596411],[-61.92990952588388,-38.01300074166286],[-61.949469982971266,-38.02280602464891],[-61.929780120280164,-38.039124748460544],[-61.95162667698947,-38.05698671733608],[-62.05035662111538,-37.99073368294061],[-62.04530076428566,-37.9868432255411],[-62.049600776369736,-37.97149947524139],[-62.07172712399418,-37.96353048551493]]]}},{"type":"Feature","properties":{"partido":"Trenque Lauquen","hechos":405,"nivel":"bajo"},"geometry":{"type":"Polygon","coordinates":[[[-62.62369712524742,-35.55045368017581],[-62.33746366917666,-35.78397183290427],[-62.4308864687574,-35.85886674793082],[-62.08131247797815,-36.15187136069287],[-62.60758290055941,-36.56142331550033],[-62.62573415724124,-36.50234372095987],[-63.20369706461778,-36.033068647557684],[-62.92359276814877,-35.80518674542669],[-62.93223380742091,-35.79795711932715],[-62.62369712524742,-35.55045368017581]]]}},{"type":"Feature","properties":{"partido":"Tres Arroyos","hechos":856,"nivel":"bajo"},"geometry":{"type":"Polygon","coordinates":[[[-60.676254321451616,-38.09313284374076],[-60.54891110084532,-38.19253308956631],[-60.44169691177158,-38.106633015439016],[-60.46250093448384,-38.08988924448472],[-60.36998646064755,-38.017106190881016],[-60.03630347727343,-38.28084358465099],[-59.88643584924778,-38.15709066501636],[-59.861290743784814,-38.195912887245036],[-59.84745936112928,-38.204702010171005],[-59.833518384628434,-38.24223405443277],[-59.989966943191064,-38.37142129193774],[-59.94266244920709,-38.40704141563755],[-59.92952249455435,-38.396505451638355],[-59.874130568478655,-38.43998523787064],[-59.936714354906414,-38.4914437378041],[-59.88635835483668,-38.529329533237906],[-59.82185797093624,-38.47514881911759],[-59.76714355770877,-38.51594402196239],[-59.73366310628713,-38.4889383294084],[-59.72900769343605,-38.50312893505546],[-59.733643387049014,-38.53338030108041],[-59.71717851463456,-38.56019734699288],[-59.71570525662094,-38.589079887705694],[-59.701369137892094,-38.60623211377265],[-59.70499416943324,-38.61251966408287],[-59.69057029261194,-38.63699319622837],[-59.70333188423577,-38.65412431695247],[-59.6914245813031,-38.66213833332622],[-59.68658120428804,-38.680648992184125],[-59.653956180994804,-38.70023532599226],[-59.64755185767742,-38.73598315472913],[-59.625864862594085,-38.74289704937315],[-59.635667605556755,-38.76295985410431],[-59.62677793570999,-38.77001926739201],[-59.62737121018071,-38.78501461874655],[-59.85196244377698,-38.83877910213597],[-60.197222853506105,-38.87907766046106],[-60.49037375733707,-38.930541114171554],[-60.52722671273294,-38.91593388000477],[-60.52123050020978,-38.884163622473494],[-60.536347481551125,-38.84528049322882],[-60.535997176281164,-38.82267446196061],[-60.563105607317134,-38.76982228252184],[-60.56217690168167,-38.75047876758896],[-60.57733419697631,-38.72548634607356],[-60.57924047032593,-38.692405202669995],[-60.590184543839825,-38.678313196997436],[-60.594622194787746,-38.647312894635675],[-60.60981514238575,-38.61985595202282],[-60.61174535862193,-38.587296092829796],[-60.59184395465282,-38.569789546500516],[-60.59071723801491,-38.55733952423322],[-60.60368348869581,-38.51566098694923],[-60.615443506946605,-38.49956509740522],[-60.6188535620656,-38.47164199056235],[-60.67794891501488,-38.431764708180154],[-60.74501463372881,-38.36577837334815],[-60.73401345062915,-38.33895471642944],[-60.74240880712887,-38.326672142167205],[-60.73359776331376,-38.314775298006715],[-60.7455795785033,-38.271016363310856],[-60.739857027652434,-38.25042262412204],[-60.7468732652125,-38.22995085039382],[-60.74015509523054,-38.22348457215028],[-60.71872164404443,-38.22422586047069],[-60.72929547830736,-38.19666128160536],[-60.7210206727403,-38.1619819245243],[-60.730263514829105,-38.14487550046364],[-60.72914555949479,-38.129972701103924],[-60.72379811221383,-38.11685272900777],[-60.70137442352171,-38.11514190133749],[-60.676254321451616,-38.09313284374076]]]}},{"type":"Feature","properties":{"partido":"Veinticinco de Mayo","hechos":183,"nivel":"bajo"},"geometry":{"type":"Polygon","coordinates":[[[-60.00034565828096,-35.12857964380655],[-59.97453572353915,-35.132808693105694],[-59.94875495397558,-35.11880342278443],[-59.91673434576932,-35.113003303982175],[-59.89958268476397,-35.116121384713225],[-59.87849856396534,-35.131553453844134],[-59.86465893199692,-35.15674562539711],[-59.83573094773992,-35.15778265520664],[-59.81631805084505,-35.17922158412452],[-59.80478318500757,-35.176593127794625],[-59.79230509148063,-35.18268689508043],[-59.77528788957857,-35.173361569390764],[-59.75931254269694,-35.18919497811732],[-59.7614249691939,-35.19713799662402],[-59.74638194346833,-35.19598208908343],[-59.72168318846611,-35.2227361185729],[-59.6989844778693,-35.21054399659564],[-59.66858445626234,-35.223323024976075],[-59.661515100157565,-35.20870256105644],[-59.643983047707664,-35.20707852893247],[-59.63270018626629,-35.19638829069745],[-59.620962157943794,-35.2000621552357],[-59.60331133741648,-35.18560965790525],[-59.58629587948847,-35.18666544535952],[-59.58269702409391,-35.17695287812375],[-59.57574548780573,-35.17650834034614],[-59.54300893748356,-35.204348900840905],[-59.549044531919435,-35.213443996890206],[-59.540143319753,-35.22128850904045],[-59.555731894023594,-35.243340941922064],[-59.55025526547221,-35.26711643900556],[-59.534029253879474,-35.282447723685756],[-59.50506558675706,-35.28937189333188],[-59.585762809646994,-35.359959942143824],[-59.64246416557355,-35.31657921093644],[-59.71289897288554,-35.37877480073436],[-59.755477218552144,-35.34674446401775],[-59.825442310465455,-35.40735444933842],[-59.768671436873696,-35.451043426426345],[-59.774947069339326,-35.47816972453709],[-59.78137786830383,-35.47608708067325],[-59.80578930566245,-35.49195609840057],[-59.83054326958056,-35.4971018362147],[-59.90296079416382,-35.48069693720276],[-59.93006218913383,-35.48817700876767],[-59.99594143682638,-35.52979309129394],[-60.00489405116176,-35.52891636140386],[-60.01154496696797,-35.54332153177273],[-60.028732492167634,-35.555251802899484],[-60.009791633083516,-35.575656364395385],[-60.009668361831906,-35.595497866552336],[-60.040164339441716,-35.628016669274025],[-60.03091130101876,-35.634083272632516],[-60.03230404167208,-35.65828128995381],[-60.01762231948971,-35.65348246422979],[-60.00543987099512,-35.66169785451223],[-60.02575424728089,-35.6723532653257],[-60.021041753575695,-35.68176185623473],[-60.030921219319225,-35.68302503338707],[-60.02298723264162,-35.68575174334063],[-60.024368933746686,-35.6956180572925],[-60.04371768283095,-35.69589802060161],[-60.05924757256071,-35.709463549395885],[-60.116733203998436,-35.6644423201438],[-60.21859987952961,-35.75234798977416],[-60.21391276113589,-35.75616463669615],[-60.36684402142233,-35.88641595935868],[-60.375314463298125,-35.89316327226072],[-60.38789343795477,-35.8917155625852],[-60.38597271304561,-35.89767725577284],[-60.417136219040394,-35.92824358648859],[-60.46155375950255,-35.94930816019362],[-60.46544361915582,-35.955528580484135],[-60.45930406264848,-35.967816448874764],[-60.49287193848281,-35.99514372450417],[-60.51575441670893,-35.98497274646764],[-60.53106326573763,-36.00056101189897],[-60.638070717587276,-35.921069129369215],[-60.69544712985382,-35.96881469504046],[-60.78034630984155,-35.90291020609532],[-60.78583308470181,-35.907109535541565],[-60.86791468600399,-35.840007760303784],[-60.443155487502764,-35.474934127212194],[-60.52804848312171,-35.41029878221463],[-60.322403730373274,-35.23016783762268],[-60.235044400472944,-35.295856965647324],[-60.0199310346923,-35.107038784441244],[-60.00034565828096,-35.12857964380655]]]}},{"type":"Feature","properties":{"partido":"Vicente López","hechos":2705,"nivel":"medio"},"geometry":{"type":"Polygon","coordinates":[[[-58.50985065646537,-34.569359228114],[-58.529810861706814,-34.53733151309058],[-58.53778079559004,-34.54416433011537],[-58.55376394672876,-34.53020488925722],[-58.531230439024775,-34.513085594795136],[-58.47733531532637,-34.488817975102016],[-58.466191483311306,-34.522098833021786],[-58.45785673367557,-34.52663592744416],[-58.50077078307428,-34.54957749716545],[-58.50985065646537,-34.569359228114]]]}},{"type":"Feature","properties":{"partido":"Villarino","hechos":229,"nivel":"bajo"},"geometry":{"type":"MultiPolygon","coordinates":[[[[-62.00043229071335,-39.01220260680653],[-61.99889924195271,-39.01285989537807],[-61.9995764253043,-39.01392898592014],[-62.00043229071335,-39.01220260680653]]],[[[-62.12548803793328,-38.98574200772502],[-62.12840923849044,-38.991281029738666],[-62.1325140445271,-38.99257259704477],[-62.13063149507231,-38.987955798620106],[-62.12548803793328,-38.98574200772502]]],[[[-62.343770066662785,-38.800860656696074],[-62.33268808966268,-38.80692528474907],[-62.324238180651086,-38.8086596281006],[-62.31602241727394,-38.80779206868215],[-62.33824366891686,-38.82355620566106],[-62.33853850746246,-38.81718457108567],[-62.35280453299007,-38.80960010972514],[-62.343770066662785,-38.800860656696074]]],[[[-62.041351591225734,-39.00241716567282],[-62.039924052630546,-39.00255184372718],[-62.041676948681555,-39.003327346136224],[-62.041351591225734,-39.00241716567282]]],[[[-62.17894618882213,-39.28426262920458],[-62.125470755616405,-39.29254254397581],[-62.129980177003056,-39.293454458657045],[-62.06175658941073,-39.3200357402448],[-62.044538575882335,-39.34495546209235],[-62.00854091590895,-39.36357867977435],[-62.00654838468067,-39.387497554277104],[-62.03375008988146,-39.397138866496334],[-62.08976890144067,-39.38991229043407],[-62.16782361357247,-39.33041250271932],[-62.17042419183797,-39.316447639974704],[-62.184586874063314,-39.29756527895701],[-62.18105489058033,-39.28979433362424],[-62.1747420805171,-39.29188892756462],[-62.17894618882213,-39.28426262920458]]],[[[-62.24768667008563,-39.17749595885376],[-62.22333648019463,-39.1923558753484],[-62.222323673112946,-39.19759584746061],[-62.23060747209328,-39.19960990985452],[-62.244988162211214,-39.19175515292775],[-62.24768667008563,-39.17749595885376]]],[[[-62.0220886890603,-39.237407231531],[-61.999742522840045,-39.2431597490314],[-61.99394419353932,-39.2511305869599],[-61.999648810587495,-39.25971116856613],[-62.00751670549067,-39.264620506524466],[-62.02400588200918,-39.259941112017714],[-62.02942422467822,-39.24510214995229],[-62.0220886890603,-39.237407231531]]],[[[-62.15576467099078,-39.19258384474462],[-62.08765427381659,-39.22100590737419],[-62.0759021886139,-39.24077406086449],[-62.07315128612554,-39.23197016776812],[-62.062031907300344,-39.247283367438044],[-62.08722381584714,-39.249757841571636],[-62.121611980582905,-39.23723218439668],[-62.15435874680435,-39.20847139985763],[-62.15576467099078,-39.19258384474462]]],[[[-62.05337578171254,-39.0769596289562],[-62.0016670527167,-39.0897796902496],[-61.954742935327396,-39.08995276635525],[-61.929697273659315,-39.0992687651452],[-61.913674348944724,-39.09314865196899],[-61.884689120748824,-39.106487131991095],[-61.87583142837381,-39.12244397028626],[-61.87376042390433,-39.14865285489014],[-61.86378132331661,-39.15334969088322],[-61.849710497846544,-39.1841651623371],[-61.85127856856347,-39.21029212947841],[-61.842579625837544,-39.23362434610888],[-61.87679933552976,-39.240399490151106],[-61.94427578728004,-39.18889533473836],[-61.94849128144234,-39.177038473871434],[-61.94854201756812,-39.187850809289905],[-61.965536593931255,-39.18838357949841],[-61.95924280037629,-39.17644257380048],[-61.971436290852914,-39.18363495716931],[-61.98850576129346,-39.16838664892385],[-61.99328903355831,-39.17314105139199],[-62.01897654094676,-39.167834591997725],[-62.02523635642866,-39.15398115255256],[-62.04012238008865,-39.16247693158408],[-62.05254182076445,-39.158890130596824],[-62.052993953973925,-39.15040441549853],[-62.063411983216774,-39.15010814134114],[-62.073267783083196,-39.13821395704548],[-62.07207836466023,-39.128602750272854],[-62.06326728889193,-39.138338888324334],[-62.05873291397653,-39.13446756441194],[-62.071998016973545,-39.120405430354126],[-62.0725737061387,-39.108027206709146],[-62.08480212613441,-39.097995028539316],[-62.07895194340741,-39.082755805579346],[-62.05337578171254,-39.0769596289562]]],[[[-62.01659848714033,-39.03156467303987],[-62.01178488914156,-39.03452325234154],[-62.0153037187984,-39.04061277589668],[-62.01659848714033,-39.03156467303987]]],[[[-62.01990517200538,-39.03675329144518],[-62.01736381173007,-39.0386639830248],[-62.020589662951075,-39.03883742990656],[-62.01990517200538,-39.03675329144518]]],[[[-62.026193284743556,-39.04626143266528],[-62.01998291754754,-39.04471650174298],[-62.02107332684646,-39.047301747982736],[-62.026193284743556,-39.04626143266528]]],[[[-62.02642639693939,-39.02928441743919],[-62.02755023343911,-39.03491440369858],[-62.017390020343,-39.03406812745083],[-62.03143559165023,-39.04449013565515],[-62.033535185471536,-39.036427926085885],[-62.02642639693939,-39.02928441743919]]],[[[-62.02584751499816,-39.03317304743668],[-62.02460863872439,-39.033191953695564],[-62.02584308479336,-39.03349501760931],[-62.02584751499816,-39.03317304743668]]],[[[-62.023277236619585,-39.029023875101004],[-62.01855811461837,-39.02831101790896],[-62.02391814220263,-39.03154683010492],[-62.023277236619585,-39.029023875101004]]],[[[-62.00854772055262,-39.03293941966118],[-62.0013994257993,-39.034137268174725],[-62.002700298834306,-39.03771980272642],[-62.00854772055262,-39.03293941966118]]],[[[-61.99576004636772,-39.02378325169439],[-61.99267152881214,-39.03253470615721],[-61.98755082257745,-39.02817808107271],[-61.98853695658201,-39.03553566741378],[-61.99771214563686,-39.03178674332031],[-61.99576004636772,-39.02378325169439]]],[[[-62.00744546189979,-39.02587501927933],[-62.00398860514034,-39.026167569430925],[-62.005429967171125,-39.027760637269154],[-62.00744546189979,-39.02587501927933]]],[[[-62.01175227412838,-39.023833134026674],[-62.01021251056908,-39.023907873308836],[-62.011968929437316,-39.02444967737011],[-62.01175227412838,-39.023833134026674]]],[[[-62.00667071566139,-39.0222384460783],[-62.005429916450815,-39.022403446369594],[-62.006093496481334,-39.023258103362906],[-62.00667071566139,-39.0222384460783]]],[[[-62.00381338583855,-39.01993065271315],[-62.002125786833176,-39.019857685177456],[-62.00368807860031,-39.02083706531328],[-62.00381338583855,-39.01993065271315]]],[[[-62.00075853802169,-39.021060832339906],[-61.99895490976849,-39.023972605885],[-62.00105746147105,-39.0237712735865],[-62.00075853802169,-39.021060832339906]]],[[[-61.984870666217525,-39.02451338241036],[-61.98271594324491,-39.025395577630704],[-61.98374748332488,-39.02696805571614],[-61.984870666217525,-39.02451338241036]]],[[[-61.99304019188777,-39.023868678626144],[-61.9862265651966,-39.02004662577693],[-61.9913332569975,-39.02674238720725],[-61.99304019188777,-39.023868678626144]]],[[[-62.00666276645828,-39.012080163714174],[-62.00498914903809,-39.01101203858086],[-62.00624433972364,-39.01248644425918],[-62.00666276645828,-39.012080163714174]]],[[[-62.080714626823884,-38.989351982816366],[-62.079439291193246,-38.98996321347267],[-62.080336589187446,-38.990716459023055],[-62.080714626823884,-38.989351982816366]]],[[[-62.083632893131245,-38.991060298769106],[-62.08137153907606,-38.9909047840572],[-62.08386000982576,-38.99162266073004],[-62.083632893131245,-38.991060298769106]]],[[[-62.0827629055616,-38.98817357785182],[-62.08828414215268,-38.99544415815518],[-62.09285350632462,-38.994910846515275],[-62.092636353031246,-38.99201005682336],[-62.0827629055616,-38.98817357785182]]],[[[-62.07071968260084,-39.01451095980291],[-62.072750468965516,-39.01991363118277],[-62.07684959128811,-39.01924356611421],[-62.075002839517154,-39.01697474486836],[-62.07071968260084,-39.01451095980291]]],[[[-62.07448941936066,-39.00742726662144],[-62.07309986765001,-39.01327107642407],[-62.07773184426453,-39.014888614681105],[-62.078152634788424,-39.011379032708234],[-62.07448941936066,-39.00742726662144]]],[[[-62.052223168829386,-38.99103366527154],[-62.055122486878034,-38.997803810160164],[-62.06567592193033,-38.99431917793922],[-62.05628100914033,-38.99879050083323],[-62.06151800042017,-39.00094184504461],[-62.06632927435571,-39.00595709057883],[-62.05398877458005,-38.99903462108699],[-62.05612184119272,-39.00329882523437],[-62.0570857556938,-39.0069951278027],[-62.046363142551,-38.99620713757625],[-62.03509700801164,-39.000771727852346],[-62.03692935005122,-39.00205874968177],[-62.041097235669184,-39.00180034574805],[-62.042398063156924,-39.00271857641285],[-62.04378771098567,-39.005393943249594],[-62.0441861444607,-39.006451082852934],[-62.04439707856106,-39.00750664436616],[-62.04497268753207,-39.01213671884462],[-62.04493080908249,-39.0125023077866],[-62.04481186601872,-39.012925809031046],[-62.044576290092515,-39.01372890881129],[-62.04426421967789,-39.014589910050596],[-62.043491645208896,-39.00502554000488],[-62.03363580363897,-39.001475320102614],[-62.03571910399847,-39.0056055864066],[-62.0354842025422,-39.006306253159494],[-62.03479527581994,-39.00725198453376],[-62.0225182038915,-39.002681168746655],[-62.02423625660226,-39.00354868600266],[-62.02539109798432,-39.00423168838891],[-62.02995840805124,-39.00804608402121],[-62.03252883878017,-39.01096563907599],[-62.03260463315984,-39.01106870391882],[-62.033007488939795,-39.01167214531766],[-62.03365422069058,-39.013212246187855],[-62.034624788816195,-39.014276371669105],[-62.020910102218814,-39.00201319751167],[-62.009910130437106,-39.010614802141454],[-62.01846262516952,-39.016219938527634],[-62.01982597108152,-39.01260136510638],[-62.02050538379334,-39.01231435515676],[-62.02208674040846,-39.01191776715562],[-62.02365623565368,-39.01215047163329],[-62.026659631516196,-39.014985905434656],[-62.027018156092936,-39.01623302521823],[-62.02268587711004,-39.01201059206953],[-62.01864373856673,-39.01668982784593],[-62.006822081357505,-39.014101469721716],[-62.01659837417949,-39.0261866888328],[-62.03043546003937,-39.027034465540126],[-62.042848046395065,-39.0361241784161],[-62.059985330764974,-39.02036761062999],[-62.049575077192856,-39.018702463657284],[-62.05154888750041,-39.014210249056354],[-62.06399670387691,-39.01498419266742],[-62.06826871035254,-39.00398189720082],[-62.07810961781157,-39.00602147417173],[-62.09656471889637,-39.02112508670259],[-62.12670895246943,-39.000685604231165],[-62.095713344874646,-38.99241927288946],[-62.09296426146852,-38.99573970833758],[-62.09029048901576,-38.996317872809875],[-62.052223168829386,-38.99103366527154]]],[[[-62.124542995258494,-39.004271461571],[-62.121933147364466,-39.027202976611235],[-62.14058425198533,-39.033548138678924],[-62.14407051314268,-39.027689551381854],[-62.13571533235839,-39.011117172655844],[-62.124542995258494,-39.004271461571]]],[[[-62.11671113298266,-38.98015872780705],[-62.116437795053734,-38.979400027636906],[-62.11546066074476,-38.980023169844856],[-62.11671113298266,-38.98015872780705]]],[[[-62.1358748798283,-38.991935494812935],[-62.13365627873903,-38.99166682224947],[-62.13309614314801,-38.994531572749985],[-62.1358748798283,-38.991935494812935]]],[[[-62.13590344975167,-38.986260996402656],[-62.13744566410389,-38.99232542755515],[-62.14056704630743,-38.99143427382913],[-62.140476367187624,-38.98891143134596],[-62.13590344975167,-38.986260996402656]]],[[[-62.137179730974296,-38.98428429678481],[-62.13567979280201,-38.981404215417385],[-62.13345840857941,-38.98469809327829],[-62.137179730974296,-38.98428429678481]]],[[[-62.12805129341658,-38.97106983078574],[-62.12717229635419,-38.98345320055424],[-62.12981139360789,-38.98564819046826],[-62.139596308559305,-38.97818593991403],[-62.12805129341658,-38.97106983078574]]],[[[-62.11865319534629,-38.97011644441711],[-62.11203644362561,-38.979303549585474],[-62.11628875199875,-38.97839004212564],[-62.12618892166302,-38.98130201164975],[-62.125834140799206,-38.9707380200255],[-62.12020690671205,-38.97510942501376],[-62.11865319534629,-38.97011644441711]]],[[[-62.11836651329614,-38.96718237917355],[-62.116452976278964,-38.96842893824993],[-62.1172123739831,-38.96906524696118],[-62.11836651329614,-38.96718237917355]]],[[[-62.12855118334501,-38.966533778463045],[-62.12646038715118,-38.96907175290786],[-62.131463440661896,-38.96945589451558],[-62.12855118334501,-38.966533778463045]]],[[[-62.12370406177194,-38.966623564841505],[-62.12249420512381,-38.96648833120459],[-62.12231755822339,-38.967716609163936],[-62.12370406177194,-38.966623564841505]]],[[[-62.121579864128606,-38.96531502524283],[-62.11783011704982,-38.964845383654385],[-62.117828234449135,-38.9650029416451],[-62.121579864128606,-38.96531502524283]]],[[[-62.126718820001486,-38.96447084754718],[-62.12328358687172,-38.96469725340788],[-62.12336204940424,-38.964887033239286],[-62.126718820001486,-38.96447084754718]]],[[[-62.12163944739593,-38.96049185863985],[-62.12080968180388,-38.9622826698389],[-62.122668266904405,-38.96220203184847],[-62.12163944739593,-38.96049185863985]]],[[[-62.12474723943264,-38.96060984178077],[-62.12373742331066,-38.96063381393634],[-62.12433569927971,-38.96123725443954],[-62.12474723943264,-38.96060984178077]]],[[[-62.13001958846342,-38.96203642201233],[-62.12841219721743,-38.961393875716766],[-62.12440095925949,-38.96249877778092],[-62.13001958846342,-38.96203642201233]]],[[[-62.13497329423178,-38.963113647787374],[-62.12923664260176,-38.963323153086904],[-62.12846330244903,-38.96382181546835],[-62.12990755846139,-38.96458919685765],[-62.13497329423178,-38.963113647787374]]],[[[-62.14263178992839,-38.96427358743718],[-62.13140382548017,-38.967721524092475],[-62.13745762517854,-38.974702271347745],[-62.13934023803407,-38.96598326576019],[-62.14263178992839,-38.96427358743718]]],[[[-62.1461643814943,-38.966033449789975],[-62.142324421805114,-38.96632055057834],[-62.14228026691578,-38.966635507337436],[-62.1461643814943,-38.966033449789975]]],[[[-62.14447880075525,-38.961796550613826],[-62.147196433657925,-38.967522770605434],[-62.13899870657854,-38.97083591385255],[-62.149484348059836,-38.97772998306981],[-62.14684794148754,-38.97300583570913],[-62.152369183086535,-38.97399188585528],[-62.15479847003529,-38.96669530718926],[-62.14447880075525,-38.961796550613826]]],[[[-62.15693674162609,-38.96686843104665],[-62.15695622755059,-38.965229165688044],[-62.15602109551341,-38.96575838032549],[-62.15693674162609,-38.96686843104665]]],[[[-62.16773335560832,-38.965653357402005],[-62.16044259795645,-38.97092913662243],[-62.15645742390491,-38.96982843809377],[-62.16772299848539,-38.973440337121374],[-62.17416713536418,-38.97149993066404],[-62.16773335560832,-38.965653357402005]]],[[[-62.14710797108931,-38.95469080077818],[-62.14461233829607,-38.95741532460905],[-62.147571009210544,-38.95649113979252],[-62.14710797108931,-38.95469080077818]]],[[[-62.15910698758513,-38.96092553913683],[-62.153292732419914,-38.96088350029657],[-62.15976659426284,-38.96320024900659],[-62.15910698758513,-38.96092553913683]]],[[[-62.151774140445745,-38.9595483921254],[-62.150977151062655,-38.958659830955256],[-62.15096925987361,-38.95932186224714],[-62.151774140445745,-38.9595483921254]]],[[[-62.16266155485423,-38.960825020138714],[-62.16020197744388,-38.960523573509285],[-62.162407787742076,-38.961800530447434],[-62.16266155485423,-38.960825020138714]]],[[[-62.23905643862493,-38.871401429381784],[-62.23579172424994,-38.87479118055647],[-62.241128060669986,-38.874060372839686],[-62.23905643862493,-38.871401429381784]]],[[[-62.256394510392845,-38.87022789221286],[-62.254270206975534,-38.8692482344858],[-62.254367174581844,-38.870712613282215],[-62.256394510392845,-38.87022789221286]]],[[[-62.25434636430793,-38.86620411075461],[-62.253031042017284,-38.865990743773395],[-62.25411836772274,-38.866524640537726],[-62.25434636430793,-38.86620411075461]]],[[[-62.25794503082803,-38.8651731173224],[-62.257264956146784,-38.86575430748076],[-62.258618926996974,-38.86555798559007],[-62.25794503082803,-38.8651731173224]]],[[[-62.261932149375184,-38.86709247715765],[-62.259009609951086,-38.86722913925673],[-62.25874044351175,-38.86790073564487],[-62.261932149375184,-38.86709247715765]]],[[[-62.2659306830092,-38.864228241903064],[-62.26394441209085,-38.864391340360676],[-62.26588751181214,-38.86478414745247],[-62.2659306830092,-38.864228241903064]]],[[[-62.263208531937565,-38.863127864135265],[-62.26126729621098,-38.862559349601874],[-62.260737060800004,-38.863141529809965],[-62.263208531937565,-38.863127864135265]]],[[[-62.25527813379636,-38.82509832803261],[-62.24569590487345,-38.82801702980345],[-62.22505368257481,-38.855557179897495],[-62.23368100465157,-38.85061123314761],[-62.22922142801557,-38.85502185062047],[-62.24342025686746,-38.85565636058141],[-62.24809331245642,-38.84295692258499],[-62.268250176576174,-38.83886097953332],[-62.25527813379636,-38.82509832803261]]],[[[-62.899668631087216,-38.45666068646655],[-62.737220634812154,-38.585842631883615],[-62.648967846226924,-38.51660615459659],[-62.60711234384276,-38.6163227333275],[-62.56036355946985,-38.627105929000045],[-62.47659028313451,-38.65915974690894],[-62.45901927022988,-38.68390142461095],[-62.45138160401142,-38.729970053592744],[-62.427104694818844,-38.76086124273497],[-62.39902349242437,-38.74946586056674],[-62.35491720621505,-38.75566995300753],[-62.29542267429489,-38.788584445682496],[-62.29754342926939,-38.79591943245855],[-62.323408856955304,-38.80773261596353],[-62.32213069421016,-38.798892716377516],[-62.33055434742174,-38.80543760325251],[-62.338496352554685,-38.799088985830494],[-62.34747719427497,-38.79926249172858],[-62.353974060051,-38.804811161404324],[-62.36547578619289,-38.799156719815706],[-62.37566408119585,-38.80427340183476],[-62.38420884981201,-38.827803706048975],[-62.394332297083416,-38.82961909418988],[-62.386267127881155,-38.83214882111881],[-62.40305478528388,-38.83749071753055],[-62.390304361788,-38.85780067300257],[-62.37344372723874,-38.85487163484973],[-62.377170233847465,-38.86546008300194],[-62.38342730918793,-38.865771633215665],[-62.375666282787265,-38.86615464641356],[-62.37085761347657,-38.86366967817994],[-62.37350552958395,-38.86915843394372],[-62.36737099285333,-38.86836419283398],[-62.371212759119075,-38.873578402396376],[-62.36304442955498,-38.879733072409444],[-62.349512570594314,-38.876141198324056],[-62.35541988256954,-38.873100035855614],[-62.34687458014432,-38.869744387890876],[-62.34553726035569,-38.87673379334111],[-62.3539528704474,-38.87795161309367],[-62.3583779263747,-38.881489122588604],[-62.34556581126828,-38.877699958630814],[-62.34070461136355,-38.86877292862144],[-62.340842655458516,-38.88625109098818],[-62.32805125687376,-38.884245995755194],[-62.32032857407698,-38.904606225252316],[-62.32747034115717,-38.905302759188444],[-62.33592683648569,-38.92741354398526],[-62.33274971848146,-38.934509298835266],[-62.34307906922368,-38.94027651530379],[-62.344925750220405,-38.95141138025162],[-62.33777970790523,-38.96191008747496],[-62.32189720888728,-38.96808372315799],[-62.323439909138756,-38.97936347908522],[-62.316548400596936,-38.97835722295789],[-62.32203495607295,-38.98117036893405],[-62.31764527647831,-38.98521393884015],[-62.32309087952612,-38.996311570311335],[-62.3003498247763,-38.99322067297741],[-62.31779820643684,-39.00320342126125],[-62.30957815234007,-39.009577648558114],[-62.30422259358343,-38.99614203091702],[-62.29403654997699,-38.9943243721865],[-62.299229434552075,-39.004376901289696],[-62.288821611752745,-38.994380457682375],[-62.27594261273113,-38.99553080068786],[-62.281346912447056,-39.00041737224802],[-62.27751748697831,-39.00521276346769],[-62.308746154118076,-39.01124361108083],[-62.30647641776127,-39.01798121795799],[-62.29090733542036,-39.011172431162954],[-62.305415372303244,-39.018128018739134],[-62.30315356644954,-39.02207051069587],[-62.277447405314064,-39.00642835496191],[-62.28118851260293,-39.013207176966816],[-62.27768999699765,-39.01095619061459],[-62.27577406023574,-39.01268335117806],[-62.28216771028332,-39.02199556814143],[-62.30124087377007,-39.02572732724239],[-62.30668000513033,-39.05414328011077],[-62.33970933735119,-39.079059413981675],[-62.34041627560538,-39.09104463053825],[-62.3553253861613,-39.09539883829168],[-62.35165023915662,-39.10439362680857],[-62.356867454729354,-39.10593127428469],[-62.34667109104468,-39.11152681573756],[-62.35291995487271,-39.11408377611047],[-62.34772404263135,-39.11331167162022],[-62.34522250690578,-39.11500907052492],[-62.34886917609824,-39.12707697136636],[-62.33138235488669,-39.132742666754545],[-62.342103046980164,-39.14724936723103],[-62.33570363142898,-39.15593894787342],[-62.347033843827646,-39.159876187116296],[-62.31250252181483,-39.20541303104452],[-62.31361977458581,-39.20659051895889],[-62.31584813828985,-39.20572541948818],[-62.31764389002591,-39.20678985594921],[-62.3119098861368,-39.208307602050525],[-62.31454165969723,-39.21239219506648],[-62.30040978588559,-39.21827998882373],[-62.30293017753107,-39.222188454681884],[-62.298982910373056,-39.229307575534975],[-62.29920597077611,-39.2220197095462],[-62.28646782286985,-39.231192848889684],[-62.29305225276681,-39.235184913120094],[-62.28684440773521,-39.234883652546415],[-62.287472798552585,-39.236029110631605],[-62.29197370150015,-39.23763739335482],[-62.268863012693544,-39.23380614063711],[-62.2688319649563,-39.24042171329524],[-62.266946773114604,-39.24070259038725],[-62.25980328743955,-39.232396936702465],[-62.237501154550415,-39.25257278977025],[-62.28275972454082,-39.247885265382486],[-62.289388692242156,-39.24013913201332],[-62.294903934724786,-39.2419876158557],[-62.29539661206861,-39.2378923655464],[-62.28808183374951,-39.235359618684605],[-62.295817996341796,-39.23716304185723],[-62.29791389857448,-39.242152216841276],[-62.32212034159557,-39.249936031565674],[-62.32652455781279,-39.25789473973667],[-62.30767083980702,-39.275919041943894],[-62.28154509734009,-39.267286029045984],[-62.27085975933146,-39.26997135087047],[-62.28829145077512,-39.27792445343675],[-62.26156491823462,-39.272869325006674],[-62.27368022047822,-39.277658574843905],[-62.26430522397106,-39.27733629486023],[-62.27031497572256,-39.28255548539275],[-62.29511714650954,-39.28083475371229],[-62.29630150048559,-39.286696633668626],[-62.265592776668036,-39.28450083341318],[-62.25506073995657,-39.27180332132469],[-62.24345481497069,-39.27528721837881],[-62.25124200529199,-39.2779499467836],[-62.251290625909796,-39.284121306494164],[-62.2368183018968,-39.27546907795371],[-62.22724557706123,-39.28448065574299],[-62.22341328386652,-39.277294499991434],[-62.21731168270751,-39.27885239771925],[-62.217478985201595,-39.287252674327476],[-62.21089779503165,-39.27982241633867],[-62.185962246630766,-39.283906543195094],[-62.19295848591185,-39.285283790830945],[-62.19923075292843,-39.29172223766391],[-62.18505916051489,-39.28932701012376],[-62.197835937498056,-39.3072949546945],[-62.22907325032737,-39.29485094746249],[-62.25143159868993,-39.304917359764914],[-62.25882364253312,-39.29711945654474],[-62.282432683507004,-39.29840907944711],[-62.29502917517891,-39.28850705382155],[-62.2986727411449,-39.294439072725474],[-62.31087891387622,-39.29445344669375],[-62.293191347939604,-39.29630867352955],[-62.27581957022229,-39.3076476734479],[-62.29229901365596,-39.3110276638749],[-62.29006753632731,-39.31836164484431],[-62.29469775483475,-39.31891820730156],[-62.287446167841836,-39.327859419260115],[-62.2839233159419,-39.32218804560607],[-62.25953594661891,-39.32247455103451],[-62.279719377789036,-39.327870409304545],[-62.2819870139248,-39.34017788157965],[-62.27574783123118,-39.34234604221276],[-62.26245815676966,-39.33223152853179],[-62.24534208682655,-39.33333627411106],[-62.240015785299754,-39.34829762514983],[-62.215778670981834,-39.352730422479844],[-62.20597343491414,-39.34266609157405],[-62.16385352956389,-39.35833594323406],[-62.15110289687362,-39.36693543013431],[-62.13381965070517,-39.396936322026775],[-62.067974091423324,-39.43580989222591],[-62.0362060844381,-39.44428753945855],[-62.04080143555087,-39.471300955168],[-62.08936367836336,-39.56869146003322],[-62.111549352058965,-39.64935980931323],[-62.112363306566195,-39.670457509215005],[-62.09779954689082,-39.68271018485922],[-62.09664311617789,-39.69094199015753],[-62.114593262212814,-39.75840331777368],[-62.1088479634953,-39.84752809060761],[-62.119753214252384,-39.84905232703016],[-62.127308531777366,-39.85910634771173],[-62.14634019408421,-39.85757546534703],[-62.16652798811488,-39.83017912964099],[-62.21501161327806,-39.83994601919325],[-62.230609651987734,-39.82736911653515],[-62.23354425049129,-39.816232593035174],[-62.26140908956429,-39.81527330624381],[-62.2996682768252,-39.797212817422796],[-62.33782512039438,-39.80227378389575],[-62.370785963968686,-39.77566165895949],[-62.389114996184354,-39.78079428453303],[-62.39390340289702,-39.771983655620744],[-62.37508596121585,-39.76401370749236],[-62.39757863231086,-39.75361537885012],[-62.392409069031416,-39.74393684355423],[-62.40355195431908,-39.7379209959256],[-62.40891132829032,-39.72501668328507],[-62.43102293600798,-39.72477127684959],[-62.47638555889091,-39.69367219982411],[-62.48656503443038,-39.665614677391474],[-62.47493427429956,-39.65307665879925],[-62.48053964965416,-39.64277298225681],[-62.4750511248378,-39.62824544670081],[-62.491401473949274,-39.619807727315816],[-62.490340113642326,-39.607506619302406],[-62.519525430265475,-39.5948796766309],[-62.537036647146586,-39.57516503010075],[-62.57011124681166,-39.57074351566128],[-62.60110336467859,-39.54988440435747],[-62.61683463936739,-39.548086809923625],[-62.624674444383885,-39.54200194133871],[-62.6207419567606,-39.53307328172858],[-62.626618233569474,-39.52986612208826],[-62.63943679823413,-39.53662052747305],[-62.64516672280962,-39.527948860569204],[-62.677188803130434,-39.52640707148769],[-62.69157044999201,-39.53479042615287],[-62.720242580584944,-39.52801468600855],[-62.73407306851985,-39.51149983890086],[-62.75441155634929,-39.506180760218484],[-62.77038167757065,-39.513385070750374],[-62.78137839734983,-39.50843748998515],[-62.80902943216978,-39.51134143745528],[-62.83967196163446,-39.518986676039944],[-62.84614443597172,-39.52895930703405],[-62.85802468364293,-39.53049501826392],[-62.883290169904825,-39.51156255059047],[-62.908677642156576,-39.50514084069322],[-62.92277515471691,-39.504059053302534],[-62.95882071006896,-39.51756603847178],[-62.97315771937416,-39.503728919576126],[-63.01338295758173,-39.5032756079994],[-63.016958353832415,-39.48569374695674],[-63.02831860000005,-39.49487295378938],[-63.03267753634226,-39.48096839209391],[-63.04681799729417,-39.4864841326296],[-63.072177475266585,-39.478056079283554],[-63.06602269065694,-39.46019233068829],[-63.08346266493807,-39.461808870315885],[-63.09235123436953,-39.4728585914448],[-63.099691281003956,-39.46815453602884],[-63.101333315548246,-39.462065380345194],[-63.090694445352554,-39.459002715485084],[-63.091729777611036,-39.45157860227396],[-63.107368754030844,-39.45669125014082],[-63.11311136105675,-39.451769480960145],[-63.10422058154631,-39.44307183384293],[-63.10184760945074,-39.424406274376324],[-63.11744772777699,-39.417001176947835],[-63.12154367643607,-39.40457172683056],[-63.13665510065112,-39.39372239055424],[-63.14762903843782,-39.394143124083016],[-63.1734539094242,-39.4130206712594],[-63.19892369152635,-39.38769054979152],[-63.219060594857915,-39.386661797653716],[-63.23932377349933,-39.36634594814359],[-63.32307699362686,-39.33572633918901],[-63.38268894264732,-39.329104951464046],[-63.38355979474532,-38.82943597948448],[-62.899668631087216,-38.45666068646655]]]]}},{"type":"Feature","properties":{"partido":"Coronel Rosales","hechos":610,"nivel":"bajo"},"geometry":{"type":"Polygon","coordinates":[[[-61.74017083910163,-38.62831214191569],[-61.73926562483307,-38.63848819951696],[-61.72703282612167,-38.644763424775306],[-61.72939973419199,-38.66861366108425],[-61.722206924719735,-38.67521241467693],[-61.72691496022577,-38.69105290786252],[-61.7154503340294,-38.714321691159256],[-61.72551841557489,-38.73003983552986],[-61.71860851300508,-38.738547415478166],[-61.721898176441854,-38.753223334650095],[-61.69876086748866,-38.781432115310785],[-61.691709243749344,-38.806768427294685],[-61.69977131026109,-38.81647804922934],[-61.693487139627905,-38.826158373766724],[-61.67277671582518,-38.834417747526416],[-61.673579119502065,-38.84353502181942],[-61.6500401882297,-38.866480968132755],[-61.63948653596057,-38.86334066687905],[-61.62386584646026,-38.87900391963911],[-61.57906157508891,-38.88837295893553],[-61.5467749382896,-38.911188739392124],[-61.515553803686515,-38.918153739437],[-61.47429485431046,-38.9456226924461],[-61.444041011199985,-38.93704607697706],[-61.44204373783211,-38.94505496939779],[-61.4578995641203,-38.96074865927983],[-61.448375994690494,-38.96202657833992],[-61.47093991383167,-38.98732835867801],[-61.46698209484673,-38.99520080938636],[-61.55444145785103,-39.00493996682592],[-61.62197094967335,-39.0025757650997],[-61.66738387547011,-38.98932236257007],[-61.69429789171764,-38.9676386922828],[-61.71203052097463,-38.96504477543104],[-61.80686720209131,-38.99204702855948],[-61.83880503026955,-38.97326465622964],[-61.89630722810953,-38.968589469752466],[-61.96016652916082,-38.94843172948538],[-62.01265222553158,-38.94112702448023],[-62.0484382585856,-38.92911661695107],[-62.07003741909735,-38.91324360091496],[-62.04610065334287,-38.919828723785926],[-62.02516818744704,-38.913003652323546],[-62.0274023697746,-38.911918823963674],[-62.044441751758285,-38.91713535597727],[-62.0450411167136,-38.91268970326953],[-62.06762065384167,-38.91014555922714],[-62.072054781573094,-38.91336820740625],[-62.07357270505918,-38.925132716243645],[-62.07496332871884,-38.903698613156486],[-62.091847076324015,-38.89591802077799],[-62.09958868643122,-38.900477945450604],[-62.096037543951944,-38.89632883793295],[-62.101998019656534,-38.88947027768882],[-62.106484859026075,-38.890132884368576],[-62.10190716340403,-38.901166199311106],[-62.10509021718057,-38.89829021098468],[-62.10867111399323,-38.88939548430932],[-62.11021030208406,-38.88301808840262],[-62.103332812530375,-38.88417510174633],[-62.10328308092882,-38.878382838861484],[-62.11057106353249,-38.87860192038136],[-62.10595966571666,-38.86755803923109],[-62.14133493104204,-38.82436147610798],[-62.185177405328616,-38.822679964038606],[-62.06095453882134,-38.71994205908527],[-62.06198518627189,-38.71233267585311],[-62.030219503087274,-38.71418847902649],[-62.012404294717804,-38.706757784196846],[-61.9269630501258,-38.7309104308034],[-61.84793399287855,-38.665362902749614],[-61.81841243148536,-38.68787168994535],[-61.74017083910163,-38.62831214191569]]]}},{"type":"Feature","properties":{"partido":"Berisso","hechos":873,"nivel":"bajo"},"geometry":{"type":"Polygon","coordinates":[[[-57.87422607246984,-34.827160690486714],[-57.863958774660226,-34.84011596603942],[-57.81546828364362,-34.86656681066901],[-57.7720708107677,-34.90064245779938],[-57.7083153347266,-34.93089794600079],[-57.75215753158853,-34.97080974623275],[-57.770753383608515,-34.957029745138875],[-57.803312240074945,-34.964184411591994],[-57.861730159717936,-34.9376633740714],[-57.89590344042563,-34.93043614011169],[-57.931847015957295,-34.90346004192721],[-57.90054456138968,-34.87485570084718],[-57.87422607246984,-34.827160690486714]]]}},{"type":"Feature","properties":{"partido":"Ensenada","hechos":156,"nivel":"bajo"},"geometry":{"type":"Polygon","coordinates":[[[-58.01657847626318,-34.78005652853711],[-58.00836670971347,-34.7810863377721],[-57.95665080972143,-34.82537365921798],[-57.93553397553012,-34.83200486867941],[-57.87731075309197,-34.82820642570811],[-57.9006468406194,-34.874807000934275],[-57.93192676288159,-34.90353412574736],[-57.97460428810708,-34.87236661220325],[-57.99022492599766,-34.87914444312763],[-58.083631612819765,-34.83514512359992],[-58.01657847626318,-34.78005652853711]]]}},{"type":"Feature","properties":{"partido":"San Cayetano","hechos":29,"nivel":"bajo"},"geometry":{"type":"Polygon","coordinates":[[[-59.638384819793146,-38.02609126977117],[-59.62147978529749,-38.04479763569951],[-59.54746493442789,-38.060658882035696],[-59.538113335993,-38.057256604636606],[-59.50876097430435,-38.07911343666651],[-59.44347477570674,-38.0983573831491],[-59.41487792312147,-38.113728931700294],[-59.354307308978605,-38.114639587671554],[-59.303142617840706,-38.1350227792496],[-59.29756308134273,-38.14236785216492],[-59.252154102321214,-38.14693339842662],[-59.24518916195645,-38.15311893452278],[-59.312715572429894,-38.207038040832884],[-59.32504408815497,-38.25300712132214],[-59.35312766371471,-38.303485181926895],[-59.33567685039548,-38.3215354426835],[-59.34016658174104,-38.336428392870545],[-59.315998802890064,-38.38393879825846],[-59.40585378101231,-38.457143037448866],[-59.346408609100514,-38.501660515772045],[-59.335550692617545,-38.501359253719286],[-59.34030690861935,-38.547751501139224],[-59.3797112384844,-38.568500826411146],[-59.44472724395759,-38.588522796260946],[-59.430351456294275,-38.60450880038435],[-59.42091166945935,-38.59574696846341],[-59.404224243090205,-38.59748053374942],[-59.41021404604969,-38.62303358488371],[-59.4046202841632,-38.62946865430172],[-59.39740186669145,-38.627494932294674],[-59.386784366131856,-38.655651893683505],[-59.371116443441935,-38.6594193376468],[-59.36065482502385,-38.69439082204724],[-59.35128684283944,-38.70123087066627],[-59.3549580823228,-38.70873680732624],[-59.330294857086976,-38.72009612502001],[-59.332113437754046,-38.73810620853183],[-59.384031802440695,-38.74696155131431],[-59.39314792594945,-38.75441833644841],[-59.62737121018071,-38.78501461874655],[-59.62677793570999,-38.77001926739201],[-59.635667605556755,-38.76295985410431],[-59.625864862594085,-38.74289704937315],[-59.64755185767742,-38.73598315472913],[-59.653956180994804,-38.70023532599226],[-59.68658120428804,-38.680648992184125],[-59.6914245813031,-38.66213833332622],[-59.70333188423577,-38.65412431695247],[-59.69057029261194,-38.63699319622837],[-59.70499416943324,-38.61251966408287],[-59.701369137892094,-38.60623211377265],[-59.71570525662094,-38.589079887705694],[-59.71717851463456,-38.56019734699288],[-59.733643387049014,-38.53338030108041],[-59.72900769343605,-38.50312893505546],[-59.73366310628713,-38.4889383294084],[-59.76714355770877,-38.51594402196239],[-59.82185797093624,-38.47514881911759],[-59.88635835483668,-38.529329533237906],[-59.936714354906414,-38.4914437378041],[-59.874130568478655,-38.43998523787064],[-59.92952249455435,-38.396505451638355],[-59.94266244920709,-38.40704141563755],[-59.989966943191064,-38.37142129193774],[-59.833518384628434,-38.24223405443277],[-59.83417548478414,-38.23149923221413],[-59.793693964139166,-38.19740194402308],[-59.77587555960488,-38.21025822962838],[-59.753879774635585,-38.19122867978609],[-59.78886487961608,-38.16501689725192],[-59.7667009257943,-38.146242917091065],[-59.77794321531896,-38.137640334307626],[-59.638384819793146,-38.02609126977117]]]}},{"type":"Feature","properties":{"partido":"Tres de Febrero","hechos":5597,"nivel":"medio"},"geometry":{"type":"Polygon","coordinates":[[[-58.62099024689091,-34.545684911242496],[-58.56231363816963,-34.59140516714283],[-58.52236960472293,-34.59766752045898],[-58.53092444952881,-34.61738759518779],[-58.52870641178627,-34.65473123359927],[-58.56671176831314,-34.62590335813336],[-58.57224939557483,-34.628750475841734],[-58.58884335066387,-34.60608043588293],[-58.64639922400951,-34.562878676118615],[-58.62099024689091,-34.545684911242496]]]}},{"type":"Feature","properties":{"partido":"Escobar","hechos":2715,"nivel":"medio"},"geometry":{"type":"Polygon","coordinates":[[[-58.793095741749596,-34.22939707016751],[-58.80330265138604,-34.23633342551648],[-58.77654447923721,-34.27381457483507],[-58.77638191245002,-34.2857443429199],[-58.80010146901627,-34.276734906713706],[-58.80878406698245,-34.28145805101922],[-58.858386812437054,-34.26197936641911],[-58.86422563031111,-34.265754434845014],[-58.863913803035,-34.27723309788239],[-58.87792133671619,-34.27444145449544],[-58.88079346972973,-34.29792146912851],[-58.901071141880244,-34.31089411815625],[-58.81700313244246,-34.415445058080515],[-58.79786277095493,-34.41004248408579],[-58.78828860207431,-34.399631238039994],[-58.778101288532405,-34.40403653267627],[-58.73736447133918,-34.45641263467337],[-58.705685346695205,-34.439384552458556],[-58.7344405592792,-34.402393125060144],[-58.715909010707875,-34.39254286027142],[-58.72135818503666,-34.39008405934101],[-58.70526049012075,-34.37285557264436],[-58.72073498409442,-34.36324350274948],[-58.68081297473189,-34.34721283093526],[-58.649515099142185,-34.2665978950612],[-58.793095741749596,-34.22939707016751]]]}},{"type":"Feature","properties":{"partido":"Hipólito Yrigoyen","hechos":36,"nivel":"bajo"},"geometry":{"type":"Polygon","coordinates":[[[-61.43518180942136,-36.038982069691166],[-61.39340433477367,-36.071812263855904],[-61.33318559343137,-36.02141240774974],[-61.269754559485214,-36.07109810362466],[-61.3459602791256,-36.135249686725075],[-61.3497575231403,-36.13219291650268],[-61.43969224508613,-36.21441891208657],[-61.40609858966041,-36.24096125753795],[-61.76340939104807,-36.52494611718669],[-61.8695699754374,-36.43627863764414],[-61.85996561079064,-36.42852975795639],[-61.91206648892543,-36.3857818826536],[-61.92860795388269,-36.39876620298583],[-61.93787646979252,-36.3911084595854],[-61.95453202055494,-36.404128964853854],[-62.04801591420131,-36.32621342704889],[-62.01496087725284,-36.30064141381262],[-61.974441962977714,-36.333631587122056],[-61.94950879120486,-36.310552043972514],[-61.944325063951496,-36.31492386867589],[-61.93914384459731,-36.31091359318084],[-61.94457395941192,-36.30642490231307],[-61.92117626720926,-36.288428135011216],[-61.944751811091976,-36.268559042264556],[-61.7725544298421,-36.13855907033039],[-61.74243671504662,-36.16207986569555],[-61.70261754271868,-36.129265759434354],[-61.68908129648048,-36.140310037836954],[-61.61637538243127,-36.09158479837585],[-61.5967242950612,-36.10728290127682],[-61.49148720544215,-36.019097816047875],[-61.45004057421933,-36.05171296023252],[-61.43518180942136,-36.038982069691166]]]}},{"type":"Feature","properties":{"partido":"Berazategui","hechos":4312,"nivel":"medio"},"geometry":{"type":"Polygon","coordinates":[[[-58.195199717925064,-34.73599513947324],[-58.26746126940713,-34.77364567362676],[-58.23849555772552,-34.80040845633361],[-58.19991508305268,-34.81377231699349],[-58.179554592145045,-34.86584435761592],[-58.247413495650314,-34.92359185514165],[-58.21165493850773,-34.952284215239146],[-58.20363596022077,-34.945244617579675],[-58.20796790377962,-34.94198286663867],[-58.14776467211115,-34.88755845855548],[-58.01716401448362,-34.77977055884833],[-58.05531615596419,-34.77617954948639],[-58.11282085979788,-34.75166215998226],[-58.16592108891717,-34.74759468644832],[-58.195199717925064,-34.73599513947324]]]}},{"type":"Feature","properties":{"partido":"Capitán Sarmiento","hechos":102,"nivel":"bajo"},"geometry":{"type":"Polygon","coordinates":[[[-59.746272880318166,-33.99944872911335],[-59.75376009424447,-34.01403271282476],[-59.73941117493275,-34.03928422299763],[-59.74038564252489,-34.0484717055909],[-59.70723154471091,-34.093590151843756],[-59.70626213777097,-34.10905435807815],[-59.72227382591641,-34.13106950936862],[-59.675182073824615,-34.16775471709184],[-59.873942618675855,-34.26430051810705],[-59.894587935894194,-34.23690107473818],[-59.96966624373883,-34.28677994698201],[-60.03974175177459,-34.26886851956294],[-59.994842478123786,-34.22351495569469],[-59.98360161402884,-34.19757068090983],[-59.985400696784495,-34.15461083917748],[-59.980007523396274,-34.13309770302498],[-59.990264033875015,-34.10897128724299],[-59.9847876418179,-34.08464212060872],[-59.955832170244605,-34.083993332951295],[-59.92147864713277,-34.07432307362522],[-59.89570104049554,-34.07850939832648],[-59.84392460628089,-34.05301012401531],[-59.81741647250448,-34.02935811091279],[-59.81199760716848,-34.01516379957168],[-59.798970981364604,-34.013972835527696],[-59.79150705479691,-34.02066848836923],[-59.746272880318166,-33.99944872911335]]]}},{"type":"Feature","properties":{"partido":"Salliqueló","hechos":24,"nivel":"bajo"},"geometry":{"type":"Polygon","coordinates":[[[-63.12753701620264,-36.47951127174683],[-62.81318593310075,-36.73426737558235],[-62.970066174638085,-36.86298409640497],[-63.282744366277136,-36.607568292593086],[-63.12753701620264,-36.47951127174683]]]}},{"type":"Feature","properties":{"partido":"La Costa","hechos":1918,"nivel":"bajo"},"geometry":{"type":"Polygon","coordinates":[[[-56.715057345501606,-36.432914233554754],[-56.714994987202886,-36.53321559110397],[-56.741890887887074,-36.53140116043425],[-56.715611747122246,-36.56016414025742],[-56.70090722962708,-36.70535668606572],[-56.70338239549251,-36.775341569005114],[-56.71241952344357,-36.820627471145436],[-56.69792216346315,-36.853884323035025],[-56.71486800636829,-36.88542554487066],[-56.73529209708701,-36.90071390778566],[-56.78127623768726,-36.97604671679809],[-56.79766624385232,-36.99051364474252],[-56.81931790308138,-37.02491532678353],[-56.788827269726454,-37.03457731015673],[-56.68282582262537,-36.90664904540758],[-56.6640732807893,-36.87563601290299],[-56.67509971091182,-36.8241659278177],[-56.671419109651254,-36.715042675928686],[-56.698990418517795,-36.40917332486084],[-56.713284672275314,-36.362270698328864],[-56.7331735444737,-36.32579576410673],[-56.74982220002694,-36.307334185663336],[-56.783117733313226,-36.2930459814079],[-56.77229558519951,-36.32520875197658],[-56.75679863156596,-36.3336446521877],[-56.75281664859602,-36.33799719606015],[-56.76349400076384,-36.331756052072635],[-56.76885646549257,-36.332532544039815],[-56.762063186173364,-36.33805395402508],[-56.77592965650127,-36.338299970526755],[-56.7415165655432,-36.36450536742971],[-56.72726587294956,-36.36652906566056],[-56.73164220359545,-36.36618763448037],[-56.739364617140545,-36.388594656220825],[-56.715057345501606,-36.432914233554754]]]}},{"type":"Feature","properties":{"partido":"Pinamar","hechos":1012,"nivel":"bajo"},"geometry":{"type":"Polygon","coordinates":[[[-56.82004407547521,-37.02272531452087],[-56.89597939816632,-37.11289172679834],[-56.94993518165294,-37.18443597800843],[-56.908131675042505,-37.1891429396197],[-56.90067133640836,-37.18090578062198],[-56.790019950171406,-37.03240401452552],[-56.82004407547521,-37.02272531452087]]]}},{"type":"Feature","properties":{"partido":"Villa Gesell","hechos":1299,"nivel":"bajo"},"geometry":{"type":"Polygon","coordinates":[[[-56.949546973505875,-37.1845771132778],[-56.99198746170992,-37.23700434203706],[-57.04021665648815,-37.23181436342203],[-57.04126753824345,-37.2360396336392],[-56.99357649832084,-37.24126807608368],[-57.013619638967405,-37.273400928264856],[-57.106378898165964,-37.37991798814611],[-57.163379527901334,-37.485747138058095],[-57.211205804205726,-37.533097695909504],[-57.18668999833098,-37.55039293580884],[-57.13366365660347,-37.50386379903397],[-57.08727017628139,-37.44816256954518],[-57.010911637899866,-37.32001130892078],[-56.908131675042505,-37.1891429396197],[-56.949546973505875,-37.1845771132778]]]}},{"type":"Feature","properties":{"partido":"Monte Hermoso","hechos":168,"nivel":"bajo"},"geometry":{"type":"Polygon","coordinates":[[[-61.343641728137456,-38.914127640887195],[-61.314896056089246,-38.94628058833038],[-61.27081058191383,-38.94886534964888],[-61.16656936116171,-38.92662344073157],[-61.13815735074334,-38.92739818130498],[-61.1037330900295,-38.97683300864309],[-61.116674571798065,-38.9795687399737],[-61.11662903259884,-38.990252061016434],[-61.10285409031244,-38.99427167572195],[-61.16126565377916,-39.00232799866495],[-61.349356393651384,-38.989775447674226],[-61.455760323732434,-38.996454670955664],[-61.45365034692173,-38.924515249828204],[-61.440926838118706,-38.918258856237216],[-61.433800097204475,-38.92390951053298],[-61.42221237243729,-38.914632903642534],[-61.39621615463871,-38.920834649956944],[-61.387495282795854,-38.91332457628191],[-61.343641728137456,-38.914127640887195]]]}},{"type":"Feature","properties":{"partido":"Tres Lomas","hechos":47,"nivel":"bajo"},"geometry":{"type":"Polygon","coordinates":[[[-62.93960638206338,-36.24846716042156],[-62.62683794649928,-36.50196653155736],[-62.60728842168572,-36.5613768784717],[-62.682832535936065,-36.62070444403774],[-62.675679724077874,-36.62648014712731],[-62.809641392918756,-36.73712152896483],[-63.1281733421669,-36.47963581621612],[-63.04851993100033,-36.41554396034817],[-63.06951121719806,-36.39820900550645],[-63.03008201605916,-36.36646586648849],[-63.03936229177108,-36.358875977166704],[-62.95925018926435,-36.29616679778573],[-62.97891890850404,-36.280192894678784],[-62.956587611162355,-36.26214462232649],[-62.93960638206338,-36.24846716042156]]]}},{"type":"Feature","properties":{"partido":"Florentino Ameghino","hechos":86,"nivel":"bajo"},"geometry":{"type":"Polygon","coordinates":[[[-62.584849038612326,-34.61068968438496],[-62.59472015506798,-34.65018798938584],[-62.622173136207536,-34.63249710004374],[-62.60672200151494,-34.9967103207205],[-62.64216239080845,-34.99698886180156],[-62.5485544491369,-35.07387223078604],[-62.4714451842265,-35.01065678042589],[-62.28518527777052,-35.163819447171576],[-62.16696382136492,-35.066654450918406],[-62.18611267117044,-35.05022650154447],[-62.105299770843764,-34.98421604707534],[-62.185214511909216,-34.91780170893776],[-62.205566975368626,-34.89012979673117],[-62.220679106281295,-34.89134425490365],[-62.222603777489084,-34.854790403118976],[-62.283073806222234,-34.85677851798346],[-62.285623664429465,-34.813537519057576],[-62.305067383283216,-34.81282757550459],[-62.24024987392848,-34.76204535596066],[-62.26381789086779,-34.74306916355589],[-62.188196481706626,-34.68272718113989],[-62.584849038612326,-34.61068968438496]]]}},{"type":"Feature","properties":{"partido":"Presidente Perón","hechos":914,"nivel":"bajo"},"geometry":{"type":"Polygon","coordinates":[[[-58.396445202190435,-34.90988116183256],[-58.34629788155452,-34.885034452855486],[-58.34210022788152,-34.89071104694732],[-58.31247733986608,-34.874852045327465],[-58.27460698694635,-34.9170601483312],[-58.294059163410225,-34.91531522851591],[-58.378006755057406,-34.95578639488867],[-58.377620118835765,-34.95049278541023],[-58.39461611813676,-34.958877830398315],[-58.389583999935574,-34.96580078422683],[-58.401654350196125,-34.97439027689423],[-58.40833110367997,-34.97787000375208],[-58.41196076680551,-34.97346428559124],[-58.42162170103807,-34.98190861863936],[-58.43038085534666,-34.97806047974177],[-58.46901369429973,-35.011018321497595],[-58.463283513413195,-34.951330203742735],[-58.49185954288213,-34.92763235395797],[-58.42239876349557,-34.886191807598614],[-58.41304192432251,-34.873576081332004],[-58.40879200022255,-34.87945762023926],[-58.4159429211042,-34.883020683088226],[-58.396445202190435,-34.90988116183256]]]}},{"type":"Feature","properties":{"partido":"Ezeiza","hechos":2141,"nivel":"bajo"},"geometry":{"type":"Polygon","coordinates":[[[-58.510240825870326,-34.90183296499362],[-58.50285216218719,-34.854959131608574],[-58.51386460562111,-34.799630302539995],[-58.52445765089657,-34.779966371740784],[-58.5217064872743,-34.740761101971124],[-58.53874898585508,-34.746805449730104],[-58.53750737571624,-34.756953339390975],[-58.54588234105686,-34.75889234249306],[-58.55179636093807,-34.750674583333975],[-58.56820365689985,-34.758532016603105],[-58.567679877176246,-34.765543439054596],[-58.57494039565576,-34.768283576689136],[-58.57226704252506,-34.77496581457439],[-58.58661640681871,-34.78013704907884],[-58.5944787495298,-34.80557264239209],[-58.61550611095563,-34.81852710049803],[-58.65028852603907,-34.89084888712278],[-58.6277332464896,-34.91972279706194],[-58.61039670486722,-34.92523640457752],[-58.599054063409405,-34.942952141509906],[-58.620151124744886,-34.960740697809435],[-58.55626292102266,-35.007035918772054],[-58.54915418316455,-34.97977650615005],[-58.5543266396919,-34.97525218887484],[-58.49153724135316,-34.92829692598959],[-58.510240825870326,-34.90183296499362]]]}},{"type":"Feature","properties":{"partido":"San Miguel","hechos":2312,"nivel":"bajo"},"geometry":{"type":"Polygon","coordinates":[[[-58.701303369129995,-34.53287007865492],[-58.72098454330475,-34.518272309540144],[-58.75322361190841,-34.5488776511803],[-58.76148467942441,-34.5471077881101],[-58.776939611555555,-34.55791686267878],[-58.71222565044322,-34.6040334753161],[-58.6845432073084,-34.58822096785358],[-58.67085629299812,-34.57279308380753],[-58.61325431895484,-34.54329747655],[-58.60766784132664,-34.53358478814626],[-58.645666764143634,-34.502635047050575],[-58.701303369129995,-34.53287007865492]]]}},{"type":"Feature","properties":{"partido":"José C. Paz","hechos":4249,"nivel":"medio"},"geometry":{"type":"Polygon","coordinates":[[[-58.81225772779845,-34.4817904083633],[-58.823584179760324,-34.50821451508899],[-58.775916224293645,-34.557166125212355],[-58.76150985139785,-34.547099931086045],[-58.75325258921956,-34.548833869928835],[-58.72104696156555,-34.518292432855375],[-58.82170819727841,-34.45220370201039],[-58.81225772779845,-34.4817904083633]]]}},{"type":"Feature","properties":{"partido":"Malvinas Argentinas","hechos":4009,"nivel":"medio"},"geometry":{"type":"Polygon","coordinates":[[[-58.75238141593233,-34.46721345776485],[-58.75611972219978,-34.46232801172884],[-58.77024189116113,-34.464789734502205],[-58.7845898430731,-34.47602853671844],[-58.7606783858072,-34.49514586347481],[-58.729189541466454,-34.5081824182231],[-58.701303369129995,-34.53287007865492],[-58.64662661931655,-34.50142992183302],[-58.6780212969803,-34.47473351372915],[-58.70556332704122,-34.43931078946044],[-58.75238141593233,-34.46721345776485]]]}},{"type":"Feature","properties":{"partido":"Punta Indio","hechos":66,"nivel":"bajo"},"geometry":{"type":"Polygon","coordinates":[[[-57.30422514046048,-35.198594632464975],[-57.22197493888285,-35.27368861903123],[-57.14603489101283,-35.392176776186034],[-57.130023332576826,-35.423597203923684],[-57.12836779315597,-35.44023728424411],[-57.15177401523535,-35.49566110211593],[-57.24279022285764,-35.585989566640926],[-57.34345242717386,-35.71512283182472],[-57.3635935624656,-35.709018064160354],[-57.3809227914833,-35.7128491191464],[-57.37739843451536,-35.70158410647698],[-57.38236647597362,-35.694616862830685],[-57.3695333303465,-35.68798496529668],[-57.37384963204514,-35.68359285380668],[-57.36586746435047,-35.67743200354258],[-57.374421162478505,-35.67413912079987],[-57.37365282003589,-35.679727692217455],[-57.383423547152546,-35.67972047031225],[-57.38685791179054,-35.67065655506883],[-57.41041406425809,-35.6646351869465],[-57.418119333895795,-35.654766250235255],[-57.412571264013344,-35.651903500187366],[-57.41601976461455,-35.645047979285465],[-57.438535753180425,-35.637140689018985],[-57.43655340195697,-35.62404430292594],[-57.428583141969575,-35.62546621992759],[-57.42635754417954,-35.61579116078705],[-57.44718273967807,-35.60940398695892],[-57.46305858290346,-35.595672443477156],[-57.45192256376285,-35.564322709585454],[-57.45850228838365,-35.55676245714359],[-57.450818209448194,-35.55471441472881],[-57.45354612031326,-35.54449994018442],[-57.43525402697473,-35.518227219159506],[-57.45020272918268,-35.50533492146456],[-57.46990322814342,-35.500573041653304],[-57.461671399856925,-35.49407424385005],[-57.48086049336047,-35.487541468361854],[-57.477419097580395,-35.48381867195061],[-57.487881251111084,-35.46985308046209],[-57.48655881398545,-35.46115619571046],[-57.49324122088053,-35.472058403065134],[-57.51048960356718,-35.46719883274315],[-57.521248406448876,-35.47351229782996],[-57.55083238093991,-35.469702787907714],[-57.55739241686032,-35.45619561040677],[-57.60797211292824,-35.45879013512905],[-57.629426666470515,-35.46992189735899],[-57.67074601927246,-35.463502045439746],[-57.68793478382953,-35.484713303900236],[-57.74539321830256,-35.47346407219632],[-57.742820769099,-35.46867870169496],[-57.75526287034579,-35.46016446203495],[-57.766312454588146,-35.463684822693246],[-57.77062568905155,-35.43982017975319],[-57.796396344872214,-35.445248991189175],[-57.758665032308414,-35.40528377477149],[-57.7268025862215,-35.34930002111583],[-57.6826616484631,-35.37679705577022],[-57.67080207447935,-35.36625261569038],[-57.681481744113,-35.35832743285461],[-57.66406272990461,-35.34271291499966],[-57.63949277058259,-35.35599705598074],[-57.61281826191009,-35.33349572122634],[-57.631441917647685,-35.319586551435215],[-57.637091929744656,-35.3248355617362],[-57.64073689481487,-35.32201908878641],[-57.6351275348664,-35.31685583347892],[-57.667608041009586,-35.29326382383583],[-57.63298150343136,-35.260863886362415],[-57.60291447409324,-35.269181343484036],[-57.60793964622324,-35.27395691695311],[-57.58079816287723,-35.29456390765278],[-57.60160313779754,-35.36209258720161],[-57.58829674723812,-35.3504520505772],[-57.57134443341447,-35.363428834315705],[-57.503155023673436,-35.30201039331183],[-57.54885960092558,-35.29666045476131],[-57.492324347450335,-35.24402623453221],[-57.45954649649485,-35.26719537058179],[-57.42505973035275,-35.23506246806566],[-57.40329971853501,-35.25094622637686],[-57.30422514046048,-35.198594632464975]]]}},{"type":"Feature","properties":{"partido":"Hurlingham","hechos":1777,"nivel":"bajo"},"geometry":{"type":"Polygon","coordinates":[[[-58.64637923904922,-34.562780657150924],[-58.61652988598438,-34.588000762210044],[-58.62139218436594,-34.63224654449259],[-58.653978787580066,-34.63002532694508],[-58.69399971025955,-34.593687534596576],[-58.67068184290155,-34.573059428488456],[-58.64637923904922,-34.562780657150924]]]}},{"type":"Feature","properties":{"partido":"Ituzaingó","hechos":2571,"nivel":"bajo"},"geometry":{"type":"Polygon","coordinates":[[[-58.72897468315659,-34.63480716647667],[-58.71708054917958,-34.60741443459965],[-58.693810062315606,-34.5935548073047],[-58.6538544996253,-34.63026019880616],[-58.66742038511908,-34.68603557322002],[-58.72897468315659,-34.63480716647667]]]}},{"type":"Feature","properties":{"partido":"Lezama","hechos":34,"nivel":"bajo"},"geometry":{"type":"Polygon","coordinates":[[[-57.861831424015755,-35.68675744444133],[-57.83482015785652,-35.699884352477596],[-57.74588172328959,-35.767707312323225],[-57.68731009733201,-35.77856185136392],[-57.61197903014673,-35.777250793797826],[-57.54379200312157,-35.80557865985272],[-57.49037857298155,-35.81133966831675],[-57.488967513186324,-35.82630115326707],[-57.51252532143506,-35.82448351122767],[-57.52396969050396,-35.829746051681454],[-57.52959123370223,-35.84173247294051],[-57.545393461618225,-35.84772779293057],[-57.556349707134615,-35.84444797255929],[-57.567048413290486,-35.856985445734416],[-57.573140506817374,-35.8560555438181],[-57.57904090444713,-35.83735180983766],[-57.588030733016076,-35.830725308158],[-57.649279543688685,-35.83699282415054],[-57.65626575906612,-35.85005887212207],[-57.682256500612276,-35.83153058882818],[-57.70765523495382,-35.832282867694836],[-57.71361572959176,-35.84175637388824],[-57.713287212164424,-35.87195934572405],[-57.73256467461105,-35.894331031023604],[-57.723534218705346,-35.91346140789333],[-57.73281571538076,-35.924213597885014],[-57.759624413833784,-35.92144222832259],[-57.77549003610016,-35.93490576920295],[-57.8305528461777,-35.94277620498463],[-57.84644082333098,-35.96154036754356],[-57.89428419471849,-35.975742573345435],[-57.904089026612716,-35.973552122587726],[-57.916160018367634,-35.98950776545879],[-57.94419323673441,-35.98924815685263],[-57.95071438245822,-36.00171296091249],[-57.94642865789656,-36.0134614456415],[-57.955632778091434,-36.028913028639884],[-57.983257418598626,-36.0289279302945],[-57.98619220809417,-36.02523085639141],[-57.97726532040407,-36.02086235756377],[-57.98193225734476,-36.01684922064151],[-58.01134203863702,-36.04262082764374],[-58.026526112344314,-36.03092660237366],[-58.03474148276815,-36.00228556862803],[-58.00814186299984,-35.96054501217685],[-58.01488264253611,-35.94572472992929],[-58.091211100416885,-35.94994614036471],[-58.08910179090705,-35.938492573330585],[-58.109826248335516,-35.935554088893],[-58.10251790484093,-35.921674071366844],[-58.11986044855348,-35.91870296958388],[-58.13810718832069,-35.90511294036968],[-58.135509864253585,-35.89595657520516],[-58.148480678179695,-35.88602622212554],[-58.14259405154398,-35.879180824985525],[-58.14722843548186,-35.86657451622096],[-58.16495737579048,-35.867617610576325],[-58.16389563411612,-35.84889139228161],[-58.13789193434864,-35.82563893345156],[-58.14579820907338,-35.81970645932309],[-58.13174912503352,-35.80306702415887],[-58.09686503984993,-35.77503610803431],[-58.08003551197246,-35.786897755188946],[-58.073753301693046,-35.77521220174926],[-58.070260082574436,-35.77773739408923],[-58.045543098660744,-35.75630999138832],[-58.0360789868939,-35.76169125316514],[-58.01161550426204,-35.73970402263875],[-57.98049588406655,-35.757188330821236],[-57.898832146665505,-35.69116402807115],[-57.88720165513337,-35.69927691752091],[-57.87355067575319,-35.687739046940074],[-57.86803263907821,-35.69198407205071],[-57.861831424015755,-35.68675744444133]]]}},{"type":"Feature","properties":{"partido":"Islas Baradero","hechos":267,"nivel":"bajo"},"geometry":{"type":"Polygon","coordinates":[[[-59.479511163220025,-33.662275579528426],[-59.51060062912234,-33.67730845456139],[-59.51218885301741,-33.67321729577587],[-59.562576846498644,-33.75937189073464],[-59.512142720526484,-33.77602315163637],[-59.504777842998735,-33.794241546921754],[-59.465980394927605,-33.82233078287508],[-59.41585536985714,-33.82638631006084],[-59.37078294325795,-33.84438467606831],[-59.338046947357775,-33.883474812145614],[-59.29733200721572,-33.907965990042946],[-59.26054053885268,-33.94157667277116],[-59.25208901232716,-33.930507256668854],[-59.22837996489235,-33.925027177495046],[-59.240136155270655,-33.89625759494477],[-59.302738989122,-33.85285278513398],[-59.28917147369958,-33.826279920691995],[-59.229722430451616,-33.81395325442468],[-59.25258029571495,-33.80429985030577],[-59.26120359727184,-33.79204606554208],[-59.23733392131711,-33.74302412175842],[-59.24072358136657,-33.73291486966916],[-59.25658593191504,-33.727585730395546],[-59.28803743323082,-33.73383944518449],[-59.31225728702137,-33.72993743246515],[-59.35055112969068,-33.73449473581167],[-59.359791978296876,-33.742932256197925],[-59.39790141122378,-33.7443346756378],[-59.46245595083577,-33.71760046806999],[-59.479511163220025,-33.662275579528426]]]}},{"type":"Feature","properties":{"partido":"Islas Campana","hechos":1465,"nivel":"bajo"},"geometry":{"type":"Polygon","coordinates":[[[-58.966045962256075,-33.96058061413297],[-58.84953139299311,-33.957611349571195],[-58.77949600769736,-33.94456610598883],[-58.761793177623865,-33.9475362157737],[-58.73686145844948,-33.95796351955852],[-58.675329365597655,-34.02549308624878],[-58.80458405420767,-34.08124990871356],[-58.80367476211424,-34.0899471246115],[-58.76384976959991,-34.12647426063595],[-58.76842665830727,-34.131770118022],[-58.76455594847987,-34.14412124397807],[-58.746790116532104,-34.15441233815887],[-58.746700131101065,-34.16550654921293],[-58.691399762586606,-34.172432369971496],[-58.69435646074629,-34.20058951619977],[-58.710837492347295,-34.21909701737748],[-58.71215182072383,-34.24890170383205],[-58.793095741749596,-34.22939707016751],[-58.803081574626646,-34.236148638959705],[-58.77641128397307,-34.27415677424192],[-58.776055017884545,-34.28528081596207],[-58.79757121820172,-34.27712745972117],[-58.80899239241211,-34.281201008625054],[-58.85507210844775,-34.26253004640298],[-58.85155590688044,-34.25762944677302],[-58.874592711301645,-34.2244724088024],[-58.93112722527519,-34.173219493143],[-58.91744070530318,-34.15615906748671],[-58.931061611509776,-34.14930924417005],[-58.96934308779628,-34.15000812355024],[-58.98384175750591,-34.1373792406358],[-58.973315443698354,-34.129096424182556],[-58.97371034702226,-34.11756961229383],[-59.009521421153664,-34.09907082119283],[-59.00053618637084,-34.08785294562206],[-58.966045962256075,-33.96058061413297]]]}},{"type":"Feature","properties":{"partido":"Islas de Zárate","hechos":1557,"nivel":"bajo"},"geometry":{"type":"Polygon","coordinates":[[[-58.966045962256075,-33.96058061413297],[-59.00053618637084,-34.08785294562206],[-59.009521421153664,-34.09907082119283],[-59.04432323578608,-34.042702669248186],[-59.097671141858136,-34.0399513370117],[-59.1109975394714,-34.02450897326716],[-59.14743836902806,-34.00362172541422],[-59.13993075748028,-33.992279699966794],[-59.174366296529584,-33.97360317464428],[-59.18231595459291,-33.9586762744993],[-59.20753238363393,-33.961139236694834],[-59.21478405258568,-33.95182096379894],[-59.25684615387653,-33.945434350251304],[-59.25560667325048,-33.93291469560123],[-59.23340794281511,-33.92800616207413],[-59.22775037515696,-33.92011062402594],[-59.240136155270655,-33.89625759494477],[-59.297518515406566,-33.859156279432256],[-59.30208976853694,-33.84662541430614],[-59.293022124606836,-33.829253035661885],[-59.27636142512162,-33.82025676174991],[-59.180190474373774,-33.80673018814067],[-59.16897889517246,-33.811008888286],[-59.14708008814176,-33.83984737012026],[-59.129884540506616,-33.850303687404946],[-59.06759160222485,-33.83408897554275],[-59.04518117846648,-33.835115209642524],[-59.02247968401253,-33.84805654858713],[-59.00102615760659,-33.83882383668355],[-58.97807207561207,-33.86816418478446],[-58.93913800451629,-33.87345786819862],[-58.89859814078227,-33.89157154396788],[-58.8749076199625,-33.92873500912193],[-58.83697463268829,-33.95312689666345],[-58.93347969900927,-33.95737129054989],[-58.955004654675186,-33.963954183007864],[-58.966045962256075,-33.96058061413297]]]}},{"type":"Feature","properties":{"partido":"Islas Tigre","hechos":4047,"nivel":"medio"},"geometry":{"type":"Polygon","coordinates":[[[-58.649515099142185,-34.2665978950612],[-58.520399756115424,-34.30112266318252],[-58.48150292614789,-34.322871943117974],[-58.459576871166334,-34.324787030711065],[-58.4369367877087,-34.30088252878507],[-58.43346716048948,-34.33481283354871],[-58.4413901150394,-34.38665883340232],[-58.454177309905965,-34.394860431164965],[-58.468816154156286,-34.425862184799534],[-58.489199178267874,-34.44407032620925],[-58.529297670576895,-34.44185721605614],[-58.68466820239952,-34.35299240222552],[-58.649515099142185,-34.2665978950612]]]}},{"type":"Feature","properties":{"partido":"Islas Ramallo","hechos":304,"nivel":"bajo"},"geometry":{"type":"Polygon","coordinates":[[[-59.820669172419045,-33.58237969556577],[-59.83572894399634,-33.57738955692295],[-59.83984337591138,-33.56757020575928],[-59.89737426086296,-33.52945820407627],[-59.90888714112942,-33.50918929621441],[-59.97491244812156,-33.492691689386135],[-59.99926044524533,-33.47009093489949],[-60.086082593689,-33.420538655083945],[-60.09450550944217,-33.41382368953415],[-60.09371704881908,-33.400825578292505],[-60.12823756332742,-33.369414351968565],[-60.0891260348786,-33.37655121294982],[-60.07765019218771,-33.40971896150004],[-60.03698831313359,-33.423581166671454],[-60.0269365950079,-33.447210456904166],[-60.00992999372086,-33.45899244624963],[-59.9293495514961,-33.47263128150977],[-59.91631766589028,-33.47808474745016],[-59.90286023815131,-33.4985557149461],[-59.82492015502982,-33.528903185222035],[-59.80523105252833,-33.560374196368],[-59.81401141727965,-33.59302377550791],[-59.820669172419045,-33.58237969556577]]]}},{"type":"Feature","properties":{"partido":"Islas San Fernando","hechos":1295,"nivel":"bajo"},"geometry":{"type":"Polygon","coordinates":[[[-58.39704342419874,-34.00791698828891],[-58.361919329543774,-34.02042604316203],[-58.33511571818802,-34.043538761443735],[-58.33586393336634,-34.081228623189766],[-58.34761677675908,-34.12166165360124],[-58.34519038467203,-34.14704746315525],[-58.354469754584606,-34.166704365008655],[-58.354147315899226,-34.21646665649801],[-58.36261379356436,-34.228620221870486],[-58.39254628283936,-34.23356174246925],[-58.38132171631331,-34.23994776249623],[-58.389401505904594,-34.26259186433635],[-58.424318794374976,-34.281546968826724],[-58.459605238276474,-34.32482209009968],[-58.491858239113455,-34.31984161638633],[-58.520399756115424,-34.30112266318252],[-58.549101845560656,-34.29710549830256],[-58.597237661732564,-34.27765300950113],[-58.71215182072383,-34.24890170383205],[-58.710837492347295,-34.21909701737748],[-58.69435646074629,-34.20058951619977],[-58.691399762586606,-34.172432369971496],[-58.746700131101065,-34.16550654921293],[-58.746790116532104,-34.15441233815887],[-58.76455594847987,-34.14412124397807],[-58.76842665830727,-34.131770118022],[-58.76384976959991,-34.12647426063595],[-58.804749955099,-34.08751521589455],[-58.80402811216778,-34.08077664801958],[-58.675329365597655,-34.02549308624878],[-58.642204281914104,-34.040452921682366],[-58.612052239532204,-34.03989434040387],[-58.48138144452194,-34.00250128883425],[-58.39704342419874,-34.00791698828891]]]}},{"type":"Feature","properties":{"partido":"Islas de San Nicolas","hechos":2280,"nivel":"bajo"},"geometry":{"type":"Polygon","coordinates":[[[-60.255182847126186,-33.26897459470188],[-60.20063418352224,-33.301160025177104],[-60.19023356817776,-33.31566098282259],[-60.18932154339023,-33.341053377751074],[-60.22190615968741,-33.320781092923525],[-60.255182847126186,-33.26897459470188]]]}},{"type":"Feature","properties":{"partido":"Islas San Pedro","hechos":1416,"nivel":"bajo"},"geometry":{"type":"Polygon","coordinates":[[[-59.80346563692319,-33.59983240835858],[-59.7309091989235,-33.65197241219606],[-59.65501223354592,-33.67301482689905],[-59.63063172927125,-33.69204873868939],[-59.62521705427417,-33.70810964083233],[-59.605762834458055,-33.72619893194475],[-59.6052366682634,-33.7406089018415],[-59.564888255547096,-33.75909066024347],[-59.51218885301741,-33.67321729577587],[-59.51060062912234,-33.67730845456139],[-59.479511163220025,-33.662275579528426],[-59.49603384906627,-33.639278760040234],[-59.52592602639341,-33.632413847207395],[-59.54608211767316,-33.64549457648772],[-59.55729064258789,-33.66679805323468],[-59.57636635627607,-33.673909953005364],[-59.59760854795526,-33.691959490086994],[-59.621522247455516,-33.693572139563564],[-59.63377720668523,-33.67833872644776],[-59.63729609194948,-33.64073552055003],[-59.68180563423857,-33.61135285077482],[-59.720126325602166,-33.60435362077433],[-59.77382045482418,-33.60798926943713],[-59.80346563692319,-33.59983240835858]]]}}]}